primitive_id,industry,task,fold_id,baseline_name,candidate_event_count,baseline_event_count,candidate_positive_rate,baseline_positive_rate,lift
E10P_41657599f0942ef0,电子,failure_reject,fold_2020,candidate_scope_weighted_baseline,144,1027,0.20034340927014338,0.4527456393373958,0.44250765079339205
E10P_41657599f0942ef0,电子,failure_reject,fold_2021,candidate_scope_weighted_baseline,0,1200,,0.5736149640457191,
E10P_41657599f0942ef0,电子,failure_reject,fold_2022,candidate_scope_weighted_baseline,198,1039,0.8850712009184636,0.7023441613397531,1.2601673789530057
E10P_41657599f0942ef0,电子,failure_reject,fold_2023,candidate_scope_weighted_baseline,782,1043,0.4555446978549424,0.44445076643134734,1.024960990646213
E10P_f46eee6116c63ab8,电子,failure_reject,fold_2020,candidate_scope_weighted_baseline,13,1027,0.3602253740326507,0.4527456393373958,0.7956462585920192
E10P_f46eee6116c63ab8,电子,failure_reject,fold_2021,candidate_scope_weighted_baseline,0,1200,,0.5736149640457191,
E10P_f46eee6116c63ab8,电子,failure_reject,fold_2022,candidate_scope_weighted_baseline,1,1039,1.0,0.7023441613397531,1.4238033930437395
E10P_f46eee6116c63ab8,电子,failure_reject,fold_2023,candidate_scope_weighted_baseline,939,1043,0.4415541083642846,0.44445076643134734,0.9934826120555016
E10P_e6f52d9324c6a727,电子,failure_reject,fold_2020,candidate_scope_weighted_baseline,13,1027,0.3602253740326507,0.4527456393373958,0.7956462585920192
E10P_e6f52d9324c6a727,电子,failure_reject,fold_2021,candidate_scope_weighted_baseline,0,1200,,0.5736149640457191,
E10P_e6f52d9324c6a727,电子,failure_reject,fold_2022,candidate_scope_weighted_baseline,1,1039,1.0,0.7023441613397531,1.4238033930437395
E10P_e6f52d9324c6a727,电子,failure_reject,fold_2023,candidate_scope_weighted_baseline,878,1043,0.4473657965469447,0.44445076643134734,1.006558724465711
E10P_cf61e9054d156ad0,电子,failure_reject,fold_2020,candidate_scope_weighted_baseline,203,1027,0.22324894578704532,0.4527456393373958,0.4931001568867136
E10P_cf61e9054d156ad0,电子,failure_reject,fold_2021,candidate_scope_weighted_baseline,0,1200,,0.5736149640457191,
E10P_cf61e9054d156ad0,电子,failure_reject,fold_2022,candidate_scope_weighted_baseline,452,1039,0.7480579642391744,0.7023441613397531,1.0650874676771287
E10P_cf61e9054d156ad0,电子,failure_reject,fold_2023,candidate_scope_weighted_baseline,938,1043,0.44152127261547996,0.44445076643134734,0.9934087326715862
E10P_f8bf03977ccb0605,电子,failure_reject,fold_2020,candidate_scope_weighted_baseline,561,1027,0.4632559857263211,0.4527456393373958,1.0232146827616218
E10P_f8bf03977ccb0605,电子,failure_reject,fold_2021,candidate_scope_weighted_baseline,595,1200,0.7085195197082574,0.5736149640457191,1.2351831178026693
E10P_f8bf03977ccb0605,电子,failure_reject,fold_2022,candidate_scope_weighted_baseline,528,1039,0.7229091593089243,0.7023441613397531,1.0292805138864436
E10P_f8bf03977ccb0605,电子,failure_reject,fold_2023,candidate_scope_weighted_baseline,199,1043,0.7002285558707352,0.44445076643134734,1.575491840171901
E10P_e29a233d92b7b379,电子,failure_reject,fold_2020,candidate_scope_weighted_baseline,99,1027,0.15762876681394225,0.4527456393373958,0.3481618664392566
E10P_e29a233d92b7b379,电子,failure_reject,fold_2021,candidate_scope_weighted_baseline,0,1200,,0.5736149640457191,
E10P_e29a233d92b7b379,电子,failure_reject,fold_2022,candidate_scope_weighted_baseline,171,1039,0.7443631885816528,0.7023441613397531,1.059826833559414
E10P_e29a233d92b7b379,电子,failure_reject,fold_2023,candidate_scope_weighted_baseline,946,1043,0.4399576140022381,0.44445076643134734,0.9898905508360659
E10P_bb42a0750e30134b,电子,failure_reject,fold_2020,candidate_scope_weighted_baseline,440,1027,0.46738981755564984,0.4527456393373958,1.0323452661845316
E10P_bb42a0750e30134b,电子,failure_reject,fold_2021,candidate_scope_weighted_baseline,492,1200,0.546093186282561,0.5736149640457191,0.9520204675815177
E10P_bb42a0750e30134b,电子,failure_reject,fold_2022,candidate_scope_weighted_baseline,460,1039,0.7232670099019706,0.7023441613397531,1.0297900227750256
E10P_bb42a0750e30134b,电子,failure_reject,fold_2023,candidate_scope_weighted_baseline,409,1043,0.4753627109174723,0.44445076643134734,1.0695508857692562
E10P_142a778df32a23ea,电子,failure_reject,fold_2020,candidate_scope_weighted_baseline,482,1027,0.39815551334930976,0.4527456393373958,0.8794242920418184
E10P_142a778df32a23ea,电子,failure_reject,fold_2021,candidate_scope_weighted_baseline,714,1200,0.5534294284982538,0.5736149640457191,0.9648099564817901
E10P_142a778df32a23ea,电子,failure_reject,fold_2022,candidate_scope_weighted_baseline,736,1039,0.6625578907625896,0.7023441613397531,0.9433521729556784
E10P_142a778df32a23ea,电子,failure_reject,fold_2023,candidate_scope_weighted_baseline,537,1043,0.634042552219614,0.44445076643134734,1.426575450213679
E10P_9c79e23c5fca0637,电子,failure_reject,fold_2020,candidate_scope_weighted_baseline,3,1027,0.5125538577481583,0.4527456393373958,1.1321011473424532
E10P_9c79e23c5fca0637,电子,failure_reject,fold_2021,candidate_scope_weighted_baseline,0,1200,,0.5736149640457191,
E10P_9c79e23c5fca0637,电子,failure_reject,fold_2022,candidate_scope_weighted_baseline,1,1039,1.0,0.7023441613397531,1.4238033930437395
E10P_9c79e23c5fca0637,电子,failure_reject,fold_2023,candidate_scope_weighted_baseline,928,1043,0.45133252121963474,0.44445076643134734,1.0154837280258135
E10P_ef521a3405e83c04,电子,failure_reject,fold_2020,candidate_scope_weighted_baseline,436,1027,0.5763119500036765,0.4527456393373958,1.2729265616939414
E10P_ef521a3405e83c04,电子,failure_reject,fold_2021,candidate_scope_weighted_baseline,578,1200,0.6687688243436376,0.5736149640457191,1.1658845501986144
E10P_ef521a3405e83c04,电子,failure_reject,fold_2022,candidate_scope_weighted_baseline,393,1039,0.829889738790802,0.7023441613397531,1.1815998259425264
E10P_ef521a3405e83c04,电子,failure_reject,fold_2023,candidate_scope_weighted_baseline,131,1043,0.647150723889867,0.44445076643134734,1.456068416949912
E10P_f3f8655223d7d8e7,电子,failure_reject,fold_2020,candidate_scope_weighted_baseline,356,1027,0.27504780717055377,0.4527456393373958,0.6075106710538237
E10P_f3f8655223d7d8e7,电子,failure_reject,fold_2021,candidate_scope_weighted_baseline,630,1200,0.5544162827689441,0.5736149640457191,0.9665303688359761
E10P_f3f8655223d7d8e7,电子,failure_reject,fold_2022,candidate_scope_weighted_baseline,622,1039,0.644270474550457,0.7023441613397531,0.917314487702841
E10P_f3f8655223d7d8e7,电子,failure_reject,fold_2023,candidate_scope_weighted_baseline,498,1043,0.6347979338339823,0.44445076643134734,1.4282750346703186
E10P_64cb9f4db02128b1,电子,failure_reject,fold_2020,candidate_scope_weighted_baseline,344,1027,0.35858922670748267,0.4527456393373958,0.7920324251654565
E10P_64cb9f4db02128b1,电子,failure_reject,fold_2021,candidate_scope_weighted_baseline,556,1200,0.6047494891000815,0.5736149640457191,1.0542777420497713
E10P_64cb9f4db02128b1,电子,failure_reject,fold_2022,candidate_scope_weighted_baseline,517,1039,0.6710424410335545,0.7023441613397531,0.9554325044199283
E10P_64cb9f4db02128b1,电子,failure_reject,fold_2023,candidate_scope_weighted_baseline,505,1043,0.6524652321504327,0.44445076643134734,1.4680258904474555
E10P_9ff91ebee7502bb1,电子,failure_reject,fold_2020,candidate_scope_weighted_baseline,601,1027,0.4891513757250826,0.4527456393373958,1.080411014981762
E10P_9ff91ebee7502bb1,电子,failure_reject,fold_2021,candidate_scope_weighted_baseline,758,1200,0.601553722170059,0.5736149640457191,1.0487064666641317
E10P_9ff91ebee7502bb1,电子,failure_reject,fold_2022,candidate_scope_weighted_baseline,730,1039,0.7332668438837723,0.7023441613397531,1.044027820328189
E10P_9ff91ebee7502bb1,电子,failure_reject,fold_2023,candidate_scope_weighted_baseline,447,1043,0.6840087179307135,0.44445076643134734,1.5389977239163335
E10P_b29ffe810eea70b7,电子,failure_reject,fold_2020,candidate_scope_weighted_baseline,449,1027,0.31951601438102156,0.4527456393373958,0.7057296340802773
E10P_b29ffe810eea70b7,电子,failure_reject,fold_2021,candidate_scope_weighted_baseline,612,1200,0.5371633544516783,0.5736149640457191,0.9364528265843227
E10P_b29ffe810eea70b7,电子,failure_reject,fold_2022,candidate_scope_weighted_baseline,550,1039,0.7362499742559053,0.7023441613397531,1.0482752114739238
E10P_b29ffe810eea70b7,电子,failure_reject,fold_2023,candidate_scope_weighted_baseline,550,1043,0.39985281936023287,0.44445076643134734,0.8996560464296031
E10P_d7154207365dd303,电子,failure_reject,fold_2020,candidate_scope_weighted_baseline,562,1027,0.5096503109521646,0.4527456393373958,1.1256879507399566
E10P_d7154207365dd303,电子,failure_reject,fold_2021,candidate_scope_weighted_baseline,658,1200,0.6141331490467987,0.5736149640457191,1.0706365550774757
E10P_d7154207365dd303,电子,failure_reject,fold_2022,candidate_scope_weighted_baseline,633,1039,0.7653849788550002,0.7023441613397531,1.08975772987846
E10P_d7154207365dd303,电子,failure_reject,fold_2023,candidate_scope_weighted_baseline,444,1043,0.7068232430570037,0.44445076643134734,1.590329675280657
E10P_305afe134571b6c1,电子,failure_reject,fold_2020,candidate_scope_weighted_baseline,411,1027,0.3620110553458896,0.4527456393373958,0.7995903745769954
E10P_305afe134571b6c1,电子,failure_reject,fold_2021,candidate_scope_weighted_baseline,441,1200,0.49293519979341394,0.5736149640457191,0.8593485712379799
E10P_305afe134571b6c1,电子,failure_reject,fold_2022,candidate_scope_weighted_baseline,334,1039,0.7500440913716429,0.7023441613397531,1.0679153222273536
E10P_305afe134571b6c1,电子,failure_reject,fold_2023,candidate_scope_weighted_baseline,457,1043,0.4031441893020501,0.44445076643134734,0.9070615234597019
E10P_09f2dcaff0129d10,电子,failure_reject,fold_2020,candidate_scope_weighted_baseline,6,1027,0.3888815764201973,0.4527456393373958,0.858940523401473
E10P_09f2dcaff0129d10,电子,failure_reject,fold_2021,candidate_scope_weighted_baseline,0,1200,,0.5736149640457191,
E10P_09f2dcaff0129d10,电子,failure_reject,fold_2022,candidate_scope_weighted_baseline,0,1039,,0.7023441613397531,
E10P_09f2dcaff0129d10,电子,failure_reject,fold_2023,candidate_scope_weighted_baseline,783,1043,0.4073326066608403,0.44445076643134734,0.9164853284683433
E10P_8d5af32ad9c4e205,电子,failure_reject,fold_2020,candidate_scope_weighted_baseline,286,1027,0.19311055907828642,0.4527456393373958,0.426532123779057
E10P_8d5af32ad9c4e205,电子,failure_reject,fold_2021,candidate_scope_weighted_baseline,415,1200,0.5447680794937065,0.5736149640457191,0.9497103695681945
E10P_8d5af32ad9c4e205,电子,failure_reject,fold_2022,candidate_scope_weighted_baseline,354,1039,0.49161559634780133,0.7023441613397531,0.6999639541532209
E10P_8d5af32ad9c4e205,电子,failure_reject,fold_2023,candidate_scope_weighted_baseline,277,1043,0.4664701889565795,0.44445076643134734,1.0495429959588862
E10P_ad8e26ba785e4393,电子,failure_reject,fold_2020,candidate_scope_weighted_baseline,640,1027,0.4911035083086889,0.4527456393373958,1.0847227795002747
E10P_ad8e26ba785e4393,电子,failure_reject,fold_2021,candidate_scope_weighted_baseline,480,1200,0.7694991298446914,0.5736149640457191,1.3414906829093107
E10P_ad8e26ba785e4393,电子,failure_reject,fold_2022,candidate_scope_weighted_baseline,546,1039,0.8116067179477372,0.7023441613397531,1.1555683988310814
E10P_ad8e26ba785e4393,电子,failure_reject,fold_2023,candidate_scope_weighted_baseline,173,1043,0.6651856738339135,0.44445076643134734,1.4966464771225954
E10P_fe33c1590e70aaef,电子,failure_reject,fold_2020,candidate_scope_weighted_baseline,655,1027,0.5065287612159601,0.4527456393373958,1.1187932410730166
E10P_fe33c1590e70aaef,电子,failure_reject,fold_2021,candidate_scope_weighted_baseline,505,1200,0.7051222610153662,0.5736149640457191,1.2292605758436344
E10P_fe33c1590e70aaef,电子,failure_reject,fold_2022,candidate_scope_weighted_baseline,558,1039,0.8094604971787119,0.7023441613397531,1.1525126024179224
E10P_fe33c1590e70aaef,电子,failure_reject,fold_2023,candidate_scope_weighted_baseline,149,1043,0.6520227404499221,0.44445076643134734,1.467030298283078
E10P_879debc6ecc62833,电子,failure_reject,fold_2020,candidate_scope_weighted_baseline,430,1027,0.40539603106223143,0.4527456393373958,0.8954167546606044
E10P_879debc6ecc62833,电子,failure_reject,fold_2021,candidate_scope_weighted_baseline,503,1200,0.557862348047222,0.5736149640457191,0.9725379967646005
E10P_879debc6ecc62833,电子,failure_reject,fold_2022,candidate_scope_weighted_baseline,577,1039,0.7724934699715349,0.7023441613397531,1.0998788236496033
E10P_879debc6ecc62833,电子,failure_reject,fold_2023,candidate_scope_weighted_baseline,331,1043,0.5752998819576207,0.44445076643134734,1.2944063221600612
E10P_d152b83338d2d3f7,电子,failure_reject,fold_2020,candidate_scope_weighted_baseline,308,1027,0.428912858016915,0.4527456393373958,0.9473594459013218
E10P_d152b83338d2d3f7,电子,failure_reject,fold_2021,candidate_scope_weighted_baseline,531,1200,0.5516750632850792,0.5736149640457191,0.9617515195107581
E10P_d152b83338d2d3f7,电子,failure_reject,fold_2022,candidate_scope_weighted_baseline,416,1039,0.7141152857888693,0.7023441613397531,1.0167597669305917
E10P_d152b83338d2d3f7,电子,failure_reject,fold_2023,candidate_scope_weighted_baseline,417,1043,0.40842549477158974,0.44445076643134734,0.918944291740079
E10P_2a8dd91b01c9bc7b,电子,failure_reject,fold_2020,candidate_scope_weighted_baseline,304,1027,0.2749916888309779,0.4527456393373958,0.6073867199106211
E10P_2a8dd91b01c9bc7b,电子,failure_reject,fold_2021,candidate_scope_weighted_baseline,418,1200,0.44261944664756697,0.5736149640457191,0.7716316246803643
E10P_2a8dd91b01c9bc7b,电子,failure_reject,fold_2022,candidate_scope_weighted_baseline,493,1039,0.5670058646429886,0.7023441613397531,0.8073048739543864
E10P_2a8dd91b01c9bc7b,电子,failure_reject,fold_2023,candidate_scope_weighted_baseline,188,1043,0.6654822029313487,0.44445076643134734,1.4973136581015285
E10P_17ebd2141911e2dd,电子,failure_reject,fold_2020,candidate_scope_weighted_baseline,155,1027,0.1624761078385937,0.4527456393373958,0.3588684102543349
E10P_17ebd2141911e2dd,电子,failure_reject,fold_2021,candidate_scope_weighted_baseline,0,1200,,0.5736149640457191,
E10P_17ebd2141911e2dd,电子,failure_reject,fold_2022,candidate_scope_weighted_baseline,298,1039,0.6028995591279139,0.7023441613397531,0.8584104379508984
E10P_17ebd2141911e2dd,电子,failure_reject,fold_2023,candidate_scope_weighted_baseline,709,1043,0.3623975615892288,0.44445076643134734,0.8153829151855159
E10P_3532ed7757d7d96d,电子,failure_reject,fold_2020,candidate_scope_weighted_baseline,570,1027,0.5080935127520415,0.4527456393373958,1.1222493793549257
E10P_3532ed7757d7d96d,电子,failure_reject,fold_2021,candidate_scope_weighted_baseline,374,1200,0.8585711103020843,0.5736149640457191,1.4967725113838788
E10P_3532ed7757d7d96d,电子,failure_reject,fold_2022,candidate_scope_weighted_baseline,473,1039,0.8782855267350497,0.7023441613397531,1.2505059130265717
E10P_3532ed7757d7d96d,电子,failure_reject,fold_2023,candidate_scope_weighted_baseline,11,1043,0.05936297523345291,0.44445076643134734,0.13356479438678723
E10P_c13f22bd41698048,电子,failure_reject,fold_2020,candidate_scope_weighted_baseline,512,1027,0.5275384112816008,0.4527456393373958,1.165198216052762
E10P_c13f22bd41698048,电子,failure_reject,fold_2021,candidate_scope_weighted_baseline,457,1200,0.824106636590378,0.5736149640457191,1.4366895709587761
E10P_c13f22bd41698048,电子,failure_reject,fold_2022,candidate_scope_weighted_baseline,406,1039,0.8582651037662788,0.7023441613397531,1.222000766873465
E10P_c13f22bd41698048,电子,failure_reject,fold_2023,candidate_scope_weighted_baseline,167,1043,0.6699714469362162,0.44445076643134734,1.5074143134360063
E10P_d6c82c36903f135a,电子,failure_reject,fold_2020,candidate_scope_weighted_baseline,463,1027,0.41988947003593263,0.4527456393373958,0.9274290761816083
E10P_d6c82c36903f135a,电子,failure_reject,fold_2021,candidate_scope_weighted_baseline,612,1200,0.588987832192159,0.5736149640457191,1.0267999775285057
E10P_d6c82c36903f135a,电子,failure_reject,fold_2022,candidate_scope_weighted_baseline,504,1039,0.8235230877300114,0.7023441613397531,1.1725349665598472
E10P_d6c82c36903f135a,电子,failure_reject,fold_2023,candidate_scope_weighted_baseline,290,1043,0.8108832396398393,0.44445076643134734,1.8244613371931118
E10P_b6abc3da5e1ed502,电子,failure_reject,fold_2020,candidate_scope_weighted_baseline,349,1027,0.2036263009116227,0.4527456393373958,0.44975872370551095
E10P_b6abc3da5e1ed502,电子,failure_reject,fold_2021,candidate_scope_weighted_baseline,318,1200,0.45800665192313605,0.5736149640457191,0.798456596551814
E10P_b6abc3da5e1ed502,电子,failure_reject,fold_2022,candidate_scope_weighted_baseline,255,1039,0.8138195144258891,0.7023441613397531,1.1587189859647893
E10P_b6abc3da5e1ed502,电子,failure_reject,fold_2023,candidate_scope_weighted_baseline,243,1043,0.3362144286892961,0.44445076643134734,0.7564717041414527
E10P_3ad97fa9d86be3df,电子,failure_reject,fold_2020,candidate_scope_weighted_baseline,328,1027,0.16063369749433434,0.4527456393373958,0.35479899426403233
E10P_3ad97fa9d86be3df,电子,failure_reject,fold_2021,candidate_scope_weighted_baseline,177,1200,0.459829095692229,0.5736149640457191,0.8016337168909335
E10P_3ad97fa9d86be3df,电子,failure_reject,fold_2022,candidate_scope_weighted_baseline,293,1039,0.6821491114145867,0.7023441613397531,0.9712462193938604
E10P_3ad97fa9d86be3df,电子,failure_reject,fold_2023,candidate_scope_weighted_baseline,200,1043,0.3720882857772397,0.44445076643134734,0.8371867344607555
E10P_542b7c158a299684,电子,failure_reject,fold_2020,candidate_scope_weighted_baseline,424,1027,0.40123479418059776,0.4527456393373958,0.8862256404452942
E10P_542b7c158a299684,电子,failure_reject,fold_2021,candidate_scope_weighted_baseline,543,1200,0.5987657246348105,0.5736149640457191,1.043846067772888
E10P_542b7c158a299684,电子,failure_reject,fold_2022,candidate_scope_weighted_baseline,530,1039,0.6571803745421092,0.7023441613397531,0.9356956471148106
E10P_542b7c158a299684,电子,failure_reject,fold_2023,candidate_scope_weighted_baseline,177,1043,0.7241478730922901,0.44445076643134734,1.6293095383921372
E10P_56e0294ee8229902,电子,failure_reject,fold_2020,candidate_scope_weighted_baseline,362,1027,0.2821732607319963,0.4527456393373958,0.62324898621876
E10P_56e0294ee8229902,电子,failure_reject,fold_2021,candidate_scope_weighted_baseline,441,1200,0.554948596518537,0.5736149640457191,0.9674583672024039
E10P_56e0294ee8229902,电子,failure_reject,fold_2022,candidate_scope_weighted_baseline,419,1039,0.6134967349670849,0.7023441613397531,0.8734987328673912
E10P_56e0294ee8229902,电子,failure_reject,fold_2023,candidate_scope_weighted_baseline,235,1043,0.45232262367769843,0.44445076643134734,1.0177114268686205
E10P_035f75c66ca6af86,电子,failure_reject,fold_2020,candidate_scope_weighted_baseline,354,1027,0.3516736224428063,0.4527456393373958,0.7767576137397793
E10P_035f75c66ca6af86,电子,failure_reject,fold_2021,candidate_scope_weighted_baseline,626,1200,0.5375226739185156,0.5736149640457191,0.937079238880653
E10P_035f75c66ca6af86,电子,failure_reject,fold_2022,candidate_scope_weighted_baseline,669,1039,0.7643768539199571,0.7023441613397531,1.0883223581753336
E10P_035f75c66ca6af86,电子,failure_reject,fold_2023,candidate_scope_weighted_baseline,82,1043,0.533367899677631,0.44445076643134734,1.200060704046549
E10P_afcfe299be7e2156,电子,failure_reject,fold_2020,candidate_scope_weighted_baseline,335,1027,0.601503444866757,0.4527456393373958,1.3285681685351445
E10P_afcfe299be7e2156,电子,failure_reject,fold_2021,candidate_scope_weighted_baseline,389,1200,0.6729942897163702,0.5736149640457191,1.1732509294557563
E10P_afcfe299be7e2156,电子,failure_reject,fold_2022,candidate_scope_weighted_baseline,380,1039,0.6335361948192464,0.7023441613397531,0.9020309837996625
E10P_afcfe299be7e2156,电子,failure_reject,fold_2023,candidate_scope_weighted_baseline,1,1043,1.0,0.44445076643134734,2.2499679953965526
E10P_18c59a8b0ea4d8b0,电子,failure_reject,fold_2020,candidate_scope_weighted_baseline,550,1027,0.3690445912403038,0.4527456393373958,0.8151256669868968
E10P_18c59a8b0ea4d8b0,电子,failure_reject,fold_2021,candidate_scope_weighted_baseline,797,1200,0.5767208408100942,0.5736149640457191,1.0054145671906278
E10P_18c59a8b0ea4d8b0,电子,failure_reject,fold_2022,candidate_scope_weighted_baseline,731,1039,0.7349402589751476,0.7023441613397531,1.0464104344132596
E10P_18c59a8b0ea4d8b0,电子,failure_reject,fold_2023,candidate_scope_weighted_baseline,529,1043,0.4575861248606508,0.44445076643134734,1.029554136073995
E10P_fbc505e2279705a9,电子,failure_reject,fold_2020,candidate_scope_weighted_baseline,272,1027,0.34858275666352345,0.4527456393373958,0.7699306771318278
E10P_fbc505e2279705a9,电子,failure_reject,fold_2021,candidate_scope_weighted_baseline,374,1200,0.5556600679179745,0.5736149640457191,0.968698696419793
E10P_fbc505e2279705a9,电子,failure_reject,fold_2022,candidate_scope_weighted_baseline,208,1039,0.7640889610802917,0.7023441613397531,1.087912455373385
E10P_fbc505e2279705a9,电子,failure_reject,fold_2023,candidate_scope_weighted_baseline,0,1043,,0.44445076643134734,
E10P_1c7fb66503e4a518,电子,failure_reject,fold_2020,candidate_scope_weighted_baseline,385,1027,0.33807910668768465,0.4527456393373958,0.7467307850440517
E10P_1c7fb66503e4a518,电子,failure_reject,fold_2021,candidate_scope_weighted_baseline,625,1200,0.5272019791246013,0.5736149640457191,0.9190868651790985
E10P_1c7fb66503e4a518,电子,failure_reject,fold_2022,candidate_scope_weighted_baseline,679,1039,0.7687637278807988,0.7023441613397531,1.0945684042056354
E10P_1c7fb66503e4a518,电子,failure_reject,fold_2023,candidate_scope_weighted_baseline,81,1043,0.5399919010165778,0.44445076643134734,1.2149644950606433
E10P_11bcc105568782e4,电子,failure_reject,fold_2020,candidate_scope_weighted_baseline,13,1027,0.3602253740326507,0.4527456393373958,0.7956462585920192
E10P_11bcc105568782e4,电子,failure_reject,fold_2021,candidate_scope_weighted_baseline,0,1200,,0.5736149640457191,
E10P_11bcc105568782e4,电子,failure_reject,fold_2022,candidate_scope_weighted_baseline,1,1039,1.0,0.7023441613397531,1.4238033930437395
E10P_11bcc105568782e4,电子,failure_reject,fold_2023,candidate_scope_weighted_baseline,894,1043,0.4392137020694091,0.44445076643134734,0.988216772795807
E10P_33e137e657941b7a,电子,failure_reject,fold_2020,candidate_scope_weighted_baseline,362,1027,0.27964721646784757,0.4527456393373958,0.6176695967234892
E10P_33e137e657941b7a,电子,failure_reject,fold_2021,candidate_scope_weighted_baseline,406,1200,0.4652343842306454,0.5736149640457191,0.8110569169070084
E10P_33e137e657941b7a,电子,failure_reject,fold_2022,candidate_scope_weighted_baseline,328,1039,0.7071080038012342,0.7023441613397531,1.0067827750605827
E10P_33e137e657941b7a,电子,failure_reject,fold_2023,candidate_scope_weighted_baseline,230,1043,0.43366205744528563,0.44445076643134734,0.975725750069714
E10P_b5c5f956ce71d883,电子,failure_reject,fold_2020,candidate_scope_weighted_baseline,434,1027,0.26488383207973737,0.4527456393373958,0.5850610344196827
E10P_b5c5f956ce71d883,电子,failure_reject,fold_2021,candidate_scope_weighted_baseline,477,1200,0.47632956594857,0.5736149640457191,0.8303994766611509
E10P_b5c5f956ce71d883,电子,failure_reject,fold_2022,candidate_scope_weighted_baseline,291,1039,0.8540601236363179,0.7023441613397531,1.216013701896745
E10P_b5c5f956ce71d883,电子,failure_reject,fold_2023,candidate_scope_weighted_baseline,305,1043,0.4524771452126496,0.44445076643134734,1.01805909537686
E10P_bfbfe8713bfd5816,电子,failure_reject,fold_2020,candidate_scope_weighted_baseline,430,1027,0.3844018255122721,0.4527456393373958,0.8490458926890019
E10P_bfbfe8713bfd5816,电子,failure_reject,fold_2021,candidate_scope_weighted_baseline,298,1200,0.5531954909192143,0.5736149640457191,0.9644021261536034
E10P_bfbfe8713bfd5816,电子,failure_reject,fold_2022,candidate_scope_weighted_baseline,632,1039,0.6868610883950048,0.7023441613397531,0.9779551482065237
E10P_bfbfe8713bfd5816,电子,failure_reject,fold_2023,candidate_scope_weighted_baseline,95,1043,0.5983740594944373,0.44445076643134734,1.3463224831379967
E10P_eaf45c51d3fe347c,电子,failure_reject,fold_2020,candidate_scope_weighted_baseline,98,1027,0.15861509486088324,0.4527456393373958,0.35034041430640894
E10P_eaf45c51d3fe347c,电子,failure_reject,fold_2021,candidate_scope_weighted_baseline,0,1200,,0.5736149640457191,
E10P_eaf45c51d3fe347c,电子,failure_reject,fold_2022,candidate_scope_weighted_baseline,167,1039,0.734847249962936,0.7023441613397531,1.0462780078660894
E10P_eaf45c51d3fe347c,电子,failure_reject,fold_2023,candidate_scope_weighted_baseline,928,1043,0.4386355238212245,0.44445076643134734,0.9869158902417573
E10P_393a0903ecddc5d6,电子,failure_reject,fold_2020,candidate_scope_weighted_baseline,350,1027,0.2870054832142715,0.4527456393373958,0.6339221370178428
E10P_393a0903ecddc5d6,电子,failure_reject,fold_2021,candidate_scope_weighted_baseline,442,1200,0.4642464920350503,0.5736149640457191,0.8093346951075151
E10P_393a0903ecddc5d6,电子,failure_reject,fold_2022,candidate_scope_weighted_baseline,496,1039,0.7265455927687885,0.7023441613397531,1.034458080185176
E10P_393a0903ecddc5d6,电子,failure_reject,fold_2023,candidate_scope_weighted_baseline,53,1043,0.4731281628333342,0.44445076643134734,1.0645232240957707
E10P_5b155243c948f3c4,电子,failure_reject,fold_2020,candidate_scope_weighted_baseline,412,1027,0.27994911850271437,0.4527456393373958,0.6183364215554382
E10P_5b155243c948f3c4,电子,failure_reject,fold_2021,candidate_scope_weighted_baseline,432,1200,0.495867720910062,0.5736149640457191,0.8644609223802251
E10P_5b155243c948f3c4,电子,failure_reject,fold_2022,candidate_scope_weighted_baseline,335,1039,0.7882885194111843,0.7023441613397531,1.1223678686350698
E10P_5b155243c948f3c4,电子,failure_reject,fold_2023,candidate_scope_weighted_baseline,346,1043,0.37395484471133417,0.44445076643134734,0.8413864323239897
E10P_56e76a63f8e95934,电子,failure_reject,fold_2020,candidate_scope_weighted_baseline,303,1027,0.2865997106867584,0.4527456393373958,0.633025888678252
E10P_56e76a63f8e95934,电子,failure_reject,fold_2021,candidate_scope_weighted_baseline,534,1200,0.4254917155445699,0.5736149640457191,0.7417723424500074
E10P_56e76a63f8e95934,电子,failure_reject,fold_2022,candidate_scope_weighted_baseline,329,1039,0.544342851367427,0.7023441613397531,0.7750371987560465
E10P_56e76a63f8e95934,电子,failure_reject,fold_2023,candidate_scope_weighted_baseline,0,1043,,0.44445076643134734,
E10P_e7813e8d95a95984,电子,failure_reject,fold_2020,candidate_scope_weighted_baseline,464,1027,0.42998780948723736,0.4527456393373958,0.9497337403769033
E10P_e7813e8d95a95984,电子,failure_reject,fold_2021,candidate_scope_weighted_baseline,725,1200,0.5918390594546991,0.5736149640457191,1.0317706066809085
E10P_e7813e8d95a95984,电子,failure_reject,fold_2022,candidate_scope_weighted_baseline,743,1039,0.716247652584116,0.7023441613397531,1.0197958380088779
E10P_e7813e8d95a95984,电子,failure_reject,fold_2023,candidate_scope_weighted_baseline,242,1043,0.7705988483804557,0.44445076643134734,1.7338227461454658
E10P_821bfa560d95ffda,电子,failure_reject,fold_2020,candidate_scope_weighted_baseline,520,1027,0.5336393278165185,0.4527456393373958,1.1786735894298452
E10P_821bfa560d95ffda,电子,failure_reject,fold_2021,candidate_scope_weighted_baseline,749,1200,0.6230700245512345,0.5736149640457191,1.0862164755199337
E10P_821bfa560d95ffda,电子,failure_reject,fold_2022,candidate_scope_weighted_baseline,399,1039,0.6917555629812534,0.7023441613397531,0.9849239177295908
E10P_821bfa560d95ffda,电子,failure_reject,fold_2023,candidate_scope_weighted_baseline,633,1043,0.5396914814939581,0.44445076643134734,1.2142885607495566
E10P_262092b494790e95,电子,failure_reject,fold_2020,candidate_scope_weighted_baseline,502,1027,0.4145297728227047,0.4527456393373958,0.9155908678201276
E10P_262092b494790e95,电子,failure_reject,fold_2021,candidate_scope_weighted_baseline,713,1200,0.524454534851993,0.5736149640457191,0.9142971639948224
E10P_262092b494790e95,电子,failure_reject,fold_2022,candidate_scope_weighted_baseline,425,1039,0.43320333282189344,0.7023441613397531,0.6167963751496682
E10P_262092b494790e95,电子,failure_reject,fold_2023,candidate_scope_weighted_baseline,205,1043,0.3727548368981527,0.44445076643134734,0.8386864531501056
E10P_ef96ca2290c458a9,电子,failure_reject,fold_2020,candidate_scope_weighted_baseline,199,1027,0.3493199268617015,0.4527456393373958,0.7715588986631426
E10P_ef96ca2290c458a9,电子,failure_reject,fold_2021,candidate_scope_weighted_baseline,317,1200,0.6043513411128256,0.5736149640457191,1.053583638840804
E10P_ef96ca2290c458a9,电子,failure_reject,fold_2022,candidate_scope_weighted_baseline,204,1039,0.4887553268368726,0.7023441613397531,0.6958914927185411
E10P_ef96ca2290c458a9,电子,failure_reject,fold_2023,candidate_scope_weighted_baseline,246,1043,0.4513922954810494,0.44445076643134734,1.0156182182009452
E10P_1d51cf825614d006,电子,failure_reject,fold_2020,candidate_scope_weighted_baseline,475,1027,0.43103856533108387,0.4527456393373958,0.9520545928656966
E10P_1d51cf825614d006,电子,failure_reject,fold_2021,candidate_scope_weighted_baseline,685,1200,0.6024120702832313,0.5736149640457191,1.0502028504179974
E10P_1d51cf825614d006,电子,failure_reject,fold_2022,candidate_scope_weighted_baseline,699,1039,0.7294128097426114,0.7023441613397531,1.0385404334410977
E10P_1d51cf825614d006,电子,failure_reject,fold_2023,candidate_scope_weighted_baseline,411,1043,0.7154012990552512,0.44445076643134734,1.6096300267394332
E10P_449b1397e9794a47,电子,failure_reject,fold_2020,candidate_scope_weighted_baseline,276,1027,0.34894253360479244,0.4527456393373958,0.7707253329164656
E10P_449b1397e9794a47,电子,failure_reject,fold_2021,candidate_scope_weighted_baseline,474,1200,0.4996060851203967,0.5736149640457191,0.8709781237167592
E10P_449b1397e9794a47,电子,failure_reject,fold_2022,candidate_scope_weighted_baseline,542,1039,0.5685859067418501,0.7023441613397531,0.8095545432558973
E10P_449b1397e9794a47,电子,failure_reject,fold_2023,candidate_scope_weighted_baseline,9,1043,0.0,0.44445076643134734,0.0
E10P_5345f3c2f7d3b2cf,电子,launch_winner,fold_2021,candidate_scope_weighted_baseline,276,412,0.04236266734200135,0.08190416516421979,0.5172223812679514
E10P_5345f3c2f7d3b2cf,电子,launch_winner,fold_2022,candidate_scope_weighted_baseline,221,356,0.02843691130715426,0.02160664061755093,1.3161190492544752
E10P_5345f3c2f7d3b2cf,电子,launch_winner,fold_2023,candidate_scope_weighted_baseline,138,372,0.05518076490245193,0.11740490947044935,0.4700038963561473
E10P_d3b36670a9ee1b53,电子,launch_winner,fold_2021,candidate_scope_weighted_baseline,342,412,0.06135206687761043,0.08190416516421979,0.7490713903816502
E10P_d3b36670a9ee1b53,电子,launch_winner,fold_2022,candidate_scope_weighted_baseline,258,356,0.023339801169764418,0.02160664061755093,1.0802142537052082
E10P_d3b36670a9ee1b53,电子,launch_winner,fold_2023,candidate_scope_weighted_baseline,141,372,0.05449613593669129,0.11740490947044935,0.4641725476600098
E10P_5208b4ed8fc01a6f,电子,launch_winner,fold_2021,candidate_scope_weighted_baseline,342,412,0.10529082878653251,0.08190416516421979,1.2855369269123482
E10P_5208b4ed8fc01a6f,电子,launch_winner,fold_2022,candidate_scope_weighted_baseline,227,356,0.009255927356687116,0.02160664061755093,0.4283834549073116
E10P_5208b4ed8fc01a6f,电子,launch_winner,fold_2023,candidate_scope_weighted_baseline,153,372,0.13204458406785635,0.11740490947044935,1.1246938877040042
E10P_e2f4fb2ac91aeecb,电子,launch_winner,fold_2021,candidate_scope_weighted_baseline,161,412,0.026758625039135616,0.08190416516421979,0.3267065232333904
E10P_e2f4fb2ac91aeecb,电子,launch_winner,fold_2022,candidate_scope_weighted_baseline,83,356,0.03632807520668285,0.02160664061755093,1.6813384296850755
E10P_e2f4fb2ac91aeecb,电子,launch_winner,fold_2023,candidate_scope_weighted_baseline,80,372,0.28134090794316774,0.11740490947044935,2.3963300104922856
E10P_c60b0ff29b6e52ee,电子,launch_winner,fold_2021,candidate_scope_weighted_baseline,234,412,0.14935816917238615,0.08190416516421979,1.823572328378166
E10P_c60b0ff29b6e52ee,电子,launch_winner,fold_2022,candidate_scope_weighted_baseline,176,356,0.011174802029320625,0.02160664061755093,0.5171929420737164
E10P_c60b0ff29b6e52ee,电子,launch_winner,fold_2023,candidate_scope_weighted_baseline,178,372,0.04829800826359894,0.11740490947044935,0.4113798007378514
E10P_b1b366a8d2499b5b,电子,launch_winner,fold_2021,candidate_scope_weighted_baseline,396,412,0.08421469766969034,0.08190416516421979,1.028210195425811
E10P_b1b366a8d2499b5b,电子,launch_winner,fold_2022,candidate_scope_weighted_baseline,264,356,0.029832295920280128,0.02160664061755093,1.38070033413929
E10P_b1b366a8d2499b5b,电子,launch_winner,fold_2023,candidate_scope_weighted_baseline,275,372,0.1072163432910526,0.11740490947044935,0.9132185679001679
E10P_e84a85497fc991c3,电子,launch_winner,fold_2021,candidate_scope_weighted_baseline,165,412,0.025292255417716077,0.08190416516421979,0.3088030427635091
E10P_e84a85497fc991c3,电子,launch_winner,fold_2022,candidate_scope_weighted_baseline,99,356,0.057083659936531514,0.02160664061755093,2.641949803624856
E10P_e84a85497fc991c3,电子,launch_winner,fold_2023,candidate_scope_weighted_baseline,113,372,0.16531756943786607,0.11740490947044935,1.4080975845347956
E10P_a2c68e34ef2e46a0,电子,launch_winner,fold_2021,candidate_scope_weighted_baseline,244,412,0.14879700485482122,0.08190416516421979,1.8167208536523107
E10P_a2c68e34ef2e46a0,电子,launch_winner,fold_2022,candidate_scope_weighted_baseline,231,356,0.0,0.02160664061755093,0.0
E10P_a2c68e34ef2e46a0,电子,launch_winner,fold_2023,candidate_scope_weighted_baseline,128,372,0.11855098133999363,0.11740490947044935,1.0097617031069108
E10P_e40b29e431c53a58,电子,launch_winner,fold_2021,candidate_scope_weighted_baseline,227,412,0.023418177223969435,0.08190416516421979,0.2859216888056356
E10P_e40b29e431c53a58,电子,launch_winner,fold_2022,candidate_scope_weighted_baseline,176,356,0.03326918257376137,0.02160664061755093,1.539766554303543
E10P_e40b29e431c53a58,电子,launch_winner,fold_2023,candidate_scope_weighted_baseline,312,372,0.0962910995205033,0.11740490947044935,0.8201624613043941
E10P_39addf27d0b1ba22,电子,launch_winner,fold_2021,candidate_scope_weighted_baseline,271,412,0.07663493449591528,0.08190416516421979,0.9356659010229873
E10P_39addf27d0b1ba22,电子,launch_winner,fold_2022,candidate_scope_weighted_baseline,223,356,0.010983918178292222,0.02160664061755093,0.5083584427914286
E10P_39addf27d0b1ba22,电子,launch_winner,fold_2023,candidate_scope_weighted_baseline,54,372,0.0,0.11740490947044935,0.0
E10P_d04ba7a0e908943a,电子,launch_winner,fold_2021,candidate_scope_weighted_baseline,293,412,0.03821205482705506,0.08190416516421979,0.46654592901885983
E10P_d04ba7a0e908943a,电子,launch_winner,fold_2022,candidate_scope_weighted_baseline,226,356,0.027381165330950627,0.02160664061755093,1.26725694269701
E10P_d04ba7a0e908943a,电子,launch_winner,fold_2023,candidate_scope_weighted_baseline,219,372,0.036609798367479796,0.11740490947044935,0.3118251062294327
E10P_2400afdb9faa9a03,电子,launch_winner,fold_2021,candidate_scope_weighted_baseline,296,412,0.07147171796145035,0.08190416516421979,0.8726261700872949
E10P_2400afdb9faa9a03,电子,launch_winner,fold_2022,candidate_scope_weighted_baseline,230,356,0.025661808352113045,0.02160664061755093,1.1876815469068398
E10P_2400afdb9faa9a03,电子,launch_winner,fold_2023,candidate_scope_weighted_baseline,221,372,0.011441344505154636,0.11740490947044935,0.09745201079546342
E10P_558731f0cc316b9a,电子,launch_winner,fold_2021,candidate_scope_weighted_baseline,242,412,0.04586186681440729,0.08190416516421979,0.5599454767953884
E10P_558731f0cc316b9a,电子,launch_winner,fold_2022,candidate_scope_weighted_baseline,159,356,0.01988769875546426,0.02160664061755093,0.9204438166713252
E10P_558731f0cc316b9a,电子,launch_winner,fold_2023,candidate_scope_weighted_baseline,232,372,0.1430759690912544,0.11740490947044935,1.2186540557511047
E10P_367a5d2f079af4db,电子,launch_winner,fold_2021,candidate_scope_weighted_baseline,219,412,0.136696964297767,0.08190416516421979,1.6689867239802318
E10P_367a5d2f079af4db,电子,launch_winner,fold_2022,candidate_scope_weighted_baseline,183,356,0.026132131309339137,0.02160664061755093,1.2094490657706494
E10P_367a5d2f079af4db,电子,launch_winner,fold_2023,candidate_scope_weighted_baseline,236,372,0.09038287617752484,0.11740490947044935,0.7698389836097449
E10P_7f02019ba1008c99,电子,launch_winner,fold_2021,candidate_scope_weighted_baseline,253,412,0.0866110182408779,0.08190416516421979,1.057467810913166
E10P_7f02019ba1008c99,电子,launch_winner,fold_2022,candidate_scope_weighted_baseline,175,356,0.0,0.02160664061755093,0.0
E10P_7f02019ba1008c99,电子,launch_winner,fold_2023,candidate_scope_weighted_baseline,197,372,0.05950825623235716,0.11740490947044935,0.5068634395338919
E10P_70e283b4dd81bfdf,电子,launch_winner,fold_2021,candidate_scope_weighted_baseline,296,412,0.07147171796145035,0.08190416516421979,0.8726261700872949
E10P_70e283b4dd81bfdf,电子,launch_winner,fold_2022,candidate_scope_weighted_baseline,230,356,0.025661808352113045,0.02160664061755093,1.1876815469068398
E10P_70e283b4dd81bfdf,电子,launch_winner,fold_2023,candidate_scope_weighted_baseline,119,372,0.0,0.11740490947044935,0.0
E10P_205ed2447bfe53e3,电子,launch_winner,fold_2021,candidate_scope_weighted_baseline,310,412,0.11141263951853302,0.08190416516421979,1.3602805094850552
E10P_205ed2447bfe53e3,电子,launch_winner,fold_2022,candidate_scope_weighted_baseline,235,356,0.0,0.02160664061755093,0.0
E10P_205ed2447bfe53e3,电子,launch_winner,fold_2023,candidate_scope_weighted_baseline,242,372,0.12959515483774509,0.11740490947044935,1.1038307973855557
E10P_adc4838a93b40f1e,电子,launch_winner,fold_2021,candidate_scope_weighted_baseline,255,412,0.036993820584466396,0.08190416516421979,0.4516720304796821
E10P_adc4838a93b40f1e,电子,launch_winner,fold_2022,candidate_scope_weighted_baseline,171,356,0.03573439519832176,0.02160664061755093,1.6538616914512358
E10P_adc4838a93b40f1e,电子,launch_winner,fold_2023,candidate_scope_weighted_baseline,255,372,0.0361031343389182,0.11740490947044935,0.3075095794695477
E10P_78782126f100098c,电子,launch_winner,fold_2021,candidate_scope_weighted_baseline,247,412,0.1456818581896102,0.08190416516421979,1.7786868091203254
E10P_78782126f100098c,电子,launch_winner,fold_2022,candidate_scope_weighted_baseline,209,356,0.0,0.02160664061755093,0.0
E10P_78782126f100098c,电子,launch_winner,fold_2023,candidate_scope_weighted_baseline,137,372,0.061187913881978105,0.11740490947044935,0.5211699762638888
E10P_d3de6f1a2c1feef0,电子,launch_winner,fold_2021,candidate_scope_weighted_baseline,0,412,,0.08190416516421979,
E10P_d3de6f1a2c1feef0,电子,launch_winner,fold_2022,candidate_scope_weighted_baseline,144,356,0.02491547162362932,0.02160664061755093,1.1531395400444922
E10P_d3de6f1a2c1feef0,电子,launch_winner,fold_2023,candidate_scope_weighted_baseline,369,372,0.11804770045237625,0.11740490947044935,1.0054749923561646
E10P_a46f7f70656a0f26,电子,launch_winner,fold_2021,candidate_scope_weighted_baseline,263,412,0.025925792701868063,0.08190416516421979,0.3165381473565628
E10P_a46f7f70656a0f26,电子,launch_winner,fold_2022,candidate_scope_weighted_baseline,191,356,0.02744665113367917,0.02160664061755093,1.27028776104067
E10P_a46f7f70656a0f26,电子,launch_winner,fold_2023,candidate_scope_weighted_baseline,224,372,0.030455296824158685,0.11740490947044935,0.25940394623637303
E10P_80dd14e9df6e958d,电子,launch_winner,fold_2021,candidate_scope_weighted_baseline,204,412,0.04436904487022702,0.08190416516421979,0.5417190295666409
E10P_80dd14e9df6e958d,电子,launch_winner,fold_2022,candidate_scope_weighted_baseline,191,356,0.028300002329900566,0.02160664061755093,1.3097826187247574
E10P_80dd14e9df6e958d,电子,launch_winner,fold_2023,candidate_scope_weighted_baseline,278,372,0.0786040597187476,0.11740490947044935,0.6695125448610999
E10P_72eb6c3f66d986c9,电子,launch_winner,fold_2021,candidate_scope_weighted_baseline,286,412,0.0972605865371395,0.08190416516421979,1.1874925572115864
E10P_72eb6c3f66d986c9,电子,launch_winner,fold_2022,candidate_scope_weighted_baseline,230,356,0.037203636461508816,0.02160664061755093,1.7218612148011825
E10P_72eb6c3f66d986c9,电子,launch_winner,fold_2023,candidate_scope_weighted_baseline,193,372,0.13020316594503828,0.11740490947044935,1.1090095510683071
E10P_d0b4bb7ec5ac98f8,电子,launch_winner,fold_2021,candidate_scope_weighted_baseline,319,412,0.07011248247846914,0.08190416516421979,0.856030732233116
E10P_d0b4bb7ec5ac98f8,电子,launch_winner,fold_2022,candidate_scope_weighted_baseline,271,356,0.014182888411429733,0.02160664061755093,0.656413399124576
E10P_d0b4bb7ec5ac98f8,电子,launch_winner,fold_2023,candidate_scope_weighted_baseline,133,372,0.0,0.11740490947044935,0.0
E10P_5a1bfa9ff575149c,电子,launch_winner,fold_2021,candidate_scope_weighted_baseline,103,412,0.04100672597092644,0.08190416516421979,0.5006671625149586
E10P_5a1bfa9ff575149c,电子,launch_winner,fold_2022,candidate_scope_weighted_baseline,106,356,0.051666809653404644,0.02160664061755093,2.391246773060873
E10P_5a1bfa9ff575149c,电子,launch_winner,fold_2023,candidate_scope_weighted_baseline,225,372,0.1031003867860638,0.11740490947044935,0.8781607792305655
E10P_7ced6b2cb737f206,电子,launch_winner,fold_2021,candidate_scope_weighted_baseline,319,412,0.07011248247846914,0.08190416516421979,0.856030732233116
E10P_7ced6b2cb737f206,电子,launch_winner,fold_2022,candidate_scope_weighted_baseline,271,356,0.014182888411429733,0.02160664061755093,0.656413399124576
E10P_7ced6b2cb737f206,电子,launch_winner,fold_2023,candidate_scope_weighted_baseline,217,372,0.012124806135155127,0.11740490947044935,0.10327341667263858
E10P_308e296db69b37c6,电子,launch_winner,fold_2021,candidate_scope_weighted_baseline,154,412,0.029506529093334517,0.08190416516421979,0.3602567590326234
E10P_308e296db69b37c6,电子,launch_winner,fold_2022,candidate_scope_weighted_baseline,91,356,0.04334795805412338,0.02160664061755093,2.006233121631695
E10P_308e296db69b37c6,电子,launch_winner,fold_2023,candidate_scope_weighted_baseline,214,372,0.14278468299476446,0.11740490947044935,1.2161730172851346
E10P_8de0f22e9fa43f9f,电子,launch_winner,fold_2021,candidate_scope_weighted_baseline,255,412,0.036993820584466396,0.08190416516421979,0.4516720304796821
E10P_8de0f22e9fa43f9f,电子,launch_winner,fold_2022,candidate_scope_weighted_baseline,171,356,0.03573439519832176,0.02160664061755093,1.6538616914512358
E10P_8de0f22e9fa43f9f,电子,launch_winner,fold_2023,candidate_scope_weighted_baseline,150,372,0.0521091697422247,0.11740490947044935,0.44384148820744596
E10P_68593afc51468cbe,电子,launch_winner,fold_2021,candidate_scope_weighted_baseline,258,412,0.026436833477988694,0.08190416516421979,0.32277764415255583
E10P_68593afc51468cbe,电子,launch_winner,fold_2022,candidate_scope_weighted_baseline,152,356,0.03511982685799996,0.02160664061755093,1.6254181980271547
E10P_68593afc51468cbe,电子,launch_winner,fold_2023,candidate_scope_weighted_baseline,270,372,0.10339299124188493,0.11740490947044935,0.8806530468635028
E10P_228b89d21b8cabe0,电子,launch_winner,fold_2021,candidate_scope_weighted_baseline,263,412,0.09709688235475077,0.08190416516421979,1.1854938287945334
E10P_228b89d21b8cabe0,电子,launch_winner,fold_2022,candidate_scope_weighted_baseline,232,356,0.018161925049810988,0.02160664061755093,0.8405714414973967
E10P_228b89d21b8cabe0,电子,launch_winner,fold_2023,candidate_scope_weighted_baseline,186,372,0.08567662421512587,0.11740490947044935,0.7297533348610993
E10P_3194adde5c1df849,电子,launch_winner,fold_2021,candidate_scope_weighted_baseline,332,412,0.08431692188259503,0.08190416516421979,1.0294582908395147
E10P_3194adde5c1df849,电子,launch_winner,fold_2022,candidate_scope_weighted_baseline,253,356,0.015137515207965229,0.02160664061755093,0.7005955009808015
E10P_3194adde5c1df849,电子,launch_winner,fold_2023,candidate_scope_weighted_baseline,220,372,0.011896171771890443,0.11740490947044935,0.101326016310116
E10P_09073440e50ae261,电子,launch_winner,fold_2021,candidate_scope_weighted_baseline,333,412,0.0626587558724185,0.08190416516421979,0.7650252676013022
E10P_09073440e50ae261,电子,launch_winner,fold_2022,candidate_scope_weighted_baseline,178,356,0.03774501508560295,0.02160664061755093,1.7469173368368485
E10P_09073440e50ae261,电子,launch_winner,fold_2023,candidate_scope_weighted_baseline,191,372,0.1313121486418186,0.11740490947044935,1.1184553459825262
E10P_b758424387384f0b,电子,launch_winner,fold_2021,candidate_scope_weighted_baseline,297,412,0.08462965388799366,0.08190416516421979,1.0332765582593901
E10P_b758424387384f0b,电子,launch_winner,fold_2022,candidate_scope_weighted_baseline,226,356,0.024301842992966383,0.02160664061755093,1.124739538326294
E10P_b758424387384f0b,电子,launch_winner,fold_2023,candidate_scope_weighted_baseline,307,372,0.11314797562338531,0.11740490947044935,0.9637414323961001
E10P_dc2a6da703381a66,电子,launch_winner,fold_2021,candidate_scope_weighted_baseline,276,412,0.04440463224048398,0.08190416516421979,0.5421535296947553
E10P_dc2a6da703381a66,电子,launch_winner,fold_2022,candidate_scope_weighted_baseline,205,356,0.028295520544673863,0.02160664061755093,1.3095751924382728
E10P_dc2a6da703381a66,电子,launch_winner,fold_2023,candidate_scope_weighted_baseline,356,372,0.12065336493438078,0.11740490947044935,1.0276688213345035
E10P_f06a8da6763dffa4,电子,launch_winner,fold_2021,candidate_scope_weighted_baseline,62,412,0.0,0.08190416516421979,0.0
E10P_f06a8da6763dffa4,电子,launch_winner,fold_2022,candidate_scope_weighted_baseline,68,356,0.029752991384823187,0.02160664061755093,1.3770299562744164
E10P_f06a8da6763dffa4,电子,launch_winner,fold_2023,candidate_scope_weighted_baseline,180,372,0.19089920256696105,0.11740490947044935,1.6259899473369988
E10P_53a92f223a100453,电子,launch_winner,fold_2021,candidate_scope_weighted_baseline,333,412,0.06395036293097774,0.08190416516421979,0.7807950035600234
E10P_53a92f223a100453,电子,launch_winner,fold_2022,candidate_scope_weighted_baseline,188,356,0.019766825410346918,0.02160664061755093,0.914849548350911
E10P_53a92f223a100453,电子,launch_winner,fold_2023,candidate_scope_weighted_baseline,169,372,0.1688938100052296,0.11740490947044935,1.4385583257720576
E10P_d253227d5808840d,电子,launch_winner,fold_2021,candidate_scope_weighted_baseline,194,412,0.04093809945634354,0.08190416516421979,0.49982927454619286
E10P_d253227d5808840d,电子,launch_winner,fold_2022,candidate_scope_weighted_baseline,151,356,0.024737801954170018,0.02160664061755093,1.1449166204058425
E10P_d253227d5808840d,电子,launch_winner,fold_2023,candidate_scope_weighted_baseline,214,372,0.054457143543587785,0.11740490947044935,0.4638404287283623
E10P_5c0f09c69876cad4,电子,launch_winner,fold_2021,candidate_scope_weighted_baseline,209,412,0.05756530235074504,0.08190416516421979,0.7028373005856936
E10P_5c0f09c69876cad4,电子,launch_winner,fold_2022,candidate_scope_weighted_baseline,146,356,0.024038735568119075,0.02160664061755093,1.1125623827237896
E10P_5c0f09c69876cad4,电子,launch_winner,fold_2023,candidate_scope_weighted_baseline,245,372,0.11112124440316759,0.11740490947044935,0.9464786856390929
E10P_264cc142c167b9c7,电子,launch_winner,fold_2021,candidate_scope_weighted_baseline,243,412,0.03787718581396789,0.08190416516421979,0.46245738221033367
E10P_264cc142c167b9c7,电子,launch_winner,fold_2022,candidate_scope_weighted_baseline,194,356,0.027777604594270165,0.02160664061755093,1.2856049714506106
E10P_264cc142c167b9c7,电子,launch_winner,fold_2023,candidate_scope_weighted_baseline,140,372,0.04714333967196023,0.11740490947044935,0.4015448747807786
E10P_f0a842530fbee9f3,电子,launch_winner,fold_2021,candidate_scope_weighted_baseline,243,412,0.03787718581396789,0.08190416516421979,0.46245738221033367
E10P_f0a842530fbee9f3,电子,launch_winner,fold_2022,candidate_scope_weighted_baseline,194,356,0.027777604594270165,0.02160664061755093,1.2856049714506106
E10P_f0a842530fbee9f3,电子,launch_winner,fold_2023,candidate_scope_weighted_baseline,88,372,0.07849347868360815,0.11740490947044935,0.6685706674248136
E10P_1cccff497a94d873,电子,launch_winner,fold_2021,candidate_scope_weighted_baseline,363,412,0.0848422166531294,0.08190416516421979,1.0358718202306163
E10P_1cccff497a94d873,电子,launch_winner,fold_2022,candidate_scope_weighted_baseline,267,356,0.02278766855130093,0.02160664061755093,1.054660414576001
E10P_1cccff497a94d873,电子,launch_winner,fold_2023,candidate_scope_weighted_baseline,153,372,0.05133628397908795,0.11740490947044935,0.43725840947059563
E10P_3cac8b79158fd63a,电子,launch_winner,fold_2021,candidate_scope_weighted_baseline,370,412,0.07983617426269905,0.08190416516421979,0.9747510899186339
E10P_3cac8b79158fd63a,电子,launch_winner,fold_2022,candidate_scope_weighted_baseline,266,356,0.027560638982695777,0.02160664061755093,1.2755633543656228
E10P_3cac8b79158fd63a,电子,launch_winner,fold_2023,candidate_scope_weighted_baseline,5,372,0.0,0.11740490947044935,0.0
E10P_d6429e5bff6b25bf,电子,launch_winner,fold_2021,candidate_scope_weighted_baseline,355,412,0.0928351282764185,0.08190416516421979,1.133460405710526
E10P_d6429e5bff6b25bf,电子,launch_winner,fold_2022,candidate_scope_weighted_baseline,241,356,0.03235227660321731,0.02160664061755093,1.4973302502628645
E10P_d6429e5bff6b25bf,电子,launch_winner,fold_2023,candidate_scope_weighted_baseline,274,372,0.1018680191266352,0.11740490947044935,0.8676640490257799
E10P_29ebf5e47766ba4f,电子,launch_winner,fold_2021,candidate_scope_weighted_baseline,185,412,0.038165965547225685,0.08190416516421979,0.4659832069675824
E10P_29ebf5e47766ba4f,电子,launch_winner,fold_2022,candidate_scope_weighted_baseline,144,356,0.0,0.02160664061755093,0.0
E10P_29ebf5e47766ba4f,电子,launch_winner,fold_2023,candidate_scope_weighted_baseline,181,372,0.20304384918278742,0.11740490947044935,1.729432355926251
E10P_c49644c23a1def6e,电子,launch_winner,fold_2021,candidate_scope_weighted_baseline,273,412,0.05937442871388425,0.08190416516421979,0.7249256322292903
E10P_c49644c23a1def6e,电子,launch_winner,fold_2022,candidate_scope_weighted_baseline,242,356,0.02858316889786782,0.02160664061755093,1.3228881529435863
E10P_c49644c23a1def6e,电子,launch_winner,fold_2023,candidate_scope_weighted_baseline,125,372,0.05904292727086431,0.11740490947044935,0.502899985504655
E10P_3e4d266b0e9205e2,电子,launch_winner,fold_2021,candidate_scope_weighted_baseline,189,412,0.1199964560266789,0.08190416516421979,1.465083683913793
E10P_3e4d266b0e9205e2,电子,launch_winner,fold_2022,candidate_scope_weighted_baseline,195,356,0.007759948234762845,0.02160664061755093,0.35914644817387714
E10P_3e4d266b0e9205e2,电子,launch_winner,fold_2023,candidate_scope_weighted_baseline,145,372,0.06668410070060066,0.11740490947044935,0.5679839199346681
E10P_165a04d26b35d682,电子,launch_winner,fold_2021,candidate_scope_weighted_baseline,159,412,0.18043086644465464,0.08190416516421979,2.202951047518603
E10P_165a04d26b35d682,电子,launch_winner,fold_2022,candidate_scope_weighted_baseline,236,356,0.00804878037687009,0.02160664061755093,0.37251419687760806
E10P_165a04d26b35d682,电子,launch_winner,fold_2023,candidate_scope_weighted_baseline,101,372,0.0,0.11740490947044935,0.0
E10P_e943f47006db02d2,电子,launch_winner,fold_2021,candidate_scope_weighted_baseline,131,412,0.09496293531696802,0.08190416516421979,1.1594396344381885
E10P_e943f47006db02d2,电子,launch_winner,fold_2022,candidate_scope_weighted_baseline,90,356,0.0,0.02160664061755093,0.0
E10P_e943f47006db02d2,电子,launch_winner,fold_2023,candidate_scope_weighted_baseline,69,372,0.0,0.11740490947044935,0.0
E10P_b447a3bcb176167e,电子,launch_winner,fold_2021,candidate_scope_weighted_baseline,285,412,0.0783502575892319,0.08190416516421979,0.9566089518419214
E10P_b447a3bcb176167e,电子,launch_winner,fold_2022,candidate_scope_weighted_baseline,189,356,0.04028731492770832,0.02160664061755093,1.8645802297920946
E10P_b447a3bcb176167e,电子,launch_winner,fold_2023,candidate_scope_weighted_baseline,283,372,0.14789979118122196,0.11740490947044935,1.2597411117500852
