structure_candidate_id,split,bucket_type,bucket_id,action_time_denominator_n,signal_n,signal_rate,winner_base_rate,winner_given_signal,primary_LR,primary_LR_ci90_lower,posterior_stability_flag
r02v2_acceleration_and_gap_persistence_813ecf_312b95_23e5f3_4e0740_f5ca38,train,calendar_year,2017,8918,2,0.00022426553038797938,0.048822515795519814,0.0,0.0,,False
r02v2_acceleration_and_gap_persistence_813ecf_312b95_23e5f3_4e0740_f5ca38,train,calendar_year,2018,32151,44,0.0013685421915337003,0.05874398565992641,0.045454545454545456,0.7630009177118385,,False
r02v2_acceleration_and_gap_persistence_813ecf_312b95_23e5f3_4e0740_f5ca38,train,calendar_year,2019,35369,53,0.0014984873759506913,0.09557335461619589,0.14,1.540515609069282,,True
r02v2_acceleration_and_gap_persistence_813ecf_312b95_23e5f3_4e0740_f5ca38,train,calendar_year,2020,46773,155,0.0033138776644645413,0.25170303410393374,0.40559440559440557,2.028591500179417,,True
r02v2_acceleration_and_gap_persistence_813ecf_312b95_23e5f3_4e0740_f5ca38,train,calendar_year,2021,58016,164,0.0028268063982349696,0.16023919504422243,0.15789473684210525,0.9826256983240224,,False
r02v2_acceleration_and_gap_persistence_813ecf_312b95_23e5f3_4e0740_f5ca38,train,industry,UNKNOWN,291,2,0.006872852233676976,0.6494464944649446,1.0,,,False
r02v2_acceleration_and_gap_persistence_813ecf_312b95_23e5f3_4e0740_f5ca38,train,industry,交通运输,10877,14,0.0012871196101866323,0.07414104882459313,0.3333333333333333,6.2439024390243905,,True
r02v2_acceleration_and_gap_persistence_813ecf_312b95_23e5f3_4e0740_f5ca38,train,industry,传媒,3074,4,0.0013012361743656475,0.18161434977578475,0.5,4.506172839506173,,True
r02v2_acceleration_and_gap_persistence_813ecf_312b95_23e5f3_4e0740_f5ca38,train,industry,公用事业,7347,4,0.0005444399074452157,0.04852459016393443,0.0,0.0,,False
r02v2_acceleration_and_gap_persistence_813ecf_312b95_23e5f3_4e0740_f5ca38,train,industry,农林牧渔,2387,8,0.0033514872224549644,0.2973245835436648,0.375,1.4179966044142616,,True
r02v2_acceleration_and_gap_persistence_813ecf_312b95_23e5f3_4e0740_f5ca38,train,industry,医药生物,11970,18,0.0015037593984962407,0.1686527974146637,0.1875,1.13754030400737,,True
r02v2_acceleration_and_gap_persistence_813ecf_312b95_23e5f3_4e0740_f5ca38,train,industry,商贸零售,1068,3,0.0028089887640449437,0.013618677042801557,0.0,0.0,,False
r02v2_acceleration_and_gap_persistence_813ecf_312b95_23e5f3_4e0740_f5ca38,train,industry,国防军工,4054,15,0.00370004933399112,0.24723618090452262,0.2,0.7611788617886179,,False
r02v2_acceleration_and_gap_persistence_813ecf_312b95_23e5f3_4e0740_f5ca38,train,industry,基础化工,7744,39,0.005036157024793388,0.22428571428571428,0.52,3.7468152866242037,,True
r02v2_acceleration_and_gap_persistence_813ecf_312b95_23e5f3_4e0740_f5ca38,train,industry,家用电器,3834,12,0.003129890453834116,0.13067316478830338,0.25,2.2175602175602176,,True
r02v2_acceleration_and_gap_persistence_813ecf_312b95_23e5f3_4e0740_f5ca38,train,industry,建筑材料,2532,15,0.005924170616113744,0.19893333333333332,0.23076923076923078,1.2080428954423592,,True
r02v2_acceleration_and_gap_persistence_813ecf_312b95_23e5f3_4e0740_f5ca38,train,industry,建筑装饰,6300,5,0.0007936507936507937,0.043502101992323156,0.0,0.0,,False
r02v2_acceleration_and_gap_persistence_813ecf_312b95_23e5f3_4e0740_f5ca38,train,industry,房地产,8138,14,0.0017203244040304743,0.0890289001506643,0.0,0.0,,False
r02v2_acceleration_and_gap_persistence_813ecf_312b95_23e5f3_4e0740_f5ca38,train,industry,有色金属,6633,45,0.0067842605156037995,0.3010858835143139,0.3333333333333333,1.160655737704918,,True
r02v2_acceleration_and_gap_persistence_813ecf_312b95_23e5f3_4e0740_f5ca38,train,industry,机械设备,4135,10,0.0024183796856106408,0.20218068535825545,0.25,1.315356959424756,,True
r02v2_acceleration_and_gap_persistence_813ecf_312b95_23e5f3_4e0740_f5ca38,train,industry,汽车,9160,26,0.0028384279475982535,0.21002355404344414,0.2857142857142857,1.5045482866043616,,True
r02v2_acceleration_and_gap_persistence_813ecf_312b95_23e5f3_4e0740_f5ca38,train,industry,煤炭,3837,7,0.0018243419338024498,0.10199692780337942,0.0,0.0,,False
r02v2_acceleration_and_gap_persistence_813ecf_312b95_23e5f3_4e0740_f5ca38,train,industry,电力设备,6529,36,0.005513861234492265,0.27726787620064036,0.5416666666666666,3.080551473161173,,True
r02v2_acceleration_and_gap_persistence_813ecf_312b95_23e5f3_4e0740_f5ca38,train,industry,电子,13939,45,0.0032283521056029846,0.22510231923601637,0.17647058823529413,0.7376623376623377,,False
r02v2_acceleration_and_gap_persistence_813ecf_312b95_23e5f3_4e0740_f5ca38,train,industry,石油石化,1871,5,0.002672367717797969,0.0914396887159533,0.0,0.0,,False
r02v2_acceleration_and_gap_persistence_813ecf_312b95_23e5f3_4e0740_f5ca38,train,industry,社会服务,1212,1,0.0008250825082508251,0.34830339321357284,0.0,0.0,,False
r02v2_acceleration_and_gap_persistence_813ecf_312b95_23e5f3_4e0740_f5ca38,train,industry,纺织服饰,59,0,0.0,0.0,,,,False
r02v2_acceleration_and_gap_persistence_813ecf_312b95_23e5f3_4e0740_f5ca38,train,industry,综合,200,3,0.015,0.0,0.0,,,False
r02v2_acceleration_and_gap_persistence_813ecf_312b95_23e5f3_4e0740_f5ca38,train,industry,计算机,5783,15,0.002593809441466367,0.15142555438225977,0.07692307692307693,0.46699209669920966,,False
r02v2_acceleration_and_gap_persistence_813ecf_312b95_23e5f3_4e0740_f5ca38,train,industry,轻工制造,1373,2,0.0014566642388929353,0.17341640706126688,,,,False
r02v2_acceleration_and_gap_persistence_813ecf_312b95_23e5f3_4e0740_f5ca38,train,industry,通信,1947,3,0.0015408320493066256,0.12590361445783133,0.0,0.0,,False
r02v2_acceleration_and_gap_persistence_813ecf_312b95_23e5f3_4e0740_f5ca38,train,industry,钢铁,2714,8,0.0029476787030213707,0.20735632183908045,0.25,1.2742054693274205,,True
r02v2_acceleration_and_gap_persistence_813ecf_312b95_23e5f3_4e0740_f5ca38,train,industry,银行,19898,4,0.0002010252286661976,0.017777010700724887,0.25,18.417475728155342,,True
r02v2_acceleration_and_gap_persistence_813ecf_312b95_23e5f3_4e0740_f5ca38,train,industry,非银金融,21291,40,0.0018787281010755718,0.09593229593229594,0.05405405405405406,0.5385153264493049,,False
r02v2_acceleration_and_gap_persistence_813ecf_312b95_23e5f3_4e0740_f5ca38,train,industry,食品饮料,11030,15,0.0013599274705349048,0.2385047965597089,0.3076923076923077,1.4190167976575743,,True
r02v2_acceleration_and_gap_persistence_813ecf_312b95_23e5f3_4e0740_f5ca38,train,market_breadth_bucket,20_40,52057,97,0.0018633421057686766,0.13123300090661832,0.28169014084507044,2.5960919773781703,,True
r02v2_acceleration_and_gap_persistence_813ecf_312b95_23e5f3_4e0740_f5ca38,train,market_breadth_bucket,40_60,69473,136,0.0019575950369208183,0.15382680212868893,0.21875,1.5402289596175618,,True
r02v2_acceleration_and_gap_persistence_813ecf_312b95_23e5f3_4e0740_f5ca38,train,market_breadth_bucket,60_80,34933,92,0.00263361291615378,0.15999592971982904,0.3230769230769231,2.50575770424191,,True
r02v2_acceleration_and_gap_persistence_813ecf_312b95_23e5f3_4e0740_f5ca38,train,market_breadth_bucket,gte80,12103,71,0.0058663141369908285,0.11644236395552955,0.140625,1.241662859753312,,True
r02v2_acceleration_and_gap_persistence_813ecf_312b95_23e5f3_4e0740_f5ca38,train,market_breadth_bucket,lt20,12661,22,0.0017376194613379669,0.15269676388334,0.42105263157894735,4.035583464154893,,True
r02v2_acceleration_and_gap_persistence_813ecf_312b95_23e5f3_4e0740_f5ca38,train,liquidity_bucket,q1,36246,31,0.000855266788059372,0.08645480355343896,0.17857142857142858,2.297116801768607,,True
r02v2_acceleration_and_gap_persistence_813ecf_312b95_23e5f3_4e0740_f5ca38,train,liquidity_bucket,q2,36245,58,0.001600220720099324,0.11738645418326693,0.2127659574468085,2.032127158382928,,True
r02v2_acceleration_and_gap_persistence_813ecf_312b95_23e5f3_4e0740_f5ca38,train,liquidity_bucket,q3,36245,73,0.0020140709063319077,0.14913787408337187,0.3793103448275862,3.4865140888396704,,True
r02v2_acceleration_and_gap_persistence_813ecf_312b95_23e5f3_4e0740_f5ca38,train,liquidity_bucket,q4,36245,107,0.002952131328459098,0.17973777487181253,0.23076923076923078,1.36909821941413,,True
r02v2_acceleration_and_gap_persistence_813ecf_312b95_23e5f3_4e0740_f5ca38,train,liquidity_bucket,q5,36246,149,0.0041107984329305305,0.2094712818562191,0.23076923076923078,1.1321772289812966,,True
r02v2_acceleration_and_gap_persistence_813ecf_312b95_23e5f3_4e0740_f5ca38,train,market_cap_bucket,missing_mcap,181227,418,0.00230649958339541,0.14530399652766185,0.2507936507936508,1.9690158041500498,,True
r02v2_acceleration_and_gap_persistence_813ecf_312b95_23e5f3_4e0740_f5ca38,validation,calendar_year,2022,54682,59,0.0010789656559745437,0.06133046493944845,0.125,2.1864443388483306,,True
r02v2_acceleration_and_gap_persistence_813ecf_312b95_23e5f3_4e0740_f5ca38,validation,calendar_year,2023,54288,21,0.0003868258178603006,0.03144880135139992,0.16666666666666666,6.159542857142858,,True
r02v2_acceleration_and_gap_persistence_813ecf_312b95_23e5f3_4e0740_f5ca38,validation,industry,交通运输,6513,3,0.00046061722708429296,0.005277601857715854,0.3333333333333333,94.24000000000001,,True
r02v2_acceleration_and_gap_persistence_813ecf_312b95_23e5f3_4e0740_f5ca38,validation,industry,传媒,760,1,0.0013157894736842105,0.025925925925925925,0.0,0.0,,False
r02v2_acceleration_and_gap_persistence_813ecf_312b95_23e5f3_4e0740_f5ca38,validation,industry,公用事业,5881,3,0.0005101173269852066,0.009926731269203497,0.0,0.0,,False
r02v2_acceleration_and_gap_persistence_813ecf_312b95_23e5f3_4e0740_f5ca38,validation,industry,农林牧渔,1389,0,0.0,0.0,,,,False
r02v2_acceleration_and_gap_persistence_813ecf_312b95_23e5f3_4e0740_f5ca38,validation,industry,医药生物,6212,4,0.000643915003219575,0.01246507629486353,0.0,0.0,,False
r02v2_acceleration_and_gap_persistence_813ecf_312b95_23e5f3_4e0740_f5ca38,validation,industry,商贸零售,588,2,0.003401360544217687,0.0,0.0,,,False
r02v2_acceleration_and_gap_persistence_813ecf_312b95_23e5f3_4e0740_f5ca38,validation,industry,国防军工,3704,0,0.0,0.045689019896831246,,,,False
r02v2_acceleration_and_gap_persistence_813ecf_312b95_23e5f3_4e0740_f5ca38,validation,industry,基础化工,3129,4,0.001278363694471077,0.01854974704890388,0.0,0.0,,False
r02v2_acceleration_and_gap_persistence_813ecf_312b95_23e5f3_4e0740_f5ca38,validation,industry,家用电器,2371,1,0.00042176296921130323,0.062366737739872065,0.0,0.0,,False
r02v2_acceleration_and_gap_persistence_813ecf_312b95_23e5f3_4e0740_f5ca38,validation,industry,建筑材料,2032,1,0.0004921259842519685,0.012730744748567792,0.0,0.0,,False
r02v2_acceleration_and_gap_persistence_813ecf_312b95_23e5f3_4e0740_f5ca38,validation,industry,建筑装饰,4005,1,0.00024968789013732833,0.08305425318151373,0.0,0.0,,False
r02v2_acceleration_and_gap_persistence_813ecf_312b95_23e5f3_4e0740_f5ca38,validation,industry,房地产,1871,2,0.0010689470871191875,0.0020394289598912306,0.0,0.0,,False
r02v2_acceleration_and_gap_persistence_813ecf_312b95_23e5f3_4e0740_f5ca38,validation,industry,有色金属,4722,8,0.0016941973739940702,0.062482004031097035,0.25,5.001536098310292,,True
r02v2_acceleration_and_gap_persistence_813ecf_312b95_23e5f3_4e0740_f5ca38,validation,industry,机械设备,2227,0,0.0,0.009380863039399626,,,,False
r02v2_acceleration_and_gap_persistence_813ecf_312b95_23e5f3_4e0740_f5ca38,validation,industry,汽车,4805,8,0.0016649323621227888,0.1207473508087005,0.4,4.8545034642032325,,True
r02v2_acceleration_and_gap_persistence_813ecf_312b95_23e5f3_4e0740_f5ca38,validation,industry,煤炭,2613,3,0.001148105625717566,0.14240672622175513,0.3333333333333333,3.011070110701107,,True
r02v2_acceleration_and_gap_persistence_813ecf_312b95_23e5f3_4e0740_f5ca38,validation,industry,环保,22,0,0.0,0.0,,,,False
r02v2_acceleration_and_gap_persistence_813ecf_312b95_23e5f3_4e0740_f5ca38,validation,industry,电力设备,7740,12,0.0015503875968992248,0.054568937681627384,0.09090909090909091,1.7325443786982249,,True
r02v2_acceleration_and_gap_persistence_813ecf_312b95_23e5f3_4e0740_f5ca38,validation,industry,电子,6925,7,0.0010108303249097472,0.045023255813953486,0.0,0.0,,False
r02v2_acceleration_and_gap_persistence_813ecf_312b95_23e5f3_4e0740_f5ca38,validation,industry,石油石化,3489,5,0.0014330753797649756,0.12078220858895705,0.2,1.8198412698412698,,True
r02v2_acceleration_and_gap_persistence_813ecf_312b95_23e5f3_4e0740_f5ca38,validation,industry,社会服务,418,0,0.0,0.0,,,,False
r02v2_acceleration_and_gap_persistence_813ecf_312b95_23e5f3_4e0740_f5ca38,validation,industry,美容护理,42,0,0.0,0.0,,,,False
r02v2_acceleration_and_gap_persistence_813ecf_312b95_23e5f3_4e0740_f5ca38,validation,industry,计算机,4852,2,0.00041220115416323167,0.1811926605504587,0.5,4.518987341772152,,True
r02v2_acceleration_and_gap_persistence_813ecf_312b95_23e5f3_4e0740_f5ca38,validation,industry,轻工制造,1014,0,0.0,0.016455696202531647,,,,False
r02v2_acceleration_and_gap_persistence_813ecf_312b95_23e5f3_4e0740_f5ca38,validation,industry,通信,2156,1,0.00046382189239332097,0.25985221674876846,0.0,0.0,,False
r02v2_acceleration_and_gap_persistence_813ecf_312b95_23e5f3_4e0740_f5ca38,validation,industry,钢铁,1562,2,0.0012804097311139564,0.0008417508417508417,0.0,0.0,,False
r02v2_acceleration_and_gap_persistence_813ecf_312b95_23e5f3_4e0740_f5ca38,validation,industry,银行,10857,1,9.210647508519849e-05,0.012107129754188577,0.0,0.0,,False
r02v2_acceleration_and_gap_persistence_813ecf_312b95_23e5f3_4e0740_f5ca38,validation,industry,非银金融,10357,5,0.0004827652795210968,0.05245639728398349,0.0,0.0,,False
r02v2_acceleration_and_gap_persistence_813ecf_312b95_23e5f3_4e0740_f5ca38,validation,industry,食品饮料,6714,4,0.0005957700327673518,0.018645731108930325,0.0,0.0,,False
r02v2_acceleration_and_gap_persistence_813ecf_312b95_23e5f3_4e0740_f5ca38,validation,market_breadth_bucket,20_40,38267,20,0.0005226435309796953,0.04422961153015333,0.2222222222222222,6.17408212284113,,True
r02v2_acceleration_and_gap_persistence_813ecf_312b95_23e5f3_4e0740_f5ca38,validation,market_breadth_bucket,40_60,31511,26,0.0008251086922027228,0.04761704454633408,0.05,1.0526780732750605,,True
r02v2_acceleration_and_gap_persistence_813ecf_312b95_23e5f3_4e0740_f5ca38,validation,market_breadth_bucket,60_80,22069,15,0.0006796864379899406,0.05374806340126326,0.07692307692307693,1.467110125646711,,True
r02v2_acceleration_and_gap_persistence_813ecf_312b95_23e5f3_4e0740_f5ca38,validation,market_breadth_bucket,gte80,4769,4,0.000838750262109457,0.0506248676127939,0.5,18.753138075313807,,True
r02v2_acceleration_and_gap_persistence_813ecf_312b95_23e5f3_4e0740_f5ca38,validation,market_breadth_bucket,lt20,12354,15,0.0012141816415735794,0.08020415603353992,0.13333333333333333,1.7643356643356645,,True
r02v2_acceleration_and_gap_persistence_813ecf_312b95_23e5f3_4e0740_f5ca38,validation,liquidity_bucket,q1,17774,2,0.00011252391133115787,0.05261849519390123,0.0,0.0,,False
r02v2_acceleration_and_gap_persistence_813ecf_312b95_23e5f3_4e0740_f5ca38,validation,liquidity_bucket,q2,24264,12,0.0004945598417408506,0.05132679463264938,0.1111111111111111,2.3103751465416176,,True
r02v2_acceleration_and_gap_persistence_813ecf_312b95_23e5f3_4e0740_f5ca38,validation,liquidity_bucket,q3,24085,16,0.0006643138883122275,0.05715068493150685,0.15384615384615385,2.999564194195066,,True
r02v2_acceleration_and_gap_persistence_813ecf_312b95_23e5f3_4e0740_f5ca38,validation,liquidity_bucket,q4,25304,20,0.0007903888713246917,0.04740770627395602,0.17647058823529413,4.3057750759878415,,True
r02v2_acceleration_and_gap_persistence_813ecf_312b95_23e5f3_4e0740_f5ca38,validation,liquidity_bucket,q5,17543,30,0.0017100837941059113,0.04746645303424795,0.10714285714285714,2.4081012658227845,,True
r02v2_acceleration_and_gap_persistence_813ecf_312b95_23e5f3_4e0740_f5ca38,validation,market_cap_bucket,missing_mcap,108970,80,0.0007341470129393411,0.05115971814445097,0.1323529411764706,2.829146706222795,,True
r02v2_acceleration_and_gap_persistence_813ecf_312b95_23e5f3_4e0740_f5ca38,robustness,calendar_year,2024,51442,181,0.0035185257182846702,0.08595520006304301,0.054878048780487805,0.6174561747244054,,False
r02v2_acceleration_and_gap_persistence_813ecf_312b95_23e5f3_4e0740_f5ca38,robustness,calendar_year,2025,58068,99,0.0017048977061376318,0.1232891872947947,0.42105263157894735,5.171644633044992,,True
r02v2_acceleration_and_gap_persistence_813ecf_312b95_23e5f3_4e0740_f5ca38,robustness,industry,交通运输,8182,12,0.0014666340747983377,0.01820633850303439,0.0,0.0,,False
r02v2_acceleration_and_gap_persistence_813ecf_312b95_23e5f3_4e0740_f5ca38,robustness,industry,传媒,642,2,0.003115264797507788,0.0027397260273972603,0.5,364.0,,True
r02v2_acceleration_and_gap_persistence_813ecf_312b95_23e5f3_4e0740_f5ca38,robustness,industry,公用事业,6965,3,0.00043072505384063173,0.009879470460383323,0.0,0.0,,False
r02v2_acceleration_and_gap_persistence_813ecf_312b95_23e5f3_4e0740_f5ca38,robustness,industry,农林牧渔,970,2,0.002061855670103093,0.04395604395604396,0.0,0.0,,False
r02v2_acceleration_and_gap_persistence_813ecf_312b95_23e5f3_4e0740_f5ca38,robustness,industry,医药生物,5437,11,0.0020231745447857274,0.04722222222222222,0.0,0.0,,False
r02v2_acceleration_and_gap_persistence_813ecf_312b95_23e5f3_4e0740_f5ca38,robustness,industry,商贸零售,908,3,0.003303964757709251,0.21489001692047377,0.0,0.0,,False
r02v2_acceleration_and_gap_persistence_813ecf_312b95_23e5f3_4e0740_f5ca38,robustness,industry,国防军工,4028,6,0.0014895729890764648,0.08613089182773821,0.5,10.61023622047244,,True
r02v2_acceleration_and_gap_persistence_813ecf_312b95_23e5f3_4e0740_f5ca38,robustness,industry,基础化工,3595,9,0.0025034770514603616,0.04547267650578381,0.0,0.0,,False
r02v2_acceleration_and_gap_persistence_813ecf_312b95_23e5f3_4e0740_f5ca38,robustness,industry,家用电器,2133,7,0.0032817627754336614,0.10819462227912932,0.0,0.0,,False
r02v2_acceleration_and_gap_persistence_813ecf_312b95_23e5f3_4e0740_f5ca38,robustness,industry,建筑材料,944,4,0.00423728813559322,0.0,0.0,,,False
r02v2_acceleration_and_gap_persistence_813ecf_312b95_23e5f3_4e0740_f5ca38,robustness,industry,建筑装饰,3925,12,0.003057324840764331,0.042545949625595644,0.0,0.0,,False
r02v2_acceleration_and_gap_persistence_813ecf_312b95_23e5f3_4e0740_f5ca38,robustness,industry,房地产,1624,4,0.0024630541871921183,0.07578397212543554,0.0,0.0,,False
r02v2_acceleration_and_gap_persistence_813ecf_312b95_23e5f3_4e0740_f5ca38,robustness,industry,有色金属,6072,42,0.00691699604743083,0.27655629139072846,0.16666666666666666,0.5231800766283524,,False
r02v2_acceleration_and_gap_persistence_813ecf_312b95_23e5f3_4e0740_f5ca38,robustness,industry,机械设备,2827,8,0.002829854969932791,0.11466666666666667,0.0,0.0,,False
r02v2_acceleration_and_gap_persistence_813ecf_312b95_23e5f3_4e0740_f5ca38,robustness,industry,汽车,5634,17,0.003017394391196308,0.12,0.13333333333333333,1.1282051282051284,,True
r02v2_acceleration_and_gap_persistence_813ecf_312b95_23e5f3_4e0740_f5ca38,robustness,industry,煤炭,2248,3,0.0013345195729537367,0.0028538812785388126,0.0,0.0,,False
r02v2_acceleration_and_gap_persistence_813ecf_312b95_23e5f3_4e0740_f5ca38,robustness,industry,环保,33,0,0.0,,,,,False
r02v2_acceleration_and_gap_persistence_813ecf_312b95_23e5f3_4e0740_f5ca38,robustness,industry,电力设备,4532,18,0.003971756398940865,0.16707105719237436,0.14285714285714285,0.8309128630705395,,False
r02v2_acceleration_and_gap_persistence_813ecf_312b95_23e5f3_4e0740_f5ca38,robustness,industry,电子,8157,37,0.004535981365698174,0.28717948717948716,0.3181818181818182,1.1583333333333332,,True
r02v2_acceleration_and_gap_persistence_813ecf_312b95_23e5f3_4e0740_f5ca38,robustness,industry,石油石化,3467,3,0.0008653014133256418,0.014976958525345621,0.0,0.0,,False
r02v2_acceleration_and_gap_persistence_813ecf_312b95_23e5f3_4e0740_f5ca38,robustness,industry,综合,93,2,0.021505376344086023,,,,,False
r02v2_acceleration_and_gap_persistence_813ecf_312b95_23e5f3_4e0740_f5ca38,robustness,industry,计算机,4586,19,0.004143044047099869,0.14553404122423486,0.2,1.4678111587982834,,True
r02v2_acceleration_and_gap_persistence_813ecf_312b95_23e5f3_4e0740_f5ca38,robustness,industry,轻工制造,485,1,0.002061855670103093,0.0,0.0,,,False
r02v2_acceleration_and_gap_persistence_813ecf_312b95_23e5f3_4e0740_f5ca38,robustness,industry,通信,2351,6,0.002552105487026797,0.08184143222506395,0.0,0.0,,False
r02v2_acceleration_and_gap_persistence_813ecf_312b95_23e5f3_4e0740_f5ca38,robustness,industry,钢铁,1457,4,0.002745367192862045,0.16666666666666666,0.0,0.0,,False
r02v2_acceleration_and_gap_persistence_813ecf_312b95_23e5f3_4e0740_f5ca38,robustness,industry,银行,11572,10,0.0008641548565502938,0.006107398017976493,0.0,0.0,,False
r02v2_acceleration_and_gap_persistence_813ecf_312b95_23e5f3_4e0740_f5ca38,robustness,industry,非银金融,10851,23,0.0021196203114920284,0.2089916506101477,0.0,0.0,,False
r02v2_acceleration_and_gap_persistence_813ecf_312b95_23e5f3_4e0740_f5ca38,robustness,industry,食品饮料,5792,12,0.0020718232044198894,0.03466243769823289,0.0,0.0,,False
r02v2_acceleration_and_gap_persistence_813ecf_312b95_23e5f3_4e0740_f5ca38,robustness,market_breadth_bucket,20_40,35250,32,0.0009078014184397163,0.11550195104647037,0.2727272727272727,2.871698402948403,,True
r02v2_acceleration_and_gap_persistence_813ecf_312b95_23e5f3_4e0740_f5ca38,robustness,market_breadth_bucket,40_60,32955,31,0.0009406766803216508,0.1068289384719405,0.4,5.5738396624472575,,True
r02v2_acceleration_and_gap_persistence_813ecf_312b95_23e5f3_4e0740_f5ca38,robustness,market_breadth_bucket,60_80,24335,44,0.0018080953359358948,0.08776924981431047,0.25,3.464503996238834,,True
r02v2_acceleration_and_gap_persistence_813ecf_312b95_23e5f3_4e0740_f5ca38,robustness,market_breadth_bucket,gte80,11783,173,0.014682169226852245,0.05134474327628362,0.047619047619047616,0.9238095238095239,,False
r02v2_acceleration_and_gap_persistence_813ecf_312b95_23e5f3_4e0740_f5ca38,robustness,market_breadth_bucket,lt20,5187,0,0.0,0.08610271903323263,,,,False
r02v2_acceleration_and_gap_persistence_813ecf_312b95_23e5f3_4e0740_f5ca38,robustness,liquidity_bucket,q1,10959,25,0.0022812300392371565,0.09308119125806817,0.045454545454545456,0.4639670953539567,,False
r02v2_acceleration_and_gap_persistence_813ecf_312b95_23e5f3_4e0740_f5ca38,robustness,liquidity_bucket,q2,21439,54,0.002518774196557675,0.08391329150028523,0.025,0.2799246980076348,,False
r02v2_acceleration_and_gap_persistence_813ecf_312b95_23e5f3_4e0740_f5ca38,robustness,liquidity_bucket,q3,25027,58,0.002317497103128621,0.0959037711313394,0.06976744186046512,0.7070338983050848,,False
r02v2_acceleration_and_gap_persistence_813ecf_312b95_23e5f3_4e0740_f5ca38,robustness,liquidity_bucket,q4,26590,59,0.0022188792779240314,0.08777412576108627,0.1111111111111111,1.299109883364027,,True
r02v2_acceleration_and_gap_persistence_813ecf_312b95_23e5f3_4e0740_f5ca38,robustness,liquidity_bucket,q5,25495,84,0.003294763679152775,0.13892339544513457,0.21212121212121213,1.6687492835033817,,True
r02v2_acceleration_and_gap_persistence_813ecf_312b95_23e5f3_4e0740_f5ca38,robustness,market_cap_bucket,missing_mcap,109510,280,0.0025568441238243084,0.09895204582231013,0.09289617486338798,0.9325324660093979,,False
r02v2_near_high_persistence_persistence_4b3435_8aed64_23e5f3_ef2d12_f5ca38,train,calendar_year,2017,8918,159,0.017829109665844358,0.048822515795519814,0.05844155844155844,1.2092494929006083,,True
r02v2_near_high_persistence_persistence_4b3435_8aed64_23e5f3_ef2d12_f5ca38,train,calendar_year,2018,32151,417,0.012970047587944388,0.05874398565992641,0.0488997555012225,0.823805618095044,,False
r02v2_near_high_persistence_persistence_4b3435_8aed64_23e5f3_ef2d12_f5ca38,train,calendar_year,2019,35369,684,0.019338969153778734,0.09557335461619589,0.10730253353204174,1.1374758706602663,,True
r02v2_near_high_persistence_persistence_4b3435_8aed64_23e5f3_ef2d12_f5ca38,train,calendar_year,2020,46773,866,0.01851495520920189,0.25170303410393374,0.31234866828087166,1.3503828192974325,,True
r02v2_near_high_persistence_persistence_4b3435_8aed64_23e5f3_ef2d12_f5ca38,train,calendar_year,2021,58016,952,0.016409266409266408,0.16023919504422243,0.15184381778741865,0.938227435739902,,False
r02v2_near_high_persistence_persistence_4b3435_8aed64_23e5f3_ef2d12_f5ca38,train,industry,UNKNOWN,291,6,0.020618556701030927,0.6494464944649446,0.4,0.35984848484848486,,False
r02v2_near_high_persistence_persistence_4b3435_8aed64_23e5f3_ef2d12_f5ca38,train,industry,交通运输,10877,182,0.01673255493242622,0.07414104882459313,0.0967741935483871,1.3379790940766554,,True
r02v2_near_high_persistence_persistence_4b3435_8aed64_23e5f3_ef2d12_f5ca38,train,industry,传媒,3074,52,0.016916070266753416,0.18161434977578475,0.16279069767441862,0.8762002743484226,,False
r02v2_near_high_persistence_persistence_4b3435_8aed64_23e5f3_ef2d12_f5ca38,train,industry,公用事业,7347,125,0.017013747107662992,0.04852459016393443,0.03296703296703297,0.668458230958231,,False
r02v2_near_high_persistence_persistence_4b3435_8aed64_23e5f3_ef2d12_f5ca38,train,industry,农林牧渔,2387,50,0.02094679514034353,0.2973245835436648,0.3333333333333333,1.1816638370118846,,True
r02v2_near_high_persistence_persistence_4b3435_8aed64_23e5f3_ef2d12_f5ca38,train,industry,医药生物,11970,229,0.019131161236424395,0.1686527974146637,0.17525773195876287,1.0474850299401197,,True
r02v2_near_high_persistence_persistence_4b3435_8aed64_23e5f3_ef2d12_f5ca38,train,industry,商贸零售,1068,18,0.016853932584269662,0.013618677042801557,0.0,0.0,,False
r02v2_near_high_persistence_persistence_4b3435_8aed64_23e5f3_ef2d12_f5ca38,train,industry,国防军工,4054,79,0.019486926492353233,0.24723618090452262,0.24074074074074073,0.9653975808050763,,False
r02v2_near_high_persistence_persistence_4b3435_8aed64_23e5f3_ef2d12_f5ca38,train,industry,基础化工,7744,172,0.02221074380165289,0.22428571428571428,0.344,1.813655429547926,,True
r02v2_near_high_persistence_persistence_4b3435_8aed64_23e5f3_ef2d12_f5ca38,train,industry,家用电器,3834,65,0.01695357329160146,0.13067316478830338,0.1864406779661017,1.5245726495726493,,True
r02v2_near_high_persistence_persistence_4b3435_8aed64_23e5f3_ef2d12_f5ca38,train,industry,建筑材料,2532,60,0.023696682464454975,0.19893333333333332,0.19047619047619047,0.9474846238763602,,False
r02v2_near_high_persistence_persistence_4b3435_8aed64_23e5f3_ef2d12_f5ca38,train,industry,建筑装饰,6300,68,0.010793650793650795,0.043502101992323156,0.0392156862745098,0.8974446921625794,,False
r02v2_near_high_persistence_persistence_4b3435_8aed64_23e5f3_ef2d12_f5ca38,train,industry,房地产,8138,120,0.014745637748832637,0.0890289001506643,0.06542056074766354,0.7162615384615385,,False
r02v2_near_high_persistence_persistence_4b3435_8aed64_23e5f3_ef2d12_f5ca38,train,industry,有色金属,6633,119,0.01794060003015227,0.3010858835143139,0.34782608695652173,1.2380327868852459,,True
r02v2_near_high_persistence_persistence_4b3435_8aed64_23e5f3_ef2d12_f5ca38,train,industry,机械设备,4135,72,0.017412333736396616,0.20218068535825545,0.2631578947368421,1.4093110279550956,,True
r02v2_near_high_persistence_persistence_4b3435_8aed64_23e5f3_ef2d12_f5ca38,train,industry,汽车,9160,164,0.017903930131004366,0.21002355404344414,0.20833333333333334,0.9898343990818166,,False
r02v2_near_high_persistence_persistence_4b3435_8aed64_23e5f3_ef2d12_f5ca38,train,industry,煤炭,3837,67,0.01746155850925202,0.10199692780337942,0.14545454545454545,1.4985901051012562,,True
r02v2_near_high_persistence_persistence_4b3435_8aed64_23e5f3_ef2d12_f5ca38,train,industry,电力设备,6529,129,0.019758002756930616,0.27726787620064036,0.24210526315789474,0.8326704302454879,,False
r02v2_near_high_persistence_persistence_4b3435_8aed64_23e5f3_ef2d12_f5ca38,train,industry,电子,13939,257,0.018437477580888154,0.22510231923601637,0.23300970873786409,1.045799769850403,,True
r02v2_near_high_persistence_persistence_4b3435_8aed64_23e5f3_ef2d12_f5ca38,train,industry,石油石化,1871,31,0.016568679850347406,0.0914396887159533,0.038461538461538464,0.39744680851063824,,False
r02v2_near_high_persistence_persistence_4b3435_8aed64_23e5f3_ef2d12_f5ca38,train,industry,社会服务,1212,29,0.02392739273927393,0.34830339321357284,0.25,0.623686723973257,,False
r02v2_near_high_persistence_persistence_4b3435_8aed64_23e5f3_ef2d12_f5ca38,train,industry,纺织服饰,59,2,0.03389830508474576,0.0,0.0,,,False
r02v2_near_high_persistence_persistence_4b3435_8aed64_23e5f3_ef2d12_f5ca38,train,industry,综合,200,3,0.015,0.0,0.0,,,False
r02v2_near_high_persistence_persistence_4b3435_8aed64_23e5f3_ef2d12_f5ca38,train,industry,计算机,5783,101,0.017464983572540203,0.15142555438225977,0.1728395061728395,1.170965257395033,,True
r02v2_near_high_persistence_persistence_4b3435_8aed64_23e5f3_ef2d12_f5ca38,train,industry,轻工制造,1373,29,0.02112163146394756,0.17341640706126688,0.16,0.9078984887368121,,False
r02v2_near_high_persistence_persistence_4b3435_8aed64_23e5f3_ef2d12_f5ca38,train,industry,通信,1947,30,0.015408320493066256,0.12590361445783133,0.1111111111111111,0.8678229665071772,,False
r02v2_near_high_persistence_persistence_4b3435_8aed64_23e5f3_ef2d12_f5ca38,train,industry,钢铁,2714,44,0.016212232866617538,0.20735632183908045,0.16129032258064516,0.7351185399965888,,False
r02v2_near_high_persistence_persistence_4b3435_8aed64_23e5f3_ef2d12_f5ca38,train,industry,银行,19898,305,0.015328173685797567,0.017777010700724887,0.01444043321299639,0.8095593726661688,,False
r02v2_near_high_persistence_persistence_4b3435_8aed64_23e5f3_ef2d12_f5ca38,train,industry,非银金融,21291,249,0.011695082429195435,0.09593229593229594,0.11274509803921569,1.1975271762201392,,True
r02v2_near_high_persistence_persistence_4b3435_8aed64_23e5f3_ef2d12_f5ca38,train,industry,食品饮料,11030,221,0.020036264732547597,0.2385047965597089,0.28272251308900526,1.2584711015722283,,True
r02v2_near_high_persistence_persistence_4b3435_8aed64_23e5f3_ef2d12_f5ca38,train,market_breadth_bucket,20_40,52057,476,0.00914382311696794,0.13123300090661832,0.14402173913043478,1.1138470817227293,,True
r02v2_near_high_persistence_persistence_4b3435_8aed64_23e5f3_ef2d12_f5ca38,train,market_breadth_bucket,40_60,69473,1137,0.016366070271904194,0.15382680212868893,0.1917808219178082,1.3052787793369167,,True
r02v2_near_high_persistence_persistence_4b3435_8aed64_23e5f3_ef2d12_f5ca38,train,market_breadth_bucket,60_80,34933,899,0.025734978387198352,0.15999592971982904,0.19398907103825136,1.2635975896774378,,True
r02v2_near_high_persistence_persistence_4b3435_8aed64_23e5f3_ef2d12_f5ca38,train,market_breadth_bucket,gte80,12103,535,0.04420391638436751,0.11644236395552955,0.11478599221789883,0.9839306422220996,,False
r02v2_near_high_persistence_persistence_4b3435_8aed64_23e5f3_ef2d12_f5ca38,train,market_breadth_bucket,lt20,12661,31,0.0024484637864307717,0.15269676388334,0.22580645161290322,1.6184371184371185,,True
r02v2_near_high_persistence_persistence_4b3435_8aed64_23e5f3_ef2d12_f5ca38,train,liquidity_bucket,q1,36246,628,0.017326049771009214,0.08645480355343896,0.08093525179856115,0.9305345948456001,,False
r02v2_near_high_persistence_persistence_4b3435_8aed64_23e5f3_ef2d12_f5ca38,train,liquidity_bucket,q2,36245,694,0.019147468616360876,0.11738645418326693,0.15488215488215487,1.3779603281146389,,True
r02v2_near_high_persistence_persistence_4b3435_8aed64_23e5f3_ef2d12_f5ca38,train,liquidity_bucket,q3,36245,609,0.016802317561042904,0.14913787408337187,0.17092337917485265,1.176191525877407,,True
r02v2_near_high_persistence_persistence_4b3435_8aed64_23e5f3_ef2d12_f5ca38,train,liquidity_bucket,q4,36245,610,0.016829907573458407,0.17973777487181253,0.2543103448275862,1.5563929661933267,,True
r02v2_near_high_persistence_persistence_4b3435_8aed64_23e5f3_ef2d12_f5ca38,train,liquidity_bucket,q5,36246,537,0.014815427909286543,0.2094712818562191,0.2185929648241206,1.0557279627156786,,True
r02v2_near_high_persistence_persistence_4b3435_8aed64_23e5f3_ef2d12_f5ca38,train,market_cap_bucket,missing_mcap,181227,3078,0.016984224205002566,0.14530399652766185,0.1701705672352241,1.2062288892911373,,True
r02v2_near_high_persistence_persistence_4b3435_8aed64_23e5f3_ef2d12_f5ca38,validation,calendar_year,2022,54682,751,0.013733952671811565,0.06133046493944845,0.06713286713286713,1.1014172381604783,,True
r02v2_near_high_persistence_persistence_4b3435_8aed64_23e5f3_ef2d12_f5ca38,validation,calendar_year,2023,54288,742,0.013667845564397289,0.03144880135139992,0.039301310043668124,1.2599064935064934,,True
r02v2_near_high_persistence_persistence_4b3435_8aed64_23e5f3_ef2d12_f5ca38,validation,industry,交通运输,6513,109,0.01673575925072931,0.005277601857715854,0.023529411764705882,4.541686746987952,,True
r02v2_near_high_persistence_persistence_4b3435_8aed64_23e5f3_ef2d12_f5ca38,validation,industry,传媒,760,12,0.015789473684210527,0.025925925925925925,0.0,0.0,,False
r02v2_near_high_persistence_persistence_4b3435_8aed64_23e5f3_ef2d12_f5ca38,validation,industry,公用事业,5881,97,0.01649379357252168,0.009926731269203497,0.014492753623188406,1.466736694677871,,True
r02v2_near_high_persistence_persistence_4b3435_8aed64_23e5f3_ef2d12_f5ca38,validation,industry,农林牧渔,1389,13,0.009359251259899209,0.0,0.0,,,False
r02v2_near_high_persistence_persistence_4b3435_8aed64_23e5f3_ef2d12_f5ca38,validation,industry,医药生物,6212,90,0.014488087572440437,0.01246507629486353,0.014492753623188406,1.1650608519269778,,True
r02v2_near_high_persistence_persistence_4b3435_8aed64_23e5f3_ef2d12_f5ca38,validation,industry,商贸零售,588,9,0.015306122448979591,0.0,0.0,,,False
r02v2_near_high_persistence_persistence_4b3435_8aed64_23e5f3_ef2d12_f5ca38,validation,industry,国防军工,3704,46,0.012419006479481642,0.045689019896831246,0.075,1.6935483870967742,,True
r02v2_near_high_persistence_persistence_4b3435_8aed64_23e5f3_ef2d12_f5ca38,validation,industry,基础化工,3129,43,0.013742409715564077,0.01854974704890388,0.030303030303030304,1.653409090909091,,True
r02v2_near_high_persistence_persistence_4b3435_8aed64_23e5f3_ef2d12_f5ca38,validation,industry,家用电器,2371,31,0.013074652045550401,0.062366737739872065,0.1111111111111111,1.8792735042735043,,True
r02v2_near_high_persistence_persistence_4b3435_8aed64_23e5f3_ef2d12_f5ca38,validation,industry,建筑材料,2032,18,0.008858267716535433,0.012730744748567792,0.0,0.0,,False
r02v2_near_high_persistence_persistence_4b3435_8aed64_23e5f3_ef2d12_f5ca38,validation,industry,建筑装饰,4005,58,0.014481897627965043,0.08305425318151373,0.06,0.7047014413177763,,False
r02v2_near_high_persistence_persistence_4b3435_8aed64_23e5f3_ef2d12_f5ca38,validation,industry,房地产,1871,26,0.01389631213254944,0.0020394289598912306,0.0,0.0,,False
r02v2_near_high_persistence_persistence_4b3435_8aed64_23e5f3_ef2d12_f5ca38,validation,industry,有色金属,4722,66,0.01397712833545108,0.062482004031097035,0.058823529411764705,0.9377880184331797,,False
r02v2_near_high_persistence_persistence_4b3435_8aed64_23e5f3_ef2d12_f5ca38,validation,industry,机械设备,2227,27,0.012123933542882801,0.009380863039399626,0.0,0.0,,False
r02v2_near_high_persistence_persistence_4b3435_8aed64_23e5f3_ef2d12_f5ca38,validation,industry,汽车,4805,60,0.012486992715920915,0.1207473508087005,0.09090909090909091,0.728175519630485,,False
r02v2_near_high_persistence_persistence_4b3435_8aed64_23e5f3_ef2d12_f5ca38,validation,industry,煤炭,2613,56,0.021431305013394564,0.14240672622175513,0.15,1.062730627306273,,True
r02v2_near_high_persistence_persistence_4b3435_8aed64_23e5f3_ef2d12_f5ca38,validation,industry,环保,22,1,0.045454545454545456,0.0,0.0,,,False
r02v2_near_high_persistence_persistence_4b3435_8aed64_23e5f3_ef2d12_f5ca38,validation,industry,电力设备,7740,80,0.0103359173126615,0.054568937681627384,0.057971014492753624,1.0661811561219845,,True
r02v2_near_high_persistence_persistence_4b3435_8aed64_23e5f3_ef2d12_f5ca38,validation,industry,电子,6925,84,0.012129963898916967,0.045023255813953486,0.07352941176470588,1.6833923652105471,,True
r02v2_near_high_persistence_persistence_4b3435_8aed64_23e5f3_ef2d12_f5ca38,validation,industry,石油石化,3489,49,0.01404413872169676,0.12078220858895705,0.175,1.5441077441077442,,True
r02v2_near_high_persistence_persistence_4b3435_8aed64_23e5f3_ef2d12_f5ca38,validation,industry,社会服务,418,8,0.019138755980861243,0.0,0.0,,,False
r02v2_near_high_persistence_persistence_4b3435_8aed64_23e5f3_ef2d12_f5ca38,validation,industry,美容护理,42,2,0.047619047619047616,0.0,0.0,,,False
r02v2_near_high_persistence_persistence_4b3435_8aed64_23e5f3_ef2d12_f5ca38,validation,industry,计算机,4852,60,0.01236603462489695,0.1811926605504587,0.19230769230769232,1.0759493670886078,,True
r02v2_near_high_persistence_persistence_4b3435_8aed64_23e5f3_ef2d12_f5ca38,validation,industry,轻工制造,1014,8,0.007889546351084813,0.016455696202531647,0.0,0.0,,False
r02v2_near_high_persistence_persistence_4b3435_8aed64_23e5f3_ef2d12_f5ca38,validation,industry,通信,2156,31,0.01437847866419295,0.25985221674876846,0.28,1.1076882569773565,,True
r02v2_near_high_persistence_persistence_4b3435_8aed64_23e5f3_ef2d12_f5ca38,validation,industry,钢铁,1562,21,0.013444302176696543,0.0008417508417508417,0.0,0.0,,False
r02v2_near_high_persistence_persistence_4b3435_8aed64_23e5f3_ef2d12_f5ca38,validation,industry,银行,10857,173,0.01593442018973934,0.012107129754188577,0.014814814814814815,1.2270069112174375,,True
r02v2_near_high_persistence_persistence_4b3435_8aed64_23e5f3_ef2d12_f5ca38,validation,industry,非银金融,10357,136,0.013131215602973834,0.05245639728398349,0.038834951456310676,0.7298364354201917,,False
r02v2_near_high_persistence_persistence_4b3435_8aed64_23e5f3_ef2d12_f5ca38,validation,industry,食品饮料,6714,79,0.011766458147155198,0.018645731108930325,0.0,0.0,,False
r02v2_near_high_persistence_persistence_4b3435_8aed64_23e5f3_ef2d12_f5ca38,validation,market_breadth_bucket,20_40,38267,262,0.006846630255834009,0.04422961153015333,0.0481283422459893,1.092604420615144,,True
r02v2_near_high_persistence_persistence_4b3435_8aed64_23e5f3_ef2d12_f5ca38,validation,market_breadth_bucket,40_60,31511,484,0.015359715654850687,0.04761704454633408,0.04221635883905013,0.8815816371229156,,False
r02v2_near_high_persistence_persistence_4b3435_8aed64_23e5f3_ef2d12_f5ca38,validation,market_breadth_bucket,60_80,22069,508,0.02301871403325932,0.05374806340126326,0.06493506493506493,1.2225917713722594,,True
r02v2_near_high_persistence_persistence_4b3435_8aed64_23e5f3_ef2d12_f5ca38,validation,market_breadth_bucket,gte80,4769,213,0.04466345145732858,0.0506248676127939,0.05339805825242718,1.0578693273253943,,True
r02v2_near_high_persistence_persistence_4b3435_8aed64_23e5f3_ef2d12_f5ca38,validation,market_breadth_bucket,lt20,12354,26,0.002104581512060871,0.08020415603353992,0.3125,5.212809917355372,,True
r02v2_near_high_persistence_persistence_4b3435_8aed64_23e5f3_ef2d12_f5ca38,validation,liquidity_bucket,q1,17774,318,0.0178913019016541,0.05261849519390123,0.05531914893617021,1.0543307086614173,,True
r02v2_near_high_persistence_persistence_4b3435_8aed64_23e5f3_ef2d12_f5ca38,validation,liquidity_bucket,q2,24264,336,0.013847675568743818,0.05132679463264938,0.05976095617529881,1.1747670236652294,,True
r02v2_near_high_persistence_persistence_4b3435_8aed64_23e5f3_ef2d12_f5ca38,validation,liquidity_bucket,q3,24085,341,0.014158189744654348,0.05715068493150685,0.06569343065693431,1.1599877157238734,,True
r02v2_near_high_persistence_persistence_4b3435_8aed64_23e5f3_ef2d12_f5ca38,validation,liquidity_bucket,q4,25304,309,0.012211508061966487,0.04740770627395602,0.05263157894736842,1.1163120567375886,,True
r02v2_near_high_persistence_persistence_4b3435_8aed64_23e5f3_ef2d12_f5ca38,validation,liquidity_bucket,q5,17543,189,0.01077352790286724,0.04746645303424795,0.04216867469879518,0.8834753071676884,,False
r02v2_near_high_persistence_persistence_4b3435_8aed64_23e5f3_ef2d12_f5ca38,validation,market_cap_bucket,missing_mcap,108970,1493,0.013701018628980453,0.05115971814445097,0.056265984654731455,1.1057610432632303,,True
r02v2_near_high_persistence_persistence_4b3435_8aed64_23e5f3_ef2d12_f5ca38,robustness,calendar_year,2024,51442,942,0.018311885229967732,0.08595520006304301,0.05970149253731343,0.6751725367356813,,False
r02v2_near_high_persistence_persistence_4b3435_8aed64_23e5f3_ef2d12_f5ca38,robustness,calendar_year,2025,58068,976,0.016807880416063924,0.1232891872947947,0.1016949152542373,0.805020155143796,,False
r02v2_near_high_persistence_persistence_4b3435_8aed64_23e5f3_ef2d12_f5ca38,robustness,industry,交通运输,8182,123,0.015032999266682962,0.01820633850303439,0.03296703296703297,1.8383838383838382,,True
r02v2_near_high_persistence_persistence_4b3435_8aed64_23e5f3_ef2d12_f5ca38,robustness,industry,传媒,642,14,0.021806853582554516,0.0027397260273972603,0.0,0.0,,False
r02v2_near_high_persistence_persistence_4b3435_8aed64_23e5f3_ef2d12_f5ca38,robustness,industry,公用事业,6965,116,0.01665470208183776,0.009879470460383323,0.02197802197802198,2.2521348314606744,,True
r02v2_near_high_persistence_persistence_4b3435_8aed64_23e5f3_ef2d12_f5ca38,robustness,industry,农林牧渔,970,14,0.01443298969072165,0.04395604395604396,0.0,0.0,,False
r02v2_near_high_persistence_persistence_4b3435_8aed64_23e5f3_ef2d12_f5ca38,robustness,industry,医药生物,5437,81,0.014897921647967629,0.04722222222222222,0.07142857142857142,1.5520361990950224,,True
r02v2_near_high_persistence_persistence_4b3435_8aed64_23e5f3_ef2d12_f5ca38,robustness,industry,商贸零售,908,14,0.015418502202643172,0.21489001692047377,0.14285714285714285,0.6089238845144357,,False
r02v2_near_high_persistence_persistence_4b3435_8aed64_23e5f3_ef2d12_f5ca38,robustness,industry,国防军工,4028,69,0.017130089374379345,0.08613089182773821,0.022727272727272728,0.2467496795458707,,False
r02v2_near_high_persistence_persistence_4b3435_8aed64_23e5f3_ef2d12_f5ca38,robustness,industry,基础化工,3595,81,0.022531293463143254,0.04547267650578381,0.06818181818181818,1.53594351732991,,True
r02v2_near_high_persistence_persistence_4b3435_8aed64_23e5f3_ef2d12_f5ca38,robustness,industry,家用电器,2133,44,0.02062822315986873,0.10819462227912932,0.09375,0.8526831258926749,,False
r02v2_near_high_persistence_persistence_4b3435_8aed64_23e5f3_ef2d12_f5ca38,robustness,industry,建筑材料,944,17,0.018008474576271187,0.0,0.0,,,False
r02v2_near_high_persistence_persistence_4b3435_8aed64_23e5f3_ef2d12_f5ca38,robustness,industry,建筑装饰,3925,53,0.013503184713375796,0.042545949625595644,0.0,0.0,,False
r02v2_near_high_persistence_persistence_4b3435_8aed64_23e5f3_ef2d12_f5ca38,robustness,industry,房地产,1624,17,0.010467980295566502,0.07578397212543554,0.0,0.0,,False
r02v2_near_high_persistence_persistence_4b3435_8aed64_23e5f3_ef2d12_f5ca38,robustness,industry,有色金属,6072,130,0.021409749670619236,0.27655629139072846,0.24242424242424243,0.8370881226053639,,False
r02v2_near_high_persistence_persistence_4b3435_8aed64_23e5f3_ef2d12_f5ca38,robustness,industry,机械设备,2827,55,0.019455252918287938,0.11466666666666667,0.06451612903225806,0.5324779470729751,,False
r02v2_near_high_persistence_persistence_4b3435_8aed64_23e5f3_ef2d12_f5ca38,robustness,industry,汽车,5634,96,0.01703940362087327,0.12,0.047619047619047616,0.36666666666666664,,False
r02v2_near_high_persistence_persistence_4b3435_8aed64_23e5f3_ef2d12_f5ca38,robustness,industry,煤炭,2248,40,0.017793594306049824,0.0028538812785388126,0.0,0.0,,False
r02v2_near_high_persistence_persistence_4b3435_8aed64_23e5f3_ef2d12_f5ca38,robustness,industry,环保,33,0,0.0,,,,,False
r02v2_near_high_persistence_persistence_4b3435_8aed64_23e5f3_ef2d12_f5ca38,robustness,industry,电力设备,4532,88,0.019417475728155338,0.16707105719237436,0.11363636363636363,0.6391637408234918,,False
r02v2_near_high_persistence_persistence_4b3435_8aed64_23e5f3_ef2d12_f5ca38,robustness,industry,电子,8157,156,0.019124678190511217,0.28717948717948716,0.20618556701030927,0.6447124304267162,,False
r02v2_near_high_persistence_persistence_4b3435_8aed64_23e5f3_ef2d12_f5ca38,robustness,industry,石油石化,3467,63,0.018171329679838477,0.014976958525345621,0.024390243902439025,1.6442307692307692,,True
r02v2_near_high_persistence_persistence_4b3435_8aed64_23e5f3_ef2d12_f5ca38,robustness,industry,综合,93,1,0.010752688172043012,,,,,False
r02v2_near_high_persistence_persistence_4b3435_8aed64_23e5f3_ef2d12_f5ca38,robustness,industry,计算机,4586,82,0.017880505887483647,0.14553404122423486,0.08,0.5105430117559246,,False
r02v2_near_high_persistence_persistence_4b3435_8aed64_23e5f3_ef2d12_f5ca38,robustness,industry,轻工制造,485,5,0.010309278350515464,0.0,0.0,,,False
r02v2_near_high_persistence_persistence_4b3435_8aed64_23e5f3_ef2d12_f5ca38,robustness,industry,通信,2351,46,0.019566142067205444,0.08184143222506395,0.06666666666666667,0.8013392857142857,,False
r02v2_near_high_persistence_persistence_4b3435_8aed64_23e5f3_ef2d12_f5ca38,robustness,industry,钢铁,1457,26,0.017844886753603295,0.16666666666666666,0.1111111111111111,0.625,,False
r02v2_near_high_persistence_persistence_4b3435_8aed64_23e5f3_ef2d12_f5ca38,robustness,industry,银行,11572,236,0.020394054614586935,0.006107398017976493,0.0048543689320388345,0.7938334100322135,,False
r02v2_near_high_persistence_persistence_4b3435_8aed64_23e5f3_ef2d12_f5ca38,robustness,industry,非银金融,10851,176,0.01621970325315639,0.2089916506101477,0.1743119266055046,0.7990302533633817,,False
r02v2_near_high_persistence_persistence_4b3435_8aed64_23e5f3_ef2d12_f5ca38,robustness,industry,食品饮料,5792,75,0.01294889502762431,0.03466243769823289,0.0392156862745098,1.1367213552087503,,True
r02v2_near_high_persistence_persistence_4b3435_8aed64_23e5f3_ef2d12_f5ca38,robustness,market_breadth_bucket,20_40,35250,343,0.009730496453900709,0.11550195104647037,0.04609929078014184,0.37008256989669625,,False
r02v2_near_high_persistence_persistence_4b3435_8aed64_23e5f3_ef2d12_f5ca38,robustness,market_breadth_bucket,40_60,32955,559,0.016962524654832348,0.1068289384719405,0.10511363636363637,0.9820574643359454,,False
r02v2_near_high_persistence_persistence_4b3435_8aed64_23e5f3_ef2d12_f5ca38,robustness,market_breadth_bucket,60_80,24335,560,0.023012122457365933,0.08776924981431047,0.07772020725388601,0.8758577518581322,,False
r02v2_near_high_persistence_persistence_4b3435_8aed64_23e5f3_ef2d12_f5ca38,robustness,market_breadth_bucket,gte80,11783,431,0.036578121021811086,0.05134474327628362,0.05416666666666667,1.0581078246276485,,True
r02v2_near_high_persistence_persistence_4b3435_8aed64_23e5f3_ef2d12_f5ca38,robustness,market_breadth_bucket,lt20,5187,25,0.004819741661846925,0.08610271903323263,0.041666666666666664,0.4614797864225782,,False
r02v2_near_high_persistence_persistence_4b3435_8aed64_23e5f3_ef2d12_f5ca38,robustness,liquidity_bucket,q1,10959,222,0.02025732274842595,0.09308119125806817,0.09467455621301775,1.018908130973395,,True
r02v2_near_high_persistence_persistence_4b3435_8aed64_23e5f3_ef2d12_f5ca38,robustness,liquidity_bucket,q2,21439,402,0.018750874574373806,0.08391329150028523,0.04854368932038835,0.5569930215458039,,False
r02v2_near_high_persistence_persistence_4b3435_8aed64_23e5f3_ef2d12_f5ca38,robustness,liquidity_bucket,q3,25027,425,0.016981659807407998,0.0959037711313394,0.07236842105263158,0.7354489722322395,,False
r02v2_near_high_persistence_persistence_4b3435_8aed64_23e5f3_ef2d12_f5ca38,robustness,liquidity_bucket,q4,26590,452,0.016998871756299362,0.08777412576108627,0.06825938566552901,0.7613830818250708,,False
r02v2_near_high_persistence_persistence_4b3435_8aed64_23e5f3_ef2d12_f5ca38,robustness,liquidity_bucket,q5,25495,417,0.01635614826436556,0.13892339544513457,0.10047846889952153,0.6923534261343819,,False
r02v2_near_high_persistence_persistence_4b3435_8aed64_23e5f3_ef2d12_f5ca38,robustness,market_cap_bucket,missing_mcap,109510,1918,0.01751438224819651,0.09895204582231013,0.07320872274143302,0.7192899950375998,,False
r02v2_near_high_persistence_persistence_4b3435_8aed64_23e5f3_4e0740_f5ca38,train,calendar_year,2017,8918,109,0.012222471406144875,0.048822515795519814,0.05660377358490566,1.1689411764705884,,True
r02v2_near_high_persistence_persistence_4b3435_8aed64_23e5f3_4e0740_f5ca38,train,calendar_year,2018,32151,294,0.009144350097975179,0.05874398565992641,0.05136986301369863,0.8676725237517297,,False
r02v2_near_high_persistence_persistence_4b3435_8aed64_23e5f3_4e0740_f5ca38,train,calendar_year,2019,35369,548,0.015493794000395827,0.09557335461619589,0.1,1.0514630347615734,,True
r02v2_near_high_persistence_persistence_4b3435_8aed64_23e5f3_4e0740_f5ca38,train,calendar_year,2020,46773,652,0.013939666046650846,0.25170303410393374,0.3062200956937799,1.312192361590491,,True
r02v2_near_high_persistence_persistence_4b3435_8aed64_23e5f3_4e0740_f5ca38,train,calendar_year,2021,58016,733,0.012634445670159956,0.16023919504422243,0.15142857142857144,0.9352038071591144,,False
r02v2_near_high_persistence_persistence_4b3435_8aed64_23e5f3_4e0740_f5ca38,train,industry,UNKNOWN,291,4,0.013745704467353952,0.6494464944649446,0.3333333333333333,0.26988636363636365,,False
r02v2_near_high_persistence_persistence_4b3435_8aed64_23e5f3_4e0740_f5ca38,train,industry,交通运输,10877,132,0.012135699181759677,0.07414104882459313,0.125,1.7839721254355398,,True
r02v2_near_high_persistence_persistence_4b3435_8aed64_23e5f3_4e0740_f5ca38,train,industry,传媒,3074,43,0.01398828887443071,0.18161434977578475,0.16666666666666666,0.9012345679012346,,False
r02v2_near_high_persistence_persistence_4b3435_8aed64_23e5f3_4e0740_f5ca38,train,industry,公用事业,7347,92,0.012522117871239961,0.04852459016393443,0.014705882352941176,0.29265832997176283,,False
r02v2_near_high_persistence_persistence_4b3435_8aed64_23e5f3_4e0740_f5ca38,train,industry,农林牧渔,2387,36,0.01508169250104734,0.2973245835436648,0.22580645161290322,0.6893039049235993,,False
r02v2_near_high_persistence_persistence_4b3435_8aed64_23e5f3_4e0740_f5ca38,train,industry,医药生物,11970,173,0.01445279866332498,0.1686527974146637,0.16326530612244897,0.9618226960712721,,False
r02v2_near_high_persistence_persistence_4b3435_8aed64_23e5f3_4e0740_f5ca38,train,industry,商贸零售,1068,12,0.011235955056179775,0.013618677042801557,0.0,0.0,,False
r02v2_near_high_persistence_persistence_4b3435_8aed64_23e5f3_4e0740_f5ca38,train,industry,国防军工,4054,57,0.014060187469166256,0.24723618090452262,0.2926829268292683,1.259882253994954,,True
r02v2_near_high_persistence_persistence_4b3435_8aed64_23e5f3_4e0740_f5ca38,train,industry,基础化工,7744,129,0.01665805785123967,0.22428571428571428,0.3163265306122449,1.6002471717843902,,True
r02v2_near_high_persistence_persistence_4b3435_8aed64_23e5f3_4e0740_f5ca38,train,industry,家用电器,3834,50,0.013041210224308816,0.13067316478830338,0.17777777777777778,1.4384174384174384,,True
r02v2_near_high_persistence_persistence_4b3435_8aed64_23e5f3_4e0740_f5ca38,train,industry,建筑材料,2532,41,0.016192733017377565,0.19893333333333332,0.2413793103448276,1.2812576163782596,,True
r02v2_near_high_persistence_persistence_4b3435_8aed64_23e5f3_4e0740_f5ca38,train,industry,建筑装饰,6300,59,0.009365079365079364,0.043502101992323156,0.022222222222222223,0.4997135217723453,,False
r02v2_near_high_persistence_persistence_4b3435_8aed64_23e5f3_4e0740_f5ca38,train,industry,房地产,8138,84,0.010321946424182845,0.0890289001506643,0.0684931506849315,0.7523755656108598,,False
r02v2_near_high_persistence_persistence_4b3435_8aed64_23e5f3_4e0740_f5ca38,train,industry,有色金属,6633,97,0.014623850444745966,0.3010858835143139,0.3424657534246575,1.209016393442623,,True
r02v2_near_high_persistence_persistence_4b3435_8aed64_23e5f3_4e0740_f5ca38,train,industry,机械设备,4135,48,0.011608222490931077,0.20218068535825545,0.28205128205128205,1.5502421307506051,,True
r02v2_near_high_persistence_persistence_4b3435_8aed64_23e5f3_4e0740_f5ca38,train,industry,汽车,9160,130,0.014192139737991267,0.21002355404344414,0.24561403508771928,1.2246323263058756,,True
r02v2_near_high_persistence_persistence_4b3435_8aed64_23e5f3_4e0740_f5ca38,train,industry,煤炭,3837,51,0.013291634089132134,0.10199692780337942,0.14285714285714285,1.4673694779116464,,True
r02v2_near_high_persistence_persistence_4b3435_8aed64_23e5f3_4e0740_f5ca38,train,industry,电力设备,6529,89,0.013631490274161434,0.27726787620064036,0.24615384615384617,0.8511413803396647,,False
r02v2_near_high_persistence_persistence_4b3435_8aed64_23e5f3_4e0740_f5ca38,train,industry,电子,13939,193,0.013846043475141689,0.22510231923601637,0.20512820512820512,0.8883675464320625,,False
r02v2_near_high_persistence_persistence_4b3435_8aed64_23e5f3_4e0740_f5ca38,train,industry,石油石化,1871,24,0.012827365045430252,0.0914396887159533,0.05263157894736842,0.5520094562647754,,False
r02v2_near_high_persistence_persistence_4b3435_8aed64_23e5f3_4e0740_f5ca38,train,industry,社会服务,1212,19,0.015676567656765675,0.34830339321357284,0.23529411764705882,0.5757108221291602,,False
r02v2_near_high_persistence_persistence_4b3435_8aed64_23e5f3_4e0740_f5ca38,train,industry,纺织服饰,59,0,0.0,0.0,,,,False
r02v2_near_high_persistence_persistence_4b3435_8aed64_23e5f3_4e0740_f5ca38,train,industry,综合,200,2,0.01,0.0,,,,False
r02v2_near_high_persistence_persistence_4b3435_8aed64_23e5f3_4e0740_f5ca38,train,industry,计算机,5783,76,0.013141967836762926,0.15142555438225977,0.18333333333333332,1.2580195258019526,,True
r02v2_near_high_persistence_persistence_4b3435_8aed64_23e5f3_4e0740_f5ca38,train,industry,轻工制造,1373,22,0.016023306627822288,0.17341640706126688,0.15,0.8411412469179289,,False
r02v2_near_high_persistence_persistence_4b3435_8aed64_23e5f3_4e0740_f5ca38,train,industry,通信,1947,22,0.011299435028248588,0.12590361445783133,0.10526315789473684,0.8167745567126371,,False
r02v2_near_high_persistence_persistence_4b3435_8aed64_23e5f3_4e0740_f5ca38,train,industry,钢铁,2714,36,0.013264554163596167,0.20735632183908045,0.125,0.5460880582831803,,False
r02v2_near_high_persistence_persistence_4b3435_8aed64_23e5f3_4e0740_f5ca38,train,industry,银行,19898,234,0.01175997587697256,0.017777010700724887,0.018957345971563982,1.0676797523568313,,True
r02v2_near_high_persistence_persistence_4b3435_8aed64_23e5f3_4e0740_f5ca38,train,industry,非银金融,21291,202,0.009487576910431637,0.09593229593229594,0.09696969696969697,1.0119751101060763,,True
r02v2_near_high_persistence_persistence_4b3435_8aed64_23e5f3_4e0740_f5ca38,train,industry,食品饮料,11030,179,0.016228467815049864,0.2385047965597089,0.2679738562091503,1.1687883891420647,,True
r02v2_near_high_persistence_persistence_4b3435_8aed64_23e5f3_4e0740_f5ca38,train,market_breadth_bucket,20_40,52057,351,0.006742609063142325,0.13123300090661832,0.13432835820895522,1.027246739324638,,True
r02v2_near_high_persistence_persistence_4b3435_8aed64_23e5f3_4e0740_f5ca38,train,market_breadth_bucket,40_60,69473,849,0.012220574899601284,0.15382680212868893,0.19148936170212766,1.3028252477968099,,True
r02v2_near_high_persistence_persistence_4b3435_8aed64_23e5f3_4e0740_f5ca38,train,market_breadth_bucket,60_80,34933,663,0.018979188732716916,0.15999592971982904,0.21388367729831145,1.428444214624096,,True
r02v2_near_high_persistence_persistence_4b3435_8aed64_23e5f3_4e0740_f5ca38,train,market_breadth_bucket,gte80,12103,457,0.037759233247955055,0.11644236395552955,0.09090909090909091,0.7587939698492462,,False
r02v2_near_high_persistence_persistence_4b3435_8aed64_23e5f3_4e0740_f5ca38,train,market_breadth_bucket,lt20,12661,16,0.0012637232446094306,0.15269676388334,0.25,1.8496424210709925,,True
r02v2_near_high_persistence_persistence_4b3435_8aed64_23e5f3_4e0740_f5ca38,train,liquidity_bucket,q1,36246,483,0.013325608342989572,0.08645480355343896,0.08941176470588236,1.0375607673104716,,True
r02v2_near_high_persistence_persistence_4b3435_8aed64_23e5f3_4e0740_f5ca38,train,liquidity_bucket,q2,36245,514,0.01418126638156987,0.11738645418326693,0.15575620767494355,1.3871712928747635,,True
r02v2_near_high_persistence_persistence_4b3435_8aed64_23e5f3_4e0740_f5ca38,train,liquidity_bucket,q3,36245,459,0.012663815698717065,0.14913787408337187,0.15803108808290156,1.0708230684044637,,True
r02v2_near_high_persistence_persistence_4b3435_8aed64_23e5f3_4e0740_f5ca38,train,liquidity_bucket,q4,36245,476,0.01313284590978066,0.17973777487181253,0.25274725274725274,1.543591129731617,,True
r02v2_near_high_persistence_persistence_4b3435_8aed64_23e5f3_4e0740_f5ca38,train,liquidity_bucket,q5,36246,404,0.011146057495999558,0.2094712818562191,0.20202020202020202,0.9554238219251447,,False
r02v2_near_high_persistence_persistence_4b3435_8aed64_23e5f3_4e0740_f5ca38,train,market_cap_bucket,missing_mcap,181227,2336,0.01288991154739636,0.14530399652766185,0.1671018276762402,1.1801124838650194,,True
r02v2_near_high_persistence_persistence_4b3435_8aed64_23e5f3_4e0740_f5ca38,validation,calendar_year,2022,54682,511,0.009344939833949014,0.06133046493944845,0.053388090349075976,0.8631949450550892,,False
r02v2_near_high_persistence_persistence_4b3435_8aed64_23e5f3_4e0740_f5ca38,validation,calendar_year,2023,54288,567,0.010444297082228117,0.03144880135139992,0.04456824512534819,1.4366280716368183,,True
r02v2_near_high_persistence_persistence_4b3435_8aed64_23e5f3_4e0740_f5ca38,validation,industry,交通运输,6513,81,0.01243666513127591,0.005277601857715854,0.015873015873015872,3.04,,True
r02v2_near_high_persistence_persistence_4b3435_8aed64_23e5f3_4e0740_f5ca38,validation,industry,传媒,760,7,0.009210526315789473,0.025925925925925925,0.0,0.0,,False
r02v2_near_high_persistence_persistence_4b3435_8aed64_23e5f3_4e0740_f5ca38,validation,industry,公用事业,5881,73,0.012412854956640027,0.009926731269203497,0.020833333333333332,2.1220871327254303,,True
r02v2_near_high_persistence_persistence_4b3435_8aed64_23e5f3_4e0740_f5ca38,validation,industry,农林牧渔,1389,10,0.007199424046076314,0.0,0.0,,,False
r02v2_near_high_persistence_persistence_4b3435_8aed64_23e5f3_4e0740_f5ca38,validation,industry,医药生物,6212,67,0.010785576303927881,0.01246507629486353,0.0,0.0,,False
r02v2_near_high_persistence_persistence_4b3435_8aed64_23e5f3_4e0740_f5ca38,validation,industry,商贸零售,588,6,0.01020408163265306,0.0,0.0,,,False
r02v2_near_high_persistence_persistence_4b3435_8aed64_23e5f3_4e0740_f5ca38,validation,industry,国防军工,3704,37,0.009989200863930885,0.045689019896831246,0.03125,0.673777315296566,,False
r02v2_near_high_persistence_persistence_4b3435_8aed64_23e5f3_4e0740_f5ca38,validation,industry,基础化工,3129,29,0.009268136784915308,0.01854974704890388,0.043478260869565216,2.4049586776859506,,True
r02v2_near_high_persistence_persistence_4b3435_8aed64_23e5f3_4e0740_f5ca38,validation,industry,家用电器,2371,21,0.008857022353437369,0.062366737739872065,0.10526315789473684,1.7687280040221218,,True
r02v2_near_high_persistence_persistence_4b3435_8aed64_23e5f3_4e0740_f5ca38,validation,industry,建筑材料,2032,13,0.0063976377952755905,0.012730744748567792,0.0,0.0,,False
r02v2_near_high_persistence_persistence_4b3435_8aed64_23e5f3_4e0740_f5ca38,validation,industry,建筑装饰,4005,34,0.008489388264669164,0.08305425318151373,0.06666666666666667,0.7885944700460829,,False
r02v2_near_high_persistence_persistence_4b3435_8aed64_23e5f3_4e0740_f5ca38,validation,industry,房地产,1871,18,0.009620523784072688,0.0020394289598912306,0.0,0.0,,False
r02v2_near_high_persistence_persistence_4b3435_8aed64_23e5f3_4e0740_f5ca38,validation,industry,有色金属,4722,41,0.00868276154171961,0.062482004031097035,0.0,0.0,,False
r02v2_near_high_persistence_persistence_4b3435_8aed64_23e5f3_4e0740_f5ca38,validation,industry,机械设备,2227,24,0.010776829815895825,0.009380863039399626,0.0,0.0,,False
r02v2_near_high_persistence_persistence_4b3435_8aed64_23e5f3_4e0740_f5ca38,validation,industry,汽车,4805,41,0.008532778355879293,0.1207473508087005,0.08823529411764706,0.704685986739179,,False
r02v2_near_high_persistence_persistence_4b3435_8aed64_23e5f3_4e0740_f5ca38,validation,industry,煤炭,2613,44,0.016838882510524303,0.14240672622175513,0.13333333333333333,0.9264831109849561,,False
r02v2_near_high_persistence_persistence_4b3435_8aed64_23e5f3_4e0740_f5ca38,validation,industry,环保,22,1,0.045454545454545456,0.0,0.0,,,False
r02v2_near_high_persistence_persistence_4b3435_8aed64_23e5f3_4e0740_f5ca38,validation,industry,电力设备,7740,56,0.007235142118863049,0.054568937681627384,0.058823529411764705,1.0828402366863905,,True
r02v2_near_high_persistence_persistence_4b3435_8aed64_23e5f3_4e0740_f5ca38,validation,industry,电子,6925,62,0.008953068592057762,0.045023255813953486,0.0784313725490196,1.805169685247055,,True
r02v2_near_high_persistence_persistence_4b3435_8aed64_23e5f3_4e0740_f5ca38,validation,industry,石油石化,3489,38,0.010891372886213814,0.12078220858895705,0.13333333333333333,1.11990231990232,,True
r02v2_near_high_persistence_persistence_4b3435_8aed64_23e5f3_4e0740_f5ca38,validation,industry,社会服务,418,6,0.014354066985645933,0.0,0.0,,,False
r02v2_near_high_persistence_persistence_4b3435_8aed64_23e5f3_4e0740_f5ca38,validation,industry,美容护理,42,0,0.0,0.0,,,,False
r02v2_near_high_persistence_persistence_4b3435_8aed64_23e5f3_4e0740_f5ca38,validation,industry,计算机,4852,44,0.009068425391591096,0.1811926605504587,0.18421052631578946,1.0204164965291955,,True
r02v2_near_high_persistence_persistence_4b3435_8aed64_23e5f3_4e0740_f5ca38,validation,industry,轻工制造,1014,5,0.004930966469428008,0.016455696202531647,0.0,0.0,,False
r02v2_near_high_persistence_persistence_4b3435_8aed64_23e5f3_4e0740_f5ca38,validation,industry,通信,2156,22,0.01020408163265306,0.25985221674876846,0.23529411764705882,0.8764126868392271,,False
r02v2_near_high_persistence_persistence_4b3435_8aed64_23e5f3_4e0740_f5ca38,validation,industry,钢铁,1562,18,0.011523687580025609,0.0008417508417508417,0.0,0.0,,False
r02v2_near_high_persistence_persistence_4b3435_8aed64_23e5f3_4e0740_f5ca38,validation,industry,银行,10857,132,0.0121580547112462,0.012107129754188577,0.0,0.0,,False
r02v2_near_high_persistence_persistence_4b3435_8aed64_23e5f3_4e0740_f5ca38,validation,industry,非银金融,10357,89,0.008593221975475523,0.05245639728398349,0.07246376811594203,1.4112071700507616,,True
r02v2_near_high_persistence_persistence_4b3435_8aed64_23e5f3_4e0740_f5ca38,validation,industry,食品饮料,6714,59,0.00878760798331844,0.018645731108930325,0.0,0.0,,False
r02v2_near_high_persistence_persistence_4b3435_8aed64_23e5f3_4e0740_f5ca38,validation,market_breadth_bucket,20_40,38267,192,0.005017377897405075,0.04422961153015333,0.05263157894736842,1.2005159683302196,,True
r02v2_near_high_persistence_persistence_4b3435_8aed64_23e5f3_4e0740_f5ca38,validation,market_breadth_bucket,40_60,31511,353,0.011202437244136968,0.04761704454633408,0.04980842911877394,1.0484334036247578,,True
r02v2_near_high_persistence_persistence_4b3435_8aed64_23e5f3_4e0740_f5ca38,validation,market_breadth_bucket,60_80,22069,339,0.01536091349857266,0.05374806340126326,0.03717472118959108,0.6797421431567774,,False
r02v2_near_high_persistence_persistence_4b3435_8aed64_23e5f3_4e0740_f5ca38,validation,market_breadth_bucket,gte80,4769,179,0.037534074229398195,0.0506248676127939,0.06857142857142857,1.3805991221089922,,True
r02v2_near_high_persistence_persistence_4b3435_8aed64_23e5f3_4e0740_f5ca38,validation,market_breadth_bucket,lt20,12354,15,0.0012141816415735794,0.08020415603353992,0.0,0.0,,False
r02v2_near_high_persistence_persistence_4b3435_8aed64_23e5f3_4e0740_f5ca38,validation,liquidity_bucket,q1,17774,240,0.013502869359738944,0.05261849519390123,0.05084745762711865,0.9645388076490439,,False
r02v2_near_high_persistence_persistence_4b3435_8aed64_23e5f3_4e0740_f5ca38,validation,liquidity_bucket,q2,24264,254,0.010468183316848005,0.05132679463264938,0.03763440860215054,0.7227989285269866,,False
r02v2_near_high_persistence_persistence_4b3435_8aed64_23e5f3_4e0740_f5ca38,validation,liquidity_bucket,q3,24085,250,0.010379904504878554,0.05715068493150685,0.054187192118226604,0.945175175775008,,False
r02v2_near_high_persistence_persistence_4b3435_8aed64_23e5f3_4e0740_f5ca38,validation,liquidity_bucket,q4,25304,216,0.00853619981030667,0.04740770627395602,0.06818181818181818,1.4702646600934093,,True
r02v2_near_high_persistence_persistence_4b3435_8aed64_23e5f3_4e0740_f5ca38,validation,liquidity_bucket,q5,17543,118,0.006726329590149917,0.04746645303424795,0.028846153846153848,0.596064669758115,,False
r02v2_near_high_persistence_persistence_4b3435_8aed64_23e5f3_4e0740_f5ca38,validation,market_cap_bucket,missing_mcap,108970,1078,0.009892630999357622,0.05115971814445097,0.04964539007092199,0.9688537227777896,,False
r02v2_near_high_persistence_persistence_4b3435_8aed64_23e5f3_4e0740_f5ca38,robustness,calendar_year,2024,51442,730,0.014190739084794526,0.08595520006304301,0.057926829268292686,0.6538685489260604,,False
r02v2_near_high_persistence_persistence_4b3435_8aed64_23e5f3_4e0740_f5ca38,robustness,calendar_year,2025,58068,676,0.011641523730798374,0.1232891872947947,0.09025270758122744,0.7054574772258794,,False
r02v2_near_high_persistence_persistence_4b3435_8aed64_23e5f3_4e0740_f5ca38,robustness,industry,交通运输,8182,91,0.011121975067220728,0.01820633850303439,0.04411764705882353,2.4888888888888885,,True
r02v2_near_high_persistence_persistence_4b3435_8aed64_23e5f3_4e0740_f5ca38,robustness,industry,传媒,642,13,0.020249221183800622,0.0027397260273972603,0.0,0.0,,False
r02v2_near_high_persistence_persistence_4b3435_8aed64_23e5f3_4e0740_f5ca38,robustness,industry,公用事业,6965,83,0.011916726489590811,0.009879470460383323,0.029850746268656716,3.0836923076923077,,True
r02v2_near_high_persistence_persistence_4b3435_8aed64_23e5f3_4e0740_f5ca38,robustness,industry,农林牧渔,970,11,0.01134020618556701,0.04395604395604396,0.0,0.0,,False
r02v2_near_high_persistence_persistence_4b3435_8aed64_23e5f3_4e0740_f5ca38,robustness,industry,医药生物,5437,64,0.011771197351480595,0.04722222222222222,0.06818181818181818,1.4763271162123386,,True
r02v2_near_high_persistence_persistence_4b3435_8aed64_23e5f3_4e0740_f5ca38,robustness,industry,商贸零售,908,12,0.013215859030837005,0.21489001692047377,0.16666666666666666,0.7307086614173228,,False
r02v2_near_high_persistence_persistence_4b3435_8aed64_23e5f3_4e0740_f5ca38,robustness,industry,国防军工,4028,45,0.011171797418073486,0.08613089182773821,0.04,0.4420931758530183,,False
r02v2_near_high_persistence_persistence_4b3435_8aed64_23e5f3_4e0740_f5ca38,robustness,industry,基础化工,3595,51,0.014186369958275382,0.04547267650578381,0.06896551724137931,1.5549057829759583,,True
r02v2_near_high_persistence_persistence_4b3435_8aed64_23e5f3_4e0740_f5ca38,robustness,industry,家用电器,2133,34,0.015939990623534926,0.10819462227912932,0.07692307692307693,0.6868836291913215,,False
r02v2_near_high_persistence_persistence_4b3435_8aed64_23e5f3_4e0740_f5ca38,robustness,industry,建筑材料,944,13,0.013771186440677966,0.0,0.0,,,False
r02v2_near_high_persistence_persistence_4b3435_8aed64_23e5f3_4e0740_f5ca38,robustness,industry,建筑装饰,3925,43,0.010955414012738853,0.042545949625595644,0.0,0.0,,False
r02v2_near_high_persistence_persistence_4b3435_8aed64_23e5f3_4e0740_f5ca38,robustness,industry,房地产,1624,13,0.008004926108374385,0.07578397212543554,0.0,0.0,,False
r02v2_near_high_persistence_persistence_4b3435_8aed64_23e5f3_4e0740_f5ca38,robustness,industry,有色金属,6072,95,0.015645586297760212,0.27655629139072846,0.2391304347826087,0.8221401204159825,,False
r02v2_near_high_persistence_persistence_4b3435_8aed64_23e5f3_4e0740_f5ca38,robustness,industry,机械设备,2827,40,0.014149274849663955,0.11466666666666667,0.05,0.40636474908200737,,False
r02v2_near_high_persistence_persistence_4b3435_8aed64_23e5f3_4e0740_f5ca38,robustness,industry,汽车,5634,70,0.012424565140220093,0.12,0.046511627906976744,0.3577235772357724,,False
r02v2_near_high_persistence_persistence_4b3435_8aed64_23e5f3_4e0740_f5ca38,robustness,industry,煤炭,2248,32,0.014234875444839857,0.0028538812785388126,0.0,0.0,,False
r02v2_near_high_persistence_persistence_4b3435_8aed64_23e5f3_4e0740_f5ca38,robustness,industry,环保,33,0,0.0,,,,,False
r02v2_near_high_persistence_persistence_4b3435_8aed64_23e5f3_4e0740_f5ca38,robustness,industry,电力设备,4532,60,0.01323918799646955,0.16707105719237436,0.11538461538461539,0.6502796319682482,,False
r02v2_near_high_persistence_persistence_4b3435_8aed64_23e5f3_4e0740_f5ca38,robustness,industry,电子,8157,107,0.013117567733235257,0.28717948717948716,0.203125,0.632703081232493,,False
r02v2_near_high_persistence_persistence_4b3435_8aed64_23e5f3_4e0740_f5ca38,robustness,industry,石油石化,3467,51,0.01471012402653591,0.014976958525345621,0.0,0.0,,False
r02v2_near_high_persistence_persistence_4b3435_8aed64_23e5f3_4e0740_f5ca38,robustness,industry,综合,93,1,0.010752688172043012,,,,,False
r02v2_near_high_persistence_persistence_4b3435_8aed64_23e5f3_4e0740_f5ca38,robustness,industry,计算机,4586,61,0.013301351940689054,0.14553404122423486,0.07692307692307693,0.4892703862660944,,False
r02v2_near_high_persistence_persistence_4b3435_8aed64_23e5f3_4e0740_f5ca38,robustness,industry,轻工制造,485,5,0.010309278350515464,0.0,0.0,,,False
r02v2_near_high_persistence_persistence_4b3435_8aed64_23e5f3_4e0740_f5ca38,robustness,industry,通信,2351,34,0.01446193109315185,0.08184143222506395,0.05,0.5904605263157895,,False
r02v2_near_high_persistence_persistence_4b3435_8aed64_23e5f3_4e0740_f5ca38,robustness,industry,钢铁,1457,20,0.013726835964310227,0.16666666666666666,0.07142857142857142,0.38461538461538464,,False
r02v2_near_high_persistence_persistence_4b3435_8aed64_23e5f3_4e0740_f5ca38,robustness,industry,银行,11572,189,0.016332526788800553,0.006107398017976493,0.0058823529411764705,0.9629340180864128,,False
r02v2_near_high_persistence_persistence_4b3435_8aed64_23e5f3_4e0740_f5ca38,robustness,industry,非银金融,10851,109,0.010045157128375264,0.2089916506101477,0.16666666666666666,0.7569760295021511,,False
r02v2_near_high_persistence_persistence_4b3435_8aed64_23e5f3_4e0740_f5ca38,robustness,industry,食品饮料,5792,59,0.01018646408839779,0.03466243769823289,0.046511627906976744,1.35852064402997,,True
r02v2_near_high_persistence_persistence_4b3435_8aed64_23e5f3_4e0740_f5ca38,robustness,market_breadth_bucket,20_40,35250,235,0.006666666666666667,0.11550195104647037,0.031413612565445025,0.2483631051198619,,False
r02v2_near_high_persistence_persistence_4b3435_8aed64_23e5f3_4e0740_f5ca38,robustness,market_breadth_bucket,40_60,32955,436,0.013230162342588378,0.1068289384719405,0.08421052631578947,0.7688054706823804,,False
r02v2_near_high_persistence_persistence_4b3435_8aed64_23e5f3_4e0740_f5ca38,robustness,market_breadth_bucket,60_80,24335,365,0.014998972673104582,0.08776924981431047,0.07936507936507936,0.8959924128203881,,False
r02v2_near_high_persistence_persistence_4b3435_8aed64_23e5f3_4e0740_f5ca38,robustness,market_breadth_bucket,gte80,11783,357,0.030297886786047695,0.05134474327628362,0.0625,1.2317460317460316,,True
r02v2_near_high_persistence_persistence_4b3435_8aed64_23e5f3_4e0740_f5ca38,robustness,market_breadth_bucket,lt20,5187,13,0.002506265664160401,0.08610271903323263,0.07692307692307693,0.8845029239766081,,False
r02v2_near_high_persistence_persistence_4b3435_8aed64_23e5f3_4e0740_f5ca38,robustness,liquidity_bucket,q1,10959,166,0.01514736746053472,0.09308119125806817,0.10236220472440945,1.1110790967686859,,True
r02v2_near_high_persistence_persistence_4b3435_8aed64_23e5f3_4e0740_f5ca38,robustness,liquidity_bucket,q2,21439,305,0.014226409813890574,0.08391329150028523,0.02654867256637168,0.2977380878808479,,False
r02v2_near_high_persistence_persistence_4b3435_8aed64_23e5f3_4e0740_f5ca38,robustness,liquidity_bucket,q3,25027,311,0.012426579294362089,0.0959037711313394,0.07272727272727272,0.7393818544366899,,False
r02v2_near_high_persistence_persistence_4b3435_8aed64_23e5f3_4e0740_f5ca38,robustness,liquidity_bucket,q4,26590,318,0.011959383226776983,0.08777412576108627,0.07281553398058252,0.8161946911187605,,False
r02v2_near_high_persistence_persistence_4b3435_8aed64_23e5f3_4e0740_f5ca38,robustness,liquidity_bucket,q5,25495,306,0.012002353402627966,0.13892339544513457,0.08441558441558442,0.5714663199839343,,False
r02v2_near_high_persistence_persistence_4b3435_8aed64_23e5f3_4e0740_f5ca38,robustness,market_cap_bucket,missing_mcap,109510,1406,0.012839010136060633,0.09895204582231013,0.06752411575562701,0.6593931392512699,,False
