fold,param_id,threshold,baseline_trades,trades,trade_ratio_vs_baseline,baseline_avg_cash_ratio,avg_cash_ratio,baseline_stop_time_trade_ratio,stop_time_trade_ratio,stop_time_ratio_reduction,total_return_with_cost,eligible,precision_bad_trade,recall_bad_trade,pr_auc,top_decile_bad_rate,filtered_trade_bad_rate,kept_trade_bad_rate,scored_samples,filtered_samples,selected
WF1,lgbm_01,0.5,5,4,0.8,0.9951949753452676,0.9957899266476099,0.8,0.75,0.06250000000000006,-0.0018220575648069115,True,0.8843457943925234,0.34645308924485124,0.8732500962833328,0.9019607843137255,0.8843457943925234,0.8434731246308328,2549,856,True
WF1,lgbm_01,0.55,5,4,0.8,0.9951949753452676,0.9957899266476099,0.8,0.75,0.06250000000000006,-0.0018220575648069115,True,0.8929712460063898,0.25583524027459953,0.8732500962833328,0.9019607843137255,0.8929712460063898,0.8455538221528861,2549,626,False
WF1,lgbm_01,0.6,5,4,0.8,0.9951949753452676,0.9957899266476099,0.8,0.75,0.06250000000000006,-0.0018220575648069115,True,0.9038031319910514,0.1848970251716247,0.8732500962833328,0.9019607843137255,0.9038031319910514,0.8472882968601332,2549,447,False
WF1,lgbm_01,0.65,5,5,1.0,0.9951949753452676,0.9951949753452676,0.8,0.8,0.0,-0.003701880587267836,True,0.9029126213592233,0.1276887871853547,0.8732500962833328,0.9019607843137255,0.9029126213592233,0.8508928571428571,2549,309,False
WF1,lgbm_01,0.7,5,5,1.0,0.9951949753452676,0.9951949753452676,0.8,0.8,0.0,-0.003701880587267836,True,0.8835978835978836,0.07643020594965676,0.8732500962833328,0.9019607843137255,0.8835978835978836,0.8550847457627119,2549,189,False
WF1,lgbm_02,0.5,5,4,0.8,0.9951949753452676,0.9957899266476099,0.8,0.75,0.06250000000000006,-0.0018220575648069115,True,0.877948717948718,0.3917620137299771,0.8712965005845364,0.9019607843137255,0.877948717948718,0.8443456162642948,2549,975,False
WF1,lgbm_02,0.55,5,4,0.8,0.9951949753452676,0.9957899266476099,0.8,0.75,0.06250000000000006,-0.0018220575648069115,True,0.9035874439461884,0.18443935926773455,0.8712965005845364,0.9019607843137255,0.9035874439461884,0.8473609129814551,2549,446,False
WF1,lgbm_02,0.6,5,5,1.0,0.9951949753452676,0.9951949753452676,0.8,0.8,0.0,-0.003701880587267836,True,0.90625,0.1194508009153318,0.8712965005845364,0.9019607843137255,0.90625,0.8509509066784608,2549,288,False
WF1,lgbm_02,0.65,5,5,1.0,0.9951949753452676,0.9951949753452676,0.8,0.8,0.0,-0.003701880587267836,True,0.8888888888888888,0.07688787185354691,0.8712965005845364,0.9019607843137255,0.8888888888888888,0.8546610169491525,2549,189,False
WF1,lgbm_02,0.7,5,5,1.0,0.9951949753452676,0.9951949753452676,0.8,0.8,0.0,-0.003701880587267836,True,0.8512396694214877,0.0471395881006865,0.8712965005845364,0.9019607843137255,0.8512396694214877,0.857495881383855,2549,121,False
WF1,lgbm_03,0.5,5,4,0.8,0.9951949753452676,0.9957899266476099,0.8,0.75,0.06250000000000006,-0.0018220575648069115,True,0.88259526261586,0.3922196796338673,0.8736414984078971,0.9058823529411765,0.88259526261586,0.8415716096324461,2549,971,False
WF1,lgbm_03,0.55,5,4,0.8,0.9951949753452676,0.9957899266476099,0.8,0.75,0.06250000000000006,-0.0018220575648069115,True,0.8945783132530121,0.27185354691075514,0.8736414984078971,0.9058823529411765,0.8945783132530121,0.8440318302387267,2549,664,False
WF1,lgbm_03,0.6,5,5,1.0,0.9951949753452676,0.9951949753452676,0.8,0.8,0.0,-0.003701880587267836,True,0.9106382978723404,0.19588100686498855,0.8736414984078971,0.9058823529411765,0.9106382978723404,0.8451178451178452,2549,470,False
WF1,lgbm_03,0.65,5,5,1.0,0.9951949753452676,0.9951949753452676,0.8,0.8,0.0,-0.003701880587267836,True,0.9153605015673981,0.13363844393592678,0.8736414984078971,0.9058823529411765,0.9153605015673981,0.8488789237668162,2549,319,False
WF1,lgbm_03,0.7,5,5,1.0,0.9951949753452676,0.9951949753452676,0.8,0.8,0.0,-0.003701880587267836,True,0.8817204301075269,0.07505720823798627,0.8736414984078971,0.9058823529411765,0.8817204301075269,0.8552687261955142,2549,186,False
WF1,lgbm_04,0.5,5,4,0.8,0.9951949753452676,0.9957899266476099,0.8,0.75,0.06250000000000006,-0.0018220575648069115,True,0.8914081145584726,0.34187643020594966,0.87215863061655,0.9058823529411765,0.8914081145584726,0.8404441846873174,2549,838,False
WF1,lgbm_04,0.55,5,4,0.8,0.9951949753452676,0.9957899266476099,0.8,0.75,0.06250000000000006,-0.0018220575648069115,True,0.8998242530755711,0.23432494279176203,0.87215863061655,0.9058823529411765,0.8998242530755711,0.8449494949494949,2549,569,False
WF1,lgbm_04,0.6,5,5,1.0,0.9951949753452676,0.9951949753452676,0.8,0.8,0.0,-0.003701880587267836,True,0.9040404040404041,0.16384439359267736,0.87215863061655,0.9058823529411765,0.9040404040404041,0.8485833720390153,2549,396,False
WF1,lgbm_04,0.65,5,5,1.0,0.9951949753452676,0.9951949753452676,0.8,0.8,0.0,-0.003701880587267836,True,0.8985507246376812,0.11350114416475973,0.87215863061655,0.9058823529411765,0.8985507246376812,0.8521777386713595,2549,276,False
WF1,lgbm_04,0.7,5,5,1.0,0.9951949753452676,0.9951949753452676,0.8,0.8,0.0,-0.003701880587267836,True,0.8877005347593583,0.07597254004576659,0.87215863061655,0.9058823529411765,0.8877005347593583,0.8547840812870449,2549,187,False
WF1,lgbm_05,0.5,5,4,0.8,0.9951949753452676,0.9957899266476099,0.8,0.75,0.06250000000000006,-0.0018220575648069115,True,0.8768558951965065,0.4594965675057208,0.8718121174310928,0.9019607843137255,0.8768558951965065,0.8411680911680912,2549,1145,False
WF1,lgbm_05,0.55,5,5,1.0,0.9951949753452676,0.9951949753452676,0.8,0.8,0.0,-0.003701880587267836,True,0.8941176470588236,0.2782608695652174,0.8718121174310928,0.9019607843137255,0.8941176470588236,0.8437667201712146,2549,680,False
WF1,lgbm_05,0.6,5,5,1.0,0.9951949753452676,0.9951949753452676,0.8,0.8,0.0,-0.003701880587267836,True,0.9025522041763341,0.1780320366132723,0.8718121174310928,0.9019607843137255,0.9025522041763341,0.8479697828139755,2549,431,False
WF1,lgbm_05,0.65,5,5,1.0,0.9951949753452676,0.9951949753452676,0.8,0.8,0.0,-0.003701880587267836,True,0.9077490774907749,0.11258581235697941,0.8718121174310928,0.9019607843137255,0.9077490774907749,0.8511852502194908,2549,271,False
WF1,lgbm_05,0.7,5,5,1.0,0.9951949753452676,0.9951949753452676,0.8,0.8,0.0,-0.003701880587267836,True,0.8888888888888888,0.07322654462242563,0.8718121174310928,0.9019607843137255,0.8888888888888888,0.8547910510764035,2549,180,False
WF1,lgbm_06,0.5,5,4,0.8,0.9951949753452676,0.9957899266476099,0.8,0.75,0.06250000000000006,-0.0018220575648069115,True,0.8732261116367077,0.42242562929061783,0.8704989281157989,0.9058823529411765,0.8732261116367077,0.8458445040214477,2549,1057,False
WF1,lgbm_06,0.55,5,4,0.8,0.9951949753452676,0.9957899266476099,0.8,0.75,0.06250000000000006,-0.0018220575648069115,True,0.8941717791411042,0.26681922196796337,0.8704989281157989,0.9058823529411765,0.8941717791411042,0.8444913020558777,2549,652,False
WF1,lgbm_06,0.6,5,5,1.0,0.9951949753452676,0.9951949753452676,0.8,0.8,0.0,-0.003701880587267836,True,0.9071428571428571,0.17437070938215102,0.8704989281157989,0.9058823529411765,0.9071428571428571,0.8473461719116956,2549,420,False
WF1,lgbm_06,0.65,5,5,1.0,0.9951949753452676,0.9951949753452676,0.8,0.8,0.0,-0.003701880587267836,True,0.9029535864978903,0.09794050343249427,0.8704989281157989,0.9058823529411765,0.9029535864978903,0.8525086505190311,2549,237,False
WF1,lgbm_06,0.7,5,5,1.0,0.9951949753452676,0.9951949753452676,0.8,0.8,0.0,-0.003701880587267836,True,0.87248322147651,0.059496567505720827,0.8704989281157989,0.9058823529411765,0.87248322147651,0.85625,2549,149,False
WF1,lgbm_07,0.5,5,4,0.8,0.9951949753452676,0.9957899266476099,0.8,0.75,0.06250000000000006,-0.0018220575648069115,True,0.8743500866551126,0.4617848970251716,0.8713047071671384,0.8980392156862745,0.8743500866551126,0.843010752688172,2549,1154,False
WF1,lgbm_07,0.55,5,4,0.8,0.9951949753452676,0.9957899266476099,0.8,0.75,0.06250000000000006,-0.0018220575648069115,True,0.8876560332871013,0.2929061784897025,0.8713047071671384,0.8980392156862745,0.8876560332871013,0.8451859956236324,2549,721,False
WF1,lgbm_07,0.6,5,5,1.0,0.9951949753452676,0.9951949753452676,0.8,0.8,0.0,-0.003701880587267836,True,0.89749430523918,0.18032036613272312,0.8713047071671384,0.8980392156862745,0.89749430523918,0.8488151658767773,2549,439,False
WF1,lgbm_07,0.65,5,5,1.0,0.9951949753452676,0.9951949753452676,0.8,0.8,0.0,-0.003701880587267836,True,0.8968253968253969,0.1034324942791762,0.8713047071671384,0.8980392156862745,0.8968253968253969,0.8528515454941228,2549,252,False
WF1,lgbm_07,0.7,5,5,1.0,0.9951949753452676,0.9951949753452676,0.8,0.8,0.0,-0.003701880587267836,True,0.877906976744186,0.06910755148741418,0.8713047071671384,0.8980392156862745,0.877906976744186,0.8557004627681952,2549,172,False
WF1,lgbm_08,0.5,5,4,0.8,0.9951949753452676,0.9957899266476099,0.8,0.75,0.06250000000000006,-0.0018220575648069115,True,0.882051282051282,0.47231121281464533,0.8740428945520046,0.9019607843137255,0.882051282051282,0.836113125453227,2549,1170,False
WF1,lgbm_08,0.55,5,4,0.8,0.9951949753452676,0.9957899266476099,0.8,0.75,0.06250000000000006,-0.0018220575648069115,True,0.8864628820960698,0.3716247139588101,0.8740428945520046,0.9019607843137255,0.8864628820960698,0.840783833435395,2549,916,False
WF1,lgbm_08,0.6,5,5,1.0,0.9951949753452676,0.9951949753452676,0.8,0.8,0.0,-0.003701880587267836,True,0.8871428571428571,0.28421052631578947,0.8740428945520046,0.9019607843137255,0.8871428571428571,0.8458626284478096,2549,700,False
WF1,lgbm_08,0.65,5,5,1.0,0.9951949753452676,0.9951949753452676,0.8,0.8,0.0,-0.003701880587267836,True,0.8969258589511754,0.22700228832951946,0.8740428945520046,0.9019607843137255,0.8969258589511754,0.8461923847695391,2549,553,False
WF1,lgbm_08,0.7,5,5,1.0,0.9951949753452676,0.9951949753452676,0.8,0.8,0.0,-0.003701880587267836,True,0.8958333333333334,0.177116704805492,0.8740428945520046,0.9019607843137255,0.8958333333333334,0.8493150684931506,2549,432,False
WF2,lgbm_01,0.5,71,35,0.49295774647887325,0.8964430787860926,0.9486769792650871,0.6338028169014085,0.6285714285714286,0.008253968253968343,-0.012637926409935996,False,0.7342867896123447,0.5928289273776968,0.7214586326460312,0.6853932584269663,0.7342867896123447,0.7486033519553073,4447,2657,False
WF2,lgbm_01,0.55,71,53,0.7464788732394366,0.8964430787860926,0.921366157773804,0.6338028169014085,0.6037735849056604,0.04737945492662484,-0.021431113945984848,True,0.7315470171890799,0.4396839866302036,0.7214586326460312,0.6853932584269663,0.7315470171890799,0.7468610773592548,4447,1978,False
WF2,lgbm_01,0.6,71,66,0.9295774647887324,0.8964430787860926,0.904832832128214,0.6338028169014085,0.6060606060606061,0.04377104377104381,-0.02705542256954896,True,0.7176740627390972,0.28501975083561226,0.7214586326460312,0.6853932584269663,0.7176740627390972,0.7493630573248408,4447,1307,False
WF2,lgbm_01,0.65,71,70,0.9859154929577465,0.8964430787860926,0.9023491914514264,0.6338028169014085,0.6142857142857143,0.0307936507936508,-0.027419815414083115,True,0.7030456852791879,0.16833789121847462,0.7214586326460312,0.6853932584269663,0.7030456852791879,0.7480185843126538,4447,788,False
WF2,lgbm_01,0.7,71,70,0.9859154929577465,0.8964430787860926,0.8947976847078114,0.6338028169014085,0.6,0.053333333333333434,-0.0271827420565246,True,0.6847599164926931,0.0996657550896384,0.7214586326460312,0.6853932584269663,0.6847599164926931,0.7467237903225806,4447,479,False
WF2,lgbm_02,0.5,71,56,0.7887323943661971,0.8964430787860926,0.9192139351946508,0.6338028169014085,0.625,0.013888888888888958,-0.024566552531576358,True,0.733502538071066,0.5268915223336372,0.7190296490718238,0.6449438202247191,0.733502538071066,0.7474795967354777,4447,2364,False
WF2,lgbm_02,0.55,71,66,0.9295774647887324,0.8964430787860926,0.9082698093411218,0.6338028169014085,0.6363636363636364,-0.004040404040403955,-0.03303220512601168,True,0.7166212534059946,0.31965967790945,0.7190296490718238,0.6449438202247191,0.7166212534059946,0.7515944947969118,4447,1468,False
WF2,lgbm_02,0.6,71,70,0.9859154929577465,0.8964430787860926,0.8972457919376294,0.6338028169014085,0.5857142857142857,0.0758730158730159,-0.024066597555077007,True,0.7263513513513513,0.1959890610756609,0.7190296490718238,0.6449438202247191,0.7263513513513513,0.7434672660859792,4447,888,False
WF2,lgbm_02,0.65,71,71,1.0,0.8964430787860926,0.8964430787860926,0.6338028169014085,0.6338028169014085,0.0,-0.031454699127852814,True,0.6528925619834711,0.09601944697660286,0.7190296490718238,0.6449438202247191,0.6528925619834711,0.750693918748423,4447,484,False
WF2,lgbm_02,0.7,71,71,1.0,0.8964430787860926,0.8964430787860926,0.6338028169014085,0.6338028169014085,0.0,-0.031454699127852814,True,0.6170212765957447,0.04405955636584625,0.7190296490718238,0.6449438202247191,0.6170212765957447,0.7469135802469136,4447,235,False
WF2,lgbm_03,0.5,71,48,0.676056338028169,0.8964430787860926,0.9280070703153455,0.6338028169014085,0.5833333333333334,0.07962962962962963,-0.014080461533618083,True,0.7345340642129993,0.5700395016712245,0.7204708353924703,0.6606741573033708,0.7345340642129993,0.7474907554146857,4447,2554,False
WF2,lgbm_03,0.55,71,62,0.8732394366197183,0.8964430787860926,0.9121398388413864,0.6338028169014085,0.6451612903225806,-0.01792114695340492,-0.031083144789004313,True,0.7272727272727273,0.40595563658462475,0.7204708353924703,0.6606741573033708,0.7272727272727273,0.7490421455938697,4447,1837,False
WF2,lgbm_03,0.6,71,67,0.9436619718309859,0.8964430787860926,0.9034754945944762,0.6338028169014085,0.6268656716417911,0.010945273631840812,-0.02828834714781059,True,0.71939586645469,0.2749924035247645,0.7204708353924703,0.6606741573033708,0.71939586645469,0.7481969269363437,4447,1258,False
WF2,lgbm_03,0.65,71,71,1.0,0.8964430787860926,0.8957485420872338,0.6338028169014085,0.5915492957746479,0.06666666666666675,-0.024640962579214443,True,0.7026348808030113,0.1701610452749924,0.7204708353924703,0.6606741573033708,0.7026348808030113,0.7482191780821917,4447,797,False
WF2,lgbm_03,0.7,71,71,1.0,0.8964430787860926,0.8959008012107532,0.6338028169014085,0.6197183098591549,0.022222222222222365,-0.028245134518277593,True,0.6643990929705216,0.08903068975995138,0.7204708353924703,0.6606741573033708,0.6643990929705216,0.7483774338492262,4447,441,False
WF2,lgbm_04,0.5,71,45,0.6338028169014085,0.8964430787860926,0.9320891711120652,0.6338028169014085,0.6222222222222222,0.01827160493827166,-0.019448855393374154,True,0.733815842380378,0.5545426921908234,0.7181533957335412,0.6606741573033708,0.733815842380378,0.7479591836734694,4447,2487,False
WF2,lgbm_04,0.55,71,65,0.9154929577464789,0.8964430787860926,0.9106669877693081,0.6338028169014085,0.6461538461538462,-0.019487179487179474,-0.03349743098664304,True,0.7267508610792193,0.3846855059252507,0.7181533957335412,0.6606741573033708,0.7267508610792193,0.7486136783733827,4447,1742,False
WF2,lgbm_04,0.6,71,69,0.971830985915493,0.8964430787860926,0.903724197485728,0.6338028169014085,0.6086956521739131,0.03961352657004832,-0.025913715132320103,True,0.7086546700942588,0.2512914007900334,0.7181533957335412,0.6606741573033708,0.7086546700942588,0.751219512195122,4447,1167,False
WF2,lgbm_04,0.65,71,70,0.9859154929577465,0.8964430787860926,0.8969475713718212,0.6338028169014085,0.6142857142857143,0.0307936507936508,-0.02733330667122602,True,0.6949384404924761,0.15436037678517167,0.7181533957335412,0.6606741573033708,0.6949384404924761,0.7489235737351991,4447,731,False
WF2,lgbm_04,0.7,71,71,1.0,0.8964430787860926,0.8959008012107532,0.6338028169014085,0.6197183098591549,0.022222222222222365,-0.028245134518277593,True,0.6598984771573604,0.07900334244910362,0.7181533957335412,0.6606741573033708,0.6598984771573604,0.7478411053540587,4447,394,False
WF2,lgbm_05,0.5,71,41,0.5774647887323944,0.8964430787860926,0.9394777435574917,0.6338028169014085,0.6585365853658537,-0.03902439024390241,-0.01676949018795526,False,0.7412429378531074,0.5979945305378305,0.7231743664803765,0.6561797752808989,0.7412429378531074,0.73828125,4447,2655,False
WF2,lgbm_05,0.55,71,64,0.9014084507042254,0.8964430787860926,0.9111785410709116,0.6338028169014085,0.625,0.013888888888888958,-0.03050545383789538,True,0.7365394668060637,0.4281373442722577,0.7231743664803765,0.6561797752808989,0.7365394668060637,0.7426992896606156,4447,1913,False
WF2,lgbm_05,0.6,71,67,0.9436619718309859,0.8964430787860926,0.8997975043174699,0.6338028169014085,0.6119402985074627,0.03449419568822562,-0.023692524916970936,True,0.7248157248157249,0.2689152233363719,0.7231743664803765,0.6561797752808989,0.7248157248157249,0.7458152510849348,4447,1221,False
WF2,lgbm_05,0.65,71,71,1.0,0.8964430787860926,0.8967751013670541,0.6338028169014085,0.6338028169014085,0.0,-0.03141342521561363,True,0.6893333333333334,0.15709510786994835,0.7231743664803765,0.6561797752808989,0.6893333333333334,0.7503381119826886,4447,750,False
WF2,lgbm_05,0.7,71,71,1.0,0.8964430787860926,0.8964430787860926,0.6338028169014085,0.6338028169014085,0.0,-0.031454699127852814,True,0.6550925925925926,0.08599209966575509,0.7231743664803765,0.6561797752808989,0.6550925925925926,0.7491905354919054,4447,432,False
WF2,lgbm_06,0.5,71,50,0.704225352112676,0.8964430787860926,0.9243595372814869,0.6338028169014085,0.58,0.08488888888888901,-0.020103782894110522,True,0.7384196185286104,0.5764205408690367,0.7192842574653205,0.647191011235955,0.7384196185286104,0.7422790202342918,4447,2569,False
WF2,lgbm_06,0.55,71,65,0.9154929577464789,0.8964430787860926,0.9098857146528961,0.6338028169014085,0.6461538461538462,-0.019487179487179474,-0.03235222365558155,True,0.7335886214442013,0.4074749316317229,0.7192842574653205,0.647191011235955,0.7335886214442013,0.7445589919816724,4447,1828,False
WF2,lgbm_06,0.6,71,69,0.971830985915493,0.8964430787860926,0.8984618813184091,0.6338028169014085,0.5797101449275363,0.08534621578099842,-0.020991390536034493,True,0.7185056472632494,0.2512914007900334,0.7192842574653205,0.647191011235955,0.7185056472632494,0.7475728155339806,4447,1151,True
WF2,lgbm_06,0.65,71,71,1.0,0.8964430787860926,0.8964430787860926,0.6338028169014085,0.6338028169014085,0.0,-0.031454699127852814,True,0.682615629984051,0.13005165603160135,0.7192842574653205,0.647191011235955,0.682615629984051,0.7494764397905759,4447,627,False
WF2,lgbm_06,0.7,71,71,1.0,0.8964430787860926,0.8964430787860926,0.6338028169014085,0.6338028169014085,0.0,-0.031454699127852814,True,0.622093023255814,0.06502582801580067,0.7192842574653205,0.647191011235955,0.622093023255814,0.7499390689739215,4447,344,False
WF2,lgbm_07,0.5,71,46,0.647887323943662,0.8964430787860926,0.9309569068448214,0.6338028169014085,0.6304347826086957,0.0053140096618357795,-0.02000454159582865,True,0.7367619047619047,0.5876633242175631,0.7224181771874298,0.651685393258427,0.7367619047619047,0.7447859495060373,4447,2625,False
WF2,lgbm_07,0.55,71,66,0.9295774647887324,0.8964430787860926,0.908356396919572,0.6338028169014085,0.6363636363636364,-0.004040404040403955,-0.03138132706296459,True,0.736118455843469,0.422971741112124,0.7224181771874298,0.651685393258427,0.736118455843469,0.7429577464788732,4447,1891,False
WF2,lgbm_07,0.6,71,69,0.971830985915493,0.8964430787860926,0.9028557196515838,0.6338028169014085,0.6231884057971014,0.016747181964573348,-0.035059946227944505,True,0.7187250996015936,0.2740808264965056,0.7224181771874298,0.651685393258427,0.7187250996015936,0.7484335839598998,4447,1255,False
WF2,lgbm_07,0.65,71,71,1.0,0.8964430787860926,0.8964430787860926,0.6338028169014085,0.6338028169014085,0.0,-0.031454699127852814,True,0.7025920873124147,0.15648738985110908,0.7224181771874298,0.651685393258427,0.7025920873124147,0.7474421109316102,4447,733,False
WF2,lgbm_07,0.7,71,71,1.0,0.8964430787860926,0.8964430787860926,0.6338028169014085,0.6338028169014085,0.0,-0.031454699127852814,True,0.6518518518518519,0.08021877848678213,0.7224181771874298,0.651685393258427,0.6518518518518519,0.7488866897575458,4447,405,False
WF2,lgbm_08,0.5,71,44,0.6197183098591549,0.8964430787860926,0.9360043734398512,0.6338028169014085,0.6363636363636364,-0.004040404040403955,-0.015063322871279872,True,0.7426130295478818,0.6338498936493467,0.7357102618016945,0.701123595505618,0.7426130295478818,0.7356532356532357,4447,2809,False
WF2,lgbm_08,0.55,71,54,0.7605633802816901,0.8964430787860926,0.9254347771690407,0.6338028169014085,0.6111111111111112,0.035802469135802456,-0.024038545917629994,True,0.7458208315473639,0.528714676390155,0.7357102618016945,0.701123595505618,0.7458208315473639,0.7336802270577105,4447,2333,False
WF2,lgbm_08,0.6,71,63,0.8873239436619719,0.8964430787860926,0.9119286543460646,0.6338028169014085,0.6031746031746031,0.048324514991181775,-0.027761009156739402,True,0.7383783783783784,0.4150714068672136,0.7357102618016945,0.701123595505618,0.7383783783783784,0.7412398921832885,4447,1850,False
WF2,lgbm_08,0.65,71,67,0.9436619718309859,0.8964430787860926,0.9007607601697969,0.6338028169014085,0.5970149253731343,0.058043117744610434,-0.031693859502720745,True,0.7356406480117821,0.30355515041020964,0.7357102618016945,0.701123595505618,0.7356406480117821,0.7419876982842344,4447,1358,False
WF2,lgbm_08,0.7,71,69,0.971830985915493,0.8964430787860926,0.8976481678334258,0.6338028169014085,0.6086956521739131,0.03961352657004832,-0.027800486145126646,True,0.7267876200640342,0.20692798541476753,0.7357102618016945,0.701123595505618,0.7267876200640342,0.7435897435897436,4447,937,False
WF3,lgbm_01,0.5,98,54,0.5510204081632653,0.8617011673605515,0.9084080529990074,0.6020408163265306,0.6296296296296297,-0.04582548650345263,0.010594510565662185,False,0.7475560667050029,0.7591240875912408,0.7655077495144705,0.7887931034482759,0.7475560667050029,0.710594315245478,4639,3478,False
WF3,lgbm_01,0.55,98,68,0.6938775510204082,0.8617011673605515,0.8864510062606614,0.6020408163265306,0.5882352941176471,0.0229312063808574,0.011710928751432537,True,0.7613981762917933,0.5851094890510949,0.7655077495144705,0.7887931034482759,0.7613981762917933,0.7080219232685601,4639,2632,False
WF3,lgbm_01,0.6,98,84,0.8571428571428571,0.8617011673605515,0.8777321664238722,0.6020408163265306,0.6071428571428571,-0.008474576271186357,-0.004265166784501506,True,0.7662116040955631,0.39328467153284674,0.7655077495144705,0.7887931034482759,0.7662116040955631,0.7212773342589379,4639,1758,False
WF3,lgbm_01,0.65,98,90,0.9183673469387755,0.8617011673605515,0.8699484314330231,0.6020408163265306,0.5888888888888889,0.021845574387947243,-0.0053036756281141795,True,0.7779017857142857,0.2035036496350365,0.7655077495144705,0.7887931034482759,0.7779017857142857,0.7288271440021373,4639,896,False
WF3,lgbm_01,0.7,98,95,0.9693877551020408,0.8617011673605515,0.8651746230870576,0.6020408163265306,0.5894736842105263,0.020874219446922485,-0.011590713031626287,True,0.784741144414169,0.0840875912408759,0.7655077495144705,0.7887931034482759,0.784741144414169,0.7343164794007491,4639,367,False
WF3,lgbm_02,0.5,98,52,0.5306122448979592,0.8617011673605515,0.9229463962184296,0.6020408163265306,0.6923076923076923,-0.14993481095176006,-0.008615805931449283,False,0.7435603892386949,0.7585401459854014,0.7677490118188726,0.8060344827586207,0.7435603892386949,0.7222707423580786,4639,3494,False
WF3,lgbm_02,0.55,98,69,0.7040816326530612,0.8617011673605515,0.9007696361153261,0.6020408163265306,0.6086956521739131,-0.0110537951363302,-0.001362546024275324,True,0.7467028704422033,0.5620437956204379,0.7677490118188726,0.8060344827586207,0.7467028704422033,0.727802037845706,4639,2578,False
WF3,lgbm_02,0.6,98,84,0.8571428571428571,0.8617011673605515,0.8750831252080565,0.6020408163265306,0.5952380952380952,0.0112994350282486,-0.001657897916102935,True,0.7621794871794871,0.34715328467153284,0.7677490118188726,0.8060344827586207,0.7621794871794871,0.7262098083793439,4639,1560,False
WF3,lgbm_02,0.65,98,93,0.9489795918367347,0.8617011673605515,0.8676573660268364,0.6020408163265306,0.5913978494623656,0.017678148350646936,-0.009723076564813304,True,0.7916666666666666,0.15532846715328466,0.7677490118188726,0.8060344827586207,0.7916666666666666,0.7292664481976304,4639,672,False
WF3,lgbm_02,0.7,98,97,0.9897959183673469,0.8617011673605515,0.8628365055846426,0.6020408163265306,0.5979381443298969,0.0068146077232221144,-0.01953488592780883,True,0.916030534351145,0.035036496350364967,0.7677490118188726,0.8060344827586207,0.916030534351145,0.7331410825199645,4639,131,False
WF3,lgbm_03,0.5,98,57,0.5816326530612245,0.8617011673605515,0.9114367498089909,0.6020408163265306,0.6140350877192983,-0.01992268807612254,-0.0028915966570021157,False,0.7450980392156863,0.7433576642335766,0.7727917243743376,0.8168103448275862,0.7450980392156863,0.7193126022913257,4639,3417,False
WF3,lgbm_03,0.55,98,71,0.7244897959183674,0.8617011673605515,0.8887581560471527,0.6020408163265306,0.6056338028169014,-0.005968011458581947,0.0005809058363910324,True,0.7549128661475714,0.5944525547445255,0.7727917243743376,0.8168103448275862,0.7549128661475714,0.7152420185375901,4639,2697,False
WF3,lgbm_03,0.6,98,82,0.8367346938775511,0.8617011673605515,0.8768796612186455,0.6020408163265306,0.5853658536585366,0.027697395618024038,0.005241276857411492,True,0.7661458333333333,0.4294890510948905,0.7727917243743376,0.8168103448275862,0.7661458333333333,0.7186465612357484,4639,1920,False
WF3,lgbm_03,0.65,98,91,0.9285714285714286,0.8617011673605515,0.8705171094664399,0.6020408163265306,0.5934065934065934,0.014341590612777054,-0.012294985855293872,True,0.7791199309749784,0.26364963503649635,0.7727917243743376,0.8168103448275862,0.7791199309749784,0.7247126436781609,4639,1159,False
WF3,lgbm_03,0.7,98,96,0.9795918367346939,0.8617011673605515,0.867020414894507,0.6020408163265306,0.6041666666666666,-0.0035310734463276186,-0.019387557584536697,True,0.8013245033112583,0.1413138686131387,0.7727917243743376,0.8168103448275862,0.8013245033112583,0.7288723667905824,4639,604,False
WF3,lgbm_04,0.5,98,63,0.6428571428571429,0.8617011673605515,0.8994592525909557,0.6020408163265306,0.6190476190476191,-0.0282485875706215,0.002169599200296357,True,0.7454761198457431,0.7337226277372263,0.7683415363635445,0.8060344827586207,0.7454761198457431,0.7192429022082019,4639,3371,False
WF3,lgbm_04,0.55,98,71,0.7244897959183674,0.8617011673605515,0.8842571498810088,0.6020408163265306,0.5915492957746479,0.017426593459059465,0.002583564440404862,True,0.7506601282534893,0.581021897810219,0.7683415363635445,0.8060344827586207,0.7506601282534893,0.721830985915493,4639,2651,False
WF3,lgbm_04,0.6,98,84,0.8571428571428571,0.8617011673605515,0.8768893582776359,0.6020408163265306,0.5952380952380952,0.0112994350282486,-0.002985213656545027,True,0.7711682743837085,0.42014598540145986,0.7683415363635445,0.8060344827586207,0.7711682743837085,0.7161918499819689,4639,1866,False
WF3,lgbm_04,0.65,98,89,0.9081632653061225,0.8617011673605515,0.870013619646127,0.6020408163265306,0.5955056179775281,0.010855075223766887,-0.002064195857406026,True,0.7747252747252747,0.247007299270073,0.7683415363635445,0.8060344827586207,0.7747252747252747,0.7270933182971525,4639,1092,False
WF3,lgbm_04,0.7,98,96,0.9795918367346939,0.8617011673605515,0.8643145147153422,0.6020408163265306,0.59375,0.01377118644067797,-0.013263828366173014,True,0.8003802281368821,0.12291970802919708,0.7683415363635445,0.8060344827586207,0.8003802281368821,0.7303671286165816,4639,526,False
WF3,lgbm_05,0.5,98,58,0.5918367346938775,0.8617011673605515,0.9129940946718617,0.6020408163265306,0.6379310344827587,-0.05961426066627712,-0.001003954324007017,False,0.7408045977011494,0.7527007299270073,0.7679241990761422,0.8125,0.7408045977011494,0.730802415875755,4639,3480,False
WF3,lgbm_05,0.55,98,72,0.7346938775510204,0.8617011673605515,0.8912006657219178,0.6020408163265306,0.5972222222222222,0.008003766478342774,0.001995536083388094,True,0.7492784992784993,0.6064233576642336,0.7679241990761422,0.8125,0.7492784992784993,0.7220139260846278,4639,2772,False
WF3,lgbm_05,0.6,98,86,0.8775510204081632,0.8617011673605515,0.8726171361777141,0.6020408163265306,0.5930232558139535,0.014978320851399204,-0.0011426600939991038,True,0.7611788617886179,0.43737226277372265,0.7679241990761422,0.8125,0.7611788617886179,0.7214526394608761,4639,1968,False
WF3,lgbm_05,0.65,98,92,0.9387755102040817,0.8617011673605515,0.8677989859947552,0.6020408163265306,0.5978260869565217,0.007000736919675775,-0.0073939518926863235,True,0.775089605734767,0.25255474452554744,0.7679241990761422,0.8125,0.775089605734767,0.7266534203803576,4639,1116,False
WF3,lgbm_05,0.7,98,96,0.9795918367346939,0.8617011673605515,0.8670620493404072,0.6020408163265306,0.59375,0.01377118644067797,-0.01893489673610993,True,0.8122529644268774,0.12,0.7679241990761422,0.8125,0.8122529644268774,0.7292523590612147,4639,506,False
WF3,lgbm_06,0.5,98,56,0.5714285714285714,0.8617011673605515,0.9149289788857263,0.6020408163265306,0.625,-0.03813559322033898,-0.005260667576217792,False,0.742644958583262,0.7591240875912408,0.7688501080037564,0.8081896551724138,0.742644958583262,0.7249560632688928,4639,3501,False
WF3,lgbm_06,0.55,98,72,0.7346938775510204,0.8617011673605515,0.8872983133274723,0.6020408163265306,0.5833333333333334,0.03107344632768356,0.0031401476251480265,True,0.7488064634594197,0.5953284671532847,0.7688501080037564,0.8081896551724138,0.7488064634594197,0.7233820459290188,4639,2723,True
WF3,lgbm_06,0.6,98,85,0.8673469387755102,0.8617011673605515,0.8753932234103527,0.6020408163265306,0.6,0.003389830508474617,-0.0009153463133576567,True,0.769916142557652,0.4289051094890511,0.7688501080037564,0.8081896551724138,0.769916142557652,0.7162211644086415,4639,1908,False
WF3,lgbm_06,0.65,98,93,0.9489795918367347,0.8617011673605515,0.8676745899324969,0.6020408163265306,0.5913978494623656,0.017678148350646936,-0.009048018069625408,True,0.7791164658634538,0.22656934306569343,0.7688501080037564,0.8081896551724138,0.7791164658634538,0.7271479549821576,4639,996,False
WF3,lgbm_06,0.7,98,97,0.9897959183673469,0.8617011673605515,0.8661924124552662,0.6020408163265306,0.5979381443298969,0.0068146077232221144,-0.020201696436656147,True,0.8328981723237598,0.09313868613138686,0.7688501080037564,0.8081896551724138,0.8328981723237598,0.7297932330827067,4639,383,False
WF3,lgbm_07,0.5,98,58,0.5918367346938775,0.8617011673605515,0.9128710150651376,0.6020408163265306,0.6551724137931034,-0.08825248392752771,0.009924386181676237,False,0.745086869837653,0.7637956204379562,0.7735015464149034,0.8318965517241379,0.745086869837653,0.7171985815602837,4639,3511,False
WF3,lgbm_07,0.55,98,70,0.7142857142857143,0.8617011673605515,0.8917347579119379,0.6020408163265306,0.6,0.003389830508474617,0.005630351011431278,True,0.7506181561285765,0.6204379562043796,0.7735015464149034,0.8318965517241379,0.7506181561285765,0.7190265486725663,4639,2831,False
WF3,lgbm_07,0.6,98,81,0.826530612244898,0.8617011673605515,0.8783187099222548,0.6020408163265306,0.5925925925925926,0.01569365976145643,0.00011488045659024948,True,0.7585377585377585,0.46043795620437955,0.7735015464149034,0.8318965517241379,0.7585377585377585,0.721875,4639,2079,False
WF3,lgbm_07,0.65,98,92,0.9387755102040817,0.8617011673605515,0.8694410527780662,0.6020408163265306,0.5978260869565217,0.007000736919675775,-0.012673583047235648,True,0.7744714173844949,0.28875912408759125,0.7735015464149034,0.8318965517241379,0.7744714173844949,0.7245687091017252,4639,1277,False
WF3,lgbm_07,0.7,98,95,0.9693877551020408,0.8617011673605515,0.8661144237495035,0.6020408163265306,0.5894736842105263,0.020874219446922485,-0.013003279894531428,True,0.8133971291866029,0.14890510948905109,0.7735015464149034,0.8318965517241379,0.8133971291866029,0.7265702891326022,4639,627,False
WF3,lgbm_08,0.5,98,59,0.6020408163265306,0.8617011673605515,0.9058059245837236,0.6020408163265306,0.6440677966101694,-0.06980752657282381,0.004615196675729516,True,0.7435225618631732,0.7456934306569343,0.7598562527144237,0.7693965517241379,0.7435225618631732,0.723421926910299,4639,3435,False
WF3,lgbm_08,0.55,98,68,0.6938775510204082,0.8617011673605515,0.8958433715933384,0.6020408163265306,0.6176470588235294,-0.02592223330009974,-0.004841352883995009,True,0.7518531591951995,0.621897810218978,0.7598562527144237,0.7693965517241379,0.7518531591951995,0.7170542635658915,4639,2833,False
WF3,lgbm_08,0.6,98,75,0.7653061224489796,0.8617011673605515,0.8869439984126862,0.6020408163265306,0.6,0.003389830508474617,-0.010099936846089452,True,0.7659574468085106,0.494014598540146,0.7598562527144237,0.7693965517241379,0.7659574468085106,0.7131687242798354,4639,2209,False
WF3,lgbm_08,0.65,98,85,0.8673469387755102,0.8617011673605515,0.8747283092809464,0.6020408163265306,0.5882352941176471,0.0229312063808574,0.0006300695158834024,True,0.7663185378590078,0.34277372262773725,0.7598562527144237,0.7693965517241379,0.7663185378590078,0.7244930801416157,4639,1532,False
WF3,lgbm_08,0.7,98,90,0.9183673469387755,0.8617011673605515,0.8692548654825821,0.6020408163265306,0.5888888888888889,0.021845574387947243,-0.0025176237290385206,True,0.7673098751418842,0.19737226277372263,0.7598562527144237,0.7693965517241379,0.7673098751418842,0.731506120276743,4639,881,False
WF4,lgbm_01,0.5,24,15,0.625,0.9704858291871519,0.9765794623543234,0.7083333333333334,0.5333333333333333,0.2470588235294118,-0.01097851495218305,True,0.7853560682046138,0.49029430181590483,0.7952509379238465,0.8495145631067961,0.7853560682046138,0.7664783427495292,4118,1994,True
WF4,lgbm_01,0.55,24,20,0.8333333333333334,0.9704858291871519,0.9754853620836713,0.7083333333333334,0.65,0.0823529411764706,-0.017599802934551434,True,0.7992831541218638,0.27927363807138383,0.7952509379238465,0.8495145631067961,0.7992831541218638,0.7668221185876083,4118,1116,False
WF4,lgbm_01,0.6,24,24,1.0,0.9704858291871519,0.9704858291871519,0.7083333333333334,0.7083333333333334,0.0,-0.022059270809602904,True,0.8407494145199064,0.1123982467125861,0.7952509379238465,0.8495145631067961,0.8407494145199064,0.7680845299376863,4118,427,False
WF4,lgbm_01,0.65,24,24,1.0,0.9704858291871519,0.9704858291871519,0.7083333333333334,0.7083333333333334,0.0,-0.022059270809602904,True,0.8913043478260869,0.02567313713212273,0.7952509379238465,0.8495145631067961,0.8913043478260869,0.7729756582215599,4118,92,False
WF4,lgbm_01,0.7,24,24,1.0,0.9704858291871519,0.9704858291871519,0.7083333333333334,0.7083333333333334,0.0,-0.022059270809602904,True,1.0,0.00031308703819661864,0.7952509379238465,0.8495145631067961,1.0,0.7755647316006801,4118,1,False
WF4,lgbm_02,0.5,24,12,0.5,0.9704858291871519,0.9787550998991689,0.7083333333333334,0.4166666666666667,0.4117647058823529,-0.005214127054596118,False,0.7762367082755433,0.5256731371321227,0.7951616605284427,0.8422330097087378,0.7762367082755433,0.7749360613810742,4118,2163,False
WF4,lgbm_02,0.55,24,21,0.875,0.9704858291871519,0.9734626492369797,0.7083333333333334,0.6666666666666666,0.05882352941176481,-0.021076080818939524,True,0.7922077922077922,0.2864746399499061,0.7951616605284427,0.8422330097087378,0.7922077922077922,0.7691528855889301,4118,1155,False
WF4,lgbm_02,0.6,24,24,1.0,0.9704858291871519,0.9704858291871519,0.7083333333333334,0.7083333333333334,0.0,-0.022059270809602904,True,0.8541666666666666,0.10269254852849093,0.7951616605284427,0.8422330097087378,0.8541666666666666,0.7675415104445634,4118,384,False
WF4,lgbm_02,0.65,24,24,1.0,0.9704858291871519,0.9704858291871519,0.7083333333333334,0.7083333333333334,0.0,-0.022059270809602904,True,0.7941176470588235,0.008453350031308704,0.7951616605284427,0.8422330097087378,0.7941176470588235,0.7754652301665035,4118,34,False
WF4,lgbm_02,0.7,24,24,1.0,0.9704858291871519,0.9704858291871519,0.7083333333333334,0.7083333333333334,0.0,-0.022059270809602904,True,,0.0,0.7951616605284427,0.8422330097087378,,0.7756192326372026,4118,0,False
WF4,lgbm_03,0.5,24,16,0.6666666666666666,0.9704858291871519,0.9764297037904168,0.7083333333333334,0.5625,0.20588235294117652,-0.010461185300255083,True,0.7810969637610186,0.49937382592360674,0.7971827072134832,0.8592233009708737,0.7810969637610186,0.7702312138728323,4118,2042,False
WF4,lgbm_03,0.55,24,21,0.875,0.9704858291871519,0.9735036239109124,0.7083333333333334,0.6666666666666666,0.05882352941176481,-0.022817820585871007,True,0.7919354838709678,0.30745147150907953,0.7971827072134832,0.8592233009708737,0.7919354838709678,0.768589298123697,4118,1240,False
WF4,lgbm_03,0.6,24,23,0.9583333333333334,0.9704858291871519,0.9706623010481042,0.7083333333333334,0.6956521739130435,0.017902813299232816,-0.02346772826929122,True,0.8393162393162393,0.15372573575453977,0.7971827072134832,0.8592233009708737,0.8393162393162393,0.7650721766204359,4118,585,False
WF4,lgbm_03,0.65,24,24,1.0,0.9704858291871519,0.9704858291871519,0.7083333333333334,0.7083333333333334,0.0,-0.022059270809602904,True,0.8654970760233918,0.046336881653099564,0.7971827072134832,0.8592233009708737,0.8654970760233918,0.7717253610336965,4118,171,False
WF4,lgbm_03,0.7,24,24,1.0,0.9704858291871519,0.9704858291871519,0.7083333333333334,0.7083333333333334,0.0,-0.022059270809602904,True,0.8260869565217391,0.005948653725735754,0.7971827072134832,0.8592233009708737,0.8260869565217391,0.7753357753357754,4118,23,False
WF4,lgbm_04,0.5,24,14,0.5833333333333334,0.9704858291871519,0.9774587777467351,0.7083333333333334,0.5,0.29411764705882354,-0.00958744346075091,False,0.7813638729828214,0.46994364433312463,0.7977627335420454,0.8519417475728155,0.7813638729828214,0.7705962676376877,4118,1921,False
WF4,lgbm_04,0.55,24,20,0.8333333333333334,0.9704858291871519,0.9745733778497795,0.7083333333333334,0.65,0.0823529411764706,-0.019874933909893255,True,0.7981418918918919,0.29586725109580464,0.7977627335420454,0.8519417475728155,0.7981418918918919,0.7665303340149966,4118,1184,False
WF4,lgbm_04,0.6,24,22,0.9166666666666666,0.9704858291871519,0.9724145788852906,0.7083333333333334,0.6818181818181818,0.037433155080214026,-0.022123180350876015,True,0.8239316239316239,0.1509079524107702,0.7977627335420454,0.8519417475728155,0.8239316239316239,0.7676195867534673,4118,585,False
WF4,lgbm_04,0.65,24,23,0.9583333333333334,0.9704858291871519,0.9715805145652996,0.7083333333333334,0.6956521739130435,0.017902813299232816,-0.02119259729394929,True,0.8994708994708994,0.053224796493425174,0.7977627335420454,0.8519417475728155,0.8994708994708994,0.7696614914736574,4118,189,False
WF4,lgbm_04,0.7,24,24,1.0,0.9704858291871519,0.9704858291871519,0.7083333333333334,0.7083333333333334,0.0,-0.022059270809602904,True,0.8461538461538461,0.0068879148403256105,0.7977627335420454,0.8519417475728155,0.8461538461538461,0.7751710654936461,4118,26,False
WF4,lgbm_05,0.5,24,13,0.5416666666666666,0.9704858291871519,0.9778524503421833,0.7083333333333334,0.46153846153846156,0.34841628959276016,-0.0051319483222962425,False,0.7801583605030274,0.5244207889793363,0.7958599309943801,0.8422330097087378,0.7801583605030274,0.7706747843734145,4118,2147,False
WF4,lgbm_05,0.55,24,20,0.8333333333333334,0.9704858291871519,0.9745733778497795,0.7083333333333334,0.65,0.0823529411764706,-0.019874933909893255,True,0.7864992150706437,0.3137132122730119,0.7958599309943801,0.8422330097087378,0.7864992150706437,0.770745428973277,4118,1274,False
WF4,lgbm_05,0.6,24,23,0.9583333333333334,0.9704858291871519,0.9715805145652996,0.7083333333333334,0.6956521739130435,0.017902813299232816,-0.02119259729394929,True,0.8385321100917431,0.14308077645585474,0.7958599309943801,0.8422330097087378,0.8385321100917431,0.7660229499020431,4118,545,False
WF4,lgbm_05,0.65,24,24,1.0,0.9704858291871519,0.9704858291871519,0.7083333333333334,0.7083333333333334,0.0,-0.022059270809602904,True,0.8618421052631579,0.04101440200375704,0.7958599309943801,0.8422330097087378,0.8618421052631579,0.7723146747352496,4118,152,False
WF4,lgbm_05,0.7,24,24,1.0,0.9704858291871519,0.9704858291871519,0.7083333333333334,0.7083333333333334,0.0,-0.022059270809602904,True,0.8333333333333334,0.0015654351909830933,0.7958599309943801,0.8422330097087378,0.8333333333333334,0.7755350194552529,4118,6,False
WF4,lgbm_06,0.5,24,14,0.5833333333333334,0.9704858291871519,0.9770413470841525,0.7083333333333334,0.5,0.29411764705882354,-0.0067544959265233295,False,0.780214424951267,0.5012523481527865,0.8021643390579342,0.866504854368932,0.780214424951267,0.7710551790900291,4118,2052,False
WF4,lgbm_06,0.55,24,21,0.875,0.9704858291871519,0.9735036239109124,0.7083333333333334,0.6666666666666666,0.05882352941176481,-0.022817820585871007,True,0.801452784503632,0.3108954289292423,0.8021643390579342,0.866504854368932,0.801452784503632,0.7645015630427232,4118,1239,False
WF4,lgbm_06,0.6,24,22,0.9166666666666666,0.9704858291871519,0.9717736190776002,0.7083333333333334,0.6818181818181818,0.037433155080214026,-0.022266581360244952,True,0.8312611012433393,0.14652473387601753,0.8021643390579342,0.866504854368932,0.8312611012433393,0.7668073136427567,4118,563,False
WF4,lgbm_06,0.65,24,24,1.0,0.9704858291871519,0.9704858291871519,0.7083333333333334,0.7083333333333334,0.0,-0.022059270809602904,True,0.9083969465648855,0.03725735754539762,0.8021643390579342,0.866504854368932,0.9083969465648855,0.7712565838976674,4118,131,False
WF4,lgbm_06,0.7,24,24,1.0,0.9704858291871519,0.9704858291871519,0.7083333333333334,0.7083333333333334,0.0,-0.022059270809602904,True,1.0,0.00031308703819661864,0.8021643390579342,0.866504854368932,1.0,0.7755647316006801,4118,1,False
WF4,lgbm_07,0.5,24,13,0.5416666666666666,0.9704858291871519,0.9780527571622195,0.7083333333333334,0.46153846153846156,0.34841628959276016,-0.00486865990829477,False,0.7859237536656891,0.5034439574201628,0.8030977051017907,0.8446601941747572,0.7859237536656891,0.7654440154440154,4118,2046,False
WF4,lgbm_07,0.55,24,21,0.875,0.9704858291871519,0.9721240598165463,0.7083333333333334,0.6666666666666666,0.05882352941176481,-0.019643552669573072,True,0.798937784522003,0.32968065122103946,0.8030977051017907,0.8446601941747572,0.798937784522003,0.7646428571428572,4118,1318,False
WF4,lgbm_07,0.6,24,22,0.9166666666666666,0.9704858291871519,0.9717736190776002,0.7083333333333334,0.6818181818181818,0.037433155080214026,-0.022266581360244952,True,0.8264580369843528,0.18190356919223544,0.8030977051017907,0.8446601941747572,0.8264580369843528,0.7651537335285505,4118,703,False
WF4,lgbm_07,0.65,24,24,1.0,0.9704858291871519,0.9704858291871519,0.7083333333333334,0.7083333333333334,0.0,-0.022059270809602904,True,0.8759398496240601,0.07294927989981215,0.8030977051017907,0.8446601941747572,0.8759398496240601,0.7686915887850467,4118,266,False
WF4,lgbm_07,0.7,24,24,1.0,0.9704858291871519,0.9704858291871519,0.7083333333333334,0.7083333333333334,0.0,-0.022059270809602904,True,0.9512195121951219,0.012210394489668128,0.8030977051017907,0.8446601941747572,0.9512195121951219,0.7738533235221977,4118,41,False
WF4,lgbm_08,0.5,24,12,0.5,0.9704858291871519,0.9782220249769767,0.7083333333333334,0.4166666666666667,0.4117647058823529,-0.009341674623155827,False,0.7848289538919186,0.49561678146524735,0.7973124325578557,0.8325242718446602,0.7848289538919186,0.7667777248929082,4118,2017,False
WF4,lgbm_08,0.55,24,20,0.8333333333333334,0.9704858291871519,0.9728230912255725,0.7083333333333334,0.6,0.1529411764705883,-0.018662823207473922,True,0.789736279401283,0.34690043832185347,0.7973124325578557,0.8325242718446602,0.789736279401283,0.7683241252302025,4118,1403,False
WF4,lgbm_08,0.6,24,21,0.875,0.9704858291871519,0.9737559437602438,0.7083333333333334,0.6666666666666666,0.05882352941176481,-0.01704856370892538,True,0.8078703703703703,0.2185347526612398,0.7973124325578557,0.8325242718446602,0.8078703703703703,0.7670559311616472,4118,864,False
WF4,lgbm_08,0.65,24,23,0.9583333333333334,0.9704858291871519,0.9715945830290353,0.7083333333333334,0.6956521739130435,0.017902813299232816,-0.020858123900556746,True,0.8288888888888889,0.11678146524733876,0.7973124325578557,0.8325242718446602,0.8288888888888889,0.7690839694656488,4118,450,False
WF4,lgbm_08,0.7,24,23,0.9583333333333334,0.9704858291871519,0.9715945830290353,0.7083333333333334,0.6956521739130435,0.017902813299232816,-0.020858123900556746,True,0.8707865168539326,0.04852849092047589,0.7973124325578557,0.8325242718446602,0.8707865168539326,0.7713197969543147,4118,178,False
WF5,lgbm_01,0.5,18,16,0.8888888888888888,0.9859190708883242,0.9869812743710497,0.7777777777777778,0.75,0.035714285714285726,-0.017466711173891758,True,0.8239254272397721,0.5358706635230718,0.7998553299646038,0.7368421052631579,0.8239254272397721,0.8241626794258373,3603,1931,True
WF5,lgbm_01,0.55,18,18,1.0,0.9859190708883242,0.9859190708883242,0.7777777777777778,0.7777777777777778,0.0,-0.01885675465810288,True,0.7939011566771819,0.25429437521050857,0.7998553299646038,0.7368421052631579,0.7939011566771819,0.834841628959276,3603,951,False
WF5,lgbm_01,0.6,18,18,1.0,0.9859190708883242,0.9859190708883242,0.7777777777777778,0.7777777777777778,0.0,-0.01885675465810288,True,0.7494145199063232,0.10778039744021556,0.7998553299646038,0.7368421052631579,0.7494145199063232,0.8340680100755667,3603,427,False
WF5,lgbm_01,0.65,18,18,1.0,0.9859190708883242,0.9859190708883242,0.7777777777777778,0.7777777777777778,0.0,-0.01885675465810288,True,0.6774193548387096,0.03536544291007073,0.7998553299646038,0.7368421052631579,0.6774193548387096,0.8306264501160093,3603,155,False
WF5,lgbm_01,0.7,18,18,1.0,0.9859190708883242,0.9859190708883242,0.7777777777777778,0.7777777777777778,0.0,-0.01885675465810288,True,0.29411764705882354,0.001684068710003368,0.7998553299646038,0.7368421052631579,0.29411764705882354,0.826547685443391,3603,17,False
WF5,lgbm_02,0.5,18,16,0.8888888888888888,0.9859190708883242,0.9869812743710497,0.7777777777777778,0.75,0.035714285714285726,-0.017466711173891758,True,0.8243037974683545,0.5483327719770966,0.800270616380687,0.7479224376731302,0.8243037974683545,0.8237100737100738,3603,1975,False
WF5,lgbm_02,0.55,18,17,0.9444444444444444,0.9859190708883242,0.9864054619450581,0.7777777777777778,0.7647058823529411,0.016806722689075713,-0.017711904453921123,True,0.7942973523421588,0.26271471876052543,0.800270616380687,0.7479224376731302,0.7942973523421588,0.8351774132010683,3603,982,False
WF5,lgbm_02,0.6,18,18,1.0,0.9859190708883242,0.9859190708883242,0.7777777777777778,0.7777777777777778,0.0,-0.01885675465810288,True,0.7386759581881533,0.07140451330414281,0.800270616380687,0.7479224376731302,0.7386759581881533,0.8314234016887817,3603,287,False
WF5,lgbm_02,0.65,18,18,1.0,0.9859190708883242,0.9859190708883242,0.7777777777777778,0.7777777777777778,0.0,-0.01885675465810288,True,0.5333333333333333,0.008083529808016167,0.800270616380687,0.7479224376731302,0.5333333333333333,0.8277121978639685,3603,45,False
WF5,lgbm_02,0.7,18,18,1.0,0.9859190708883242,0.9859190708883242,0.7777777777777778,0.7777777777777778,0.0,-0.01885675465810288,True,,0.0,0.800270616380687,0.7479224376731302,,0.8240355259505967,3603,0,False
WF5,lgbm_03,0.5,18,14,0.7777777777777778,0.9859190708883242,0.9890939785061448,0.7777777777777778,0.7857142857142857,-0.010204081632653024,-0.015931821044420924,True,0.8268858800773694,0.5759514988211519,0.8020688590555908,0.7590027700831025,0.8268858800773694,0.8201954397394137,3603,2068,False
WF5,lgbm_03,0.55,18,17,0.9444444444444444,0.9859190708883242,0.9864054619450581,0.7777777777777778,0.7647058823529411,0.016806722689075713,-0.017711904453921123,True,0.8079739625711961,0.33445604580666893,0.8020688590555908,0.7590027700831025,0.8079739625711961,0.8323504633529908,3603,1229,False
WF5,lgbm_03,0.6,18,18,1.0,0.9859190708883242,0.9859190708883242,0.7777777777777778,0.7777777777777778,0.0,-0.01885675465810288,True,0.7859531772575251,0.1583024587403166,0.8020688590555908,0.7590027700831025,0.7859531772575251,0.8316139767054909,3603,598,False
WF5,lgbm_03,0.65,18,18,1.0,0.9859190708883242,0.9859190708883242,0.7777777777777778,0.7777777777777778,0.0,-0.01885675465810288,True,0.7203791469194313,0.05119568878410239,0.8020688590555908,0.7590027700831025,0.7203791469194313,0.8304834905660378,3603,211,False
WF5,lgbm_03,0.7,18,18,1.0,0.9859190708883242,0.9859190708883242,0.7777777777777778,0.7777777777777778,0.0,-0.01885675465810288,True,0.5428571428571428,0.006399461098012799,0.8020688590555908,0.7590027700831025,0.5428571428571428,0.8267937219730942,3603,35,False
WF5,lgbm_04,0.5,18,15,0.8333333333333334,0.9859190708883242,0.9883633828524327,0.7777777777777778,0.8,-0.028571428571428612,-0.018357184976076857,True,0.8267716535433071,0.5658470865611317,0.8094075393470086,0.7673130193905817,0.8267716535433071,0.8204964990451942,3603,2032,False
WF5,lgbm_04,0.55,18,17,0.9444444444444444,0.9859190708883242,0.9864054619450581,0.7777777777777778,0.7647058823529411,0.016806722689075713,-0.017711904453921123,True,0.8171238570241064,0.3310879083866622,0.8094075393470086,0.7673130193905817,0.8171238570241064,0.8275,3603,1203,False
WF5,lgbm_04,0.6,18,18,1.0,0.9859190708883242,0.9859190708883242,0.7777777777777778,0.7777777777777778,0.0,-0.01885675465810288,True,0.7931654676258992,0.14853486022229706,0.8094075393470086,0.7673130193905817,0.7931654676258992,0.8296685264194289,3603,556,False
WF5,lgbm_04,0.65,18,18,1.0,0.9859190708883242,0.9859190708883242,0.7777777777777778,0.7777777777777778,0.0,-0.01885675465810288,True,0.7305699481865285,0.047490737622094985,0.8094075393470086,0.7673130193905817,0.7305699481865285,0.829325513196481,3603,193,False
WF5,lgbm_04,0.7,18,18,1.0,0.9859190708883242,0.9859190708883242,0.7777777777777778,0.7777777777777778,0.0,-0.01885675465810288,True,0.5757575757575758,0.006399461098012799,0.8094075393470086,0.7673130193905817,0.5757575757575758,0.8263305322128851,3603,33,False
WF5,lgbm_05,0.5,18,14,0.7777777777777778,0.9859190708883242,0.9894363636592952,0.7777777777777778,0.7857142857142857,-0.010204081632653024,-0.017416894580340125,True,0.8274881516587678,0.5880767935331761,0.8082294158753337,0.7700831024930748,0.8274881516587678,0.8191560616208975,3603,2110,False
WF5,lgbm_05,0.55,18,16,0.8888888888888888,0.9859190708883242,0.9877879154956514,0.7777777777777778,0.8125,-0.04464285714285712,-0.018602378256106222,True,0.8093322606596943,0.33883462445267765,0.8082294158753337,0.7700831024930748,0.8093322606596943,0.8317796610169491,3603,1243,False
WF5,lgbm_05,0.6,18,17,0.9444444444444444,0.9859190708883242,0.9864054619450581,0.7777777777777778,0.7647058823529411,0.016806722689075713,-0.017711904453921123,True,0.7857142857142857,0.13708319299427416,0.8082294158753337,0.7700831024930748,0.7857142857142857,0.8304700162074554,3603,518,False
WF5,lgbm_05,0.65,18,18,1.0,0.9859190708883242,0.9859190708883242,0.7777777777777778,0.7777777777777778,0.0,-0.01885675465810288,True,0.7283950617283951,0.039744021556079485,0.8082294158753337,0.7700831024930748,0.7283950617283951,0.8285382156349899,3603,162,False
WF5,lgbm_05,0.7,18,18,1.0,0.9859190708883242,0.9859190708883242,0.7777777777777778,0.7777777777777778,0.0,-0.01885675465810288,True,0.7222222222222222,0.004378578646008757,0.8082294158753337,0.7700831024930748,0.7222222222222222,0.8245467224546722,3603,18,False
WF5,lgbm_06,0.5,18,14,0.7777777777777778,0.9859190708883242,0.9894363636592952,0.7777777777777778,0.7857142857142857,-0.010204081632653024,-0.017416894580340125,True,0.8283796740172579,0.5820141461771641,0.8076339901954563,0.7645429362880887,0.8283796740172579,0.8180619644034278,3603,2086,False
WF5,lgbm_06,0.55,18,16,0.8888888888888888,0.9859190708883242,0.9877879154956514,0.7777777777777778,0.8125,-0.04464285714285712,-0.018602378256106222,True,0.8105691056910569,0.33580330077467163,0.8076339901954563,0.7645429362880887,0.8105691056910569,0.831015592077539,3603,1230,False
WF5,lgbm_06,0.6,18,17,0.9444444444444444,0.9859190708883242,0.9864054619450581,0.7777777777777778,0.7647058823529411,0.016806722689075713,-0.017711904453921123,True,0.7867924528301887,0.1404513304142809,0.8076339901954563,0.7645429362880887,0.7867924528301887,0.8304588350146437,3603,530,False
WF5,lgbm_06,0.65,18,18,1.0,0.9859190708883242,0.9859190708883242,0.7777777777777778,0.7777777777777778,0.0,-0.01885675465810288,True,0.6901408450704225,0.033007746716066017,0.8076339901954563,0.7645429362880887,0.6901408450704225,0.8295290378503323,3603,142,False
WF5,lgbm_06,0.7,18,18,1.0,0.9859190708883242,0.9859190708883242,0.7777777777777778,0.7777777777777778,0.0,-0.01885675465810288,True,0.5714285714285714,0.002694509936005389,0.8076339901954563,0.7645429362880887,0.5714285714285714,0.8250208971858456,3603,14,False
WF5,lgbm_07,0.5,18,15,0.8333333333333334,0.9859190708883242,0.9883633828524327,0.7777777777777778,0.8,-0.028571428571428612,-0.018357184976076857,True,0.8298072402444758,0.5944762546311889,0.8105234298045163,0.7839335180055401,0.8298072402444758,0.8157181571815718,3603,2127,False
WF5,lgbm_07,0.55,18,15,0.8333333333333334,0.9859190708883242,0.9883633828524327,0.7777777777777778,0.8,-0.028571428571428612,-0.018357184976076857,True,0.8256676557863502,0.37487369484674976,0.8105234298045163,0.7839335180055401,0.8256676557863502,0.823059866962306,3603,1348,False
WF5,lgbm_07,0.6,18,17,0.9444444444444444,0.9859190708883242,0.9864054619450581,0.7777777777777778,0.7647058823529411,0.016806722689075713,-0.017711904453921123,True,0.7944606413994169,0.18356348939036712,0.8105234298045163,0.7839335180055401,0.7944606413994169,0.8309907439149812,3603,686,False
WF5,lgbm_07,0.65,18,18,1.0,0.9859190708883242,0.9859190708883242,0.7777777777777778,0.7777777777777778,0.0,-0.01885675465810288,True,0.7592592592592593,0.06904681711013809,0.8105234298045163,0.7839335180055401,0.7592592592592593,0.8292829282928292,3603,270,False
WF5,lgbm_07,0.7,18,18,1.0,0.9859190708883242,0.9859190708883242,0.7777777777777778,0.7777777777777778,0.0,-0.01885675465810288,True,0.6222222222222222,0.009430784776018861,0.8105234298045163,0.7839335180055401,0.6222222222222222,0.8265879707700956,3603,45,False
WF5,lgbm_08,0.5,18,15,0.8333333333333334,0.9859190708883242,0.9883633828524327,0.7777777777777778,0.8,-0.028571428571428612,-0.018357184976076857,True,0.830328247803976,0.6049174806332098,0.8084754606821124,0.7867036011080333,0.830328247803976,0.8145833333333333,3603,2163,False
WF5,lgbm_08,0.55,18,17,0.9444444444444444,0.9859190708883242,0.9864054619450581,0.7777777777777778,0.7647058823529411,0.016806722689075713,-0.017711904453921123,True,0.8178621659634318,0.39171438194678343,0.8084754606821124,0.7867036011080333,0.8178621659634318,0.828060522696011,3603,1422,False
WF5,lgbm_08,0.6,18,17,0.9444444444444444,0.9859190708883242,0.9864054619450581,0.7777777777777778,0.7647058823529411,0.016806722689075713,-0.017711904453921123,True,0.7980049875311721,0.21556079488043112,0.8084754606821124,0.7867036011080333,0.7980049875311721,0.8314887540164227,3603,802,False
WF5,lgbm_08,0.65,18,18,1.0,0.9859190708883242,0.9859190708883242,0.7777777777777778,0.7777777777777778,0.0,-0.01885675465810288,True,0.780952380952381,0.11047490737622095,0.8084754606821124,0.7867036011080333,0.780952380952381,0.8297203895695885,3603,420,False
WF5,lgbm_08,0.7,18,18,1.0,0.9859190708883242,0.9859190708883242,0.7777777777777778,0.7777777777777778,0.0,-0.01885675465810288,True,0.7309644670050761,0.048501178848097,0.8084754606821124,0.7867036011080333,0.7309644670050761,0.8294186729301233,3603,197,False
