artifact_id,resolved_path,row_count,column_count,sha256,schema_status,read_status,required_flag
requirement,/home/xiaolv/code/a_share/topics/02_AFML_BIG_WINNER/experiments/pending/12_multi_k_winner_failure_path_morphology_research_v0/requirement_12a7g_vol_scaled_label_panel_c0_separability_triage.md,,,07786959ad687ff18ba6b2737008666d8fdb2a0dc591ee45741c23be31c452d4,pass,pass,True
discussion_source,/home/xiaolv/code/a_share/topics/02_AFML_BIG_WINNER/experiments/pending/12_multi_k_winner_failure_path_morphology_research_v0/discussion2.md,,,1ef4f91d4502830026edf215f0006827c957b52cb7352a1b7d10676d85533d4a,pass,pass,True
research_plan_source,/home/xiaolv/code/a_share/topics/02_AFML_BIG_WINNER/experiments/pending/12_multi_k_winner_failure_path_morphology_research_v0/research_plan_3_winner_label_form_and_decoupled_selector.md,,,f10f8a4ffe390578c015ce147a2fac7c9ba8162407a31f49764656e2e675dc8a,pass,pass,True
pit_topn_400_100_executable_daily,/home/xiaolv/code/a_share/topics/02_AFML_BIG_WINNER/data/processed/universe/pit_topn_400_100_executable_daily.csv,1140000.0,33.0,e73968ddf54b646ab2d831467a0e2882970e5f96880df12c41bd01a39c243965,pass,pass,True
pit_topn_400_100_membership_daily,/home/xiaolv/code/a_share/topics/02_AFML_BIG_WINNER/data/processed/universe/pit_topn_400_100_membership_daily.csv,1140500.0,32.0,982cc6930b27c4b255f019af5180ef835667280b841154af8c2ca9b0138a863b,pass,pass,True
stock_daily_qfq_dir,/home/xiaolv/code/a_share/topics/02_AFML_BIG_WINNER/data/raw/akshare/day/qfq,4598.0,,,directory,pass,True
global_regime_calendar,/home/xiaolv/code/a_share/topics/02_AFML_BIG_WINNER/experiments/pending/11_archetype_proxy_validation_system_v0/outputs/publishable/tables/11A0_regime_pit_availability_audit/regime_daily_series_audit.csv,1912.0,7.0,8ec181dd392b20c1677c61c5a74f4d6bfa5609f78782057958c96ec63e600898,pass,pass,True
two_stage_event_universe,/home/xiaolv/code/a_share/topics/02_AFML_BIG_WINNER/experiments/pending/12_multi_k_winner_failure_path_morphology_research_v0/outputs/publishable/tables/12A6c_two_stage_fast_fail_rejector_continuation_feasibility/two_stage_event_universe.csv.gz,15113.0,113.0,f3f58981ddc66a242c3e19a037c715a4bd300eeda18eda79f3809611014763c4,pass,pass,True
two_stage_event_targets,/home/xiaolv/code/a_share/topics/02_AFML_BIG_WINNER/experiments/pending/12_multi_k_winner_failure_path_morphology_research_v0/outputs/publishable/tables/12A6c_two_stage_fast_fail_rejector_continuation_feasibility/two_stage_event_targets.csv.gz,15113.0,14.0,ed7cc23fe4c858db224f3f6dffddd14feacbaf66e911c5f8549fb134e9297681,pass,pass,True
two_stage_feature_dictionary,/home/xiaolv/code/a_share/topics/02_AFML_BIG_WINNER/experiments/pending/12_multi_k_winner_failure_path_morphology_research_v0/outputs/publishable/tables/12A6c_two_stage_fast_fail_rejector_continuation_feasibility/two_stage_feature_dictionary.csv,116.0,10.0,95f1966043afcc03386e2791389ff4c16116b9a5822f09838326dd30847d3b67,pass,pass,True
two_stage_feature_pit_audit,/home/xiaolv/code/a_share/topics/02_AFML_BIG_WINNER/experiments/pending/12_multi_k_winner_failure_path_morphology_research_v0/outputs/publishable/tables/12A6c_two_stage_fast_fail_rejector_continuation_feasibility/two_stage_feature_pit_audit.csv,116.0,7.0,1442ea146560bddd4511e1018f9b17e4b5037192aaea9e9c4106fc83906fb816,pass,pass,True
split_time_boundary_audit,/home/xiaolv/code/a_share/topics/02_AFML_BIG_WINNER/experiments/pending/12_multi_k_winner_failure_path_morphology_research_v0/outputs/publishable/tables/12A6c_two_stage_fast_fail_rejector_continuation_feasibility/split_time_boundary_audit.csv,2.0,5.0,48d6fed2e2db6c77716fc8a9acb062fbf5e24feee6ce76045566cc3ca8c95986,pass,pass,True
two_stage_feature_matrix,/home/xiaolv/code/a_share/topics/02_AFML_BIG_WINNER/experiments/pending/12_multi_k_winner_failure_path_morphology_research_v0/outputs/local_cache/12A6c_two_stage_fast_fail_rejector_continuation_feasibility/two_stage_feature_matrix.parquet,0.0,116.0,233b3361194e94ba494edcec077dcafa055cb647f79c3321b9dd53a68b68e5cd,pass,pass,True
stage2_path_cache,/home/xiaolv/code/a_share/topics/02_AFML_BIG_WINNER/experiments/pending/12_multi_k_winner_failure_path_morphology_research_v0/outputs/local_cache/12A6c_two_stage_fast_fail_rejector_continuation_feasibility/stage2_path_cache.parquet,0.0,54.0,0ab5bb232ed12db5b2c0540a3da0a9bb44b21f5ab21a0c728534d6c3651663a3,pass,pass,True
manifest_12a6c,/home/xiaolv/code/a_share/topics/02_AFML_BIG_WINNER/experiments/pending/12_multi_k_winner_failure_path_morphology_research_v0/outputs/manifests/12A6c_two_stage_fast_fail_rejector_continuation_feasibility_manifest.json,,,6a94be86a54d58e7c8c8b04fd85e7bd8cf546d5309395d4fff18f4a1043f8ce2,pass,pass,True
simple_backbone_train_selection,/home/xiaolv/code/a_share/topics/02_AFML_BIG_WINNER/experiments/pending/12_multi_k_winner_failure_path_morphology_research_v0/outputs/publishable/tables/12A7b_direction_c_simple_backbone_operating_rule_validation/simple_backbone_train_selection.csv,1.0,62.0,011d0320fdd1adf6bb88983a81615ee53312c33881fe41924c6f56249cdf7b21,pass,pass,True
simple_backbone_operating_point_readout,/home/xiaolv/code/a_share/topics/02_AFML_BIG_WINNER/experiments/pending/12_multi_k_winner_failure_path_morphology_research_v0/outputs/publishable/tables/12A7b_direction_c_simple_backbone_operating_rule_validation/simple_backbone_operating_point_readout.csv,4.0,54.0,1f265b6cab409f7a3b643dcb1225b1b88d47caf06a0e3bbfe31aae9ace4c4212,pass,pass,True
direction_c_decision,/home/xiaolv/code/a_share/topics/02_AFML_BIG_WINNER/experiments/pending/12_multi_k_winner_failure_path_morphology_research_v0/outputs/publishable/tables/12A7b_direction_c_simple_backbone_operating_rule_validation/direction_c_decision.csv,1.0,30.0,221d3f11d68d100968fcfa466571c461b346620048e2298bc6872cbf7c19d18f,pass,pass,True
defense_participation_decision,/home/xiaolv/code/a_share/topics/02_AFML_BIG_WINNER/experiments/pending/12_multi_k_winner_failure_path_morphology_research_v0/outputs/publishable/tables/12A7e_defense_participation_frontier/defense_participation_decision.csv,1.0,24.0,f2a1a405053c70b18901275abee831aab8eaa89352d49684c85ff72993b20956,pass,pass,True
stage1_frontier_readout,/home/xiaolv/code/a_share/topics/02_AFML_BIG_WINNER/experiments/pending/12_multi_k_winner_failure_path_morphology_research_v0/outputs/publishable/tables/12A7e_defense_participation_frontier/stage1_frontier_readout.csv,32.0,22.0,5d5eed80b80213d92d9585ec4d48edfc094c2ab98900345bbadc6c25aa701495,pass,pass,True
defense_participation_frontier,/home/xiaolv/code/a_share/topics/02_AFML_BIG_WINNER/experiments/pending/12_multi_k_winner_failure_path_morphology_research_v0/outputs/publishable/tables/12A7e_defense_participation_frontier/defense_participation_frontier.csv,32.0,51.0,9bf6faff18f5f7bec507ef0e2525b829c07bf38aafee37ffc7250e2fb232c173,pass,pass,True
simple_backbone_score_matrix,/home/xiaolv/code/a_share/topics/02_AFML_BIG_WINNER/experiments/pending/12_multi_k_winner_failure_path_morphology_research_v0/outputs/local_cache/12A7b_direction_c_simple_backbone_operating_rule_validation/simple_backbone_score_matrix.parquet,0.0,151.0,c05b5b59d7c3498ca79e8383034f93dc31b6a191d4c59abcbf594dbe14c8f268,pass,pass,True
manifest_12a7b,/home/xiaolv/code/a_share/topics/02_AFML_BIG_WINNER/experiments/pending/12_multi_k_winner_failure_path_morphology_research_v0/outputs/manifests/12A7b_direction_c_simple_backbone_operating_rule_validation_manifest.json,,,e7907959ce0a3b4ab09d0ced685c80947be2e40c4038697f48f8d7b0f8e56822,pass,pass,True
manifest_12a7e,/home/xiaolv/code/a_share/topics/02_AFML_BIG_WINNER/experiments/pending/12_multi_k_winner_failure_path_morphology_research_v0/outputs/manifests/12A7e_defense_participation_frontier_manifest.json,,,3c18912afa495458e3cdffc6c9f09e0848d593f89e7ff154bc54fafcab8cbb3a,pass,pass,True
c0_winner_enrichment_decision,/home/xiaolv/code/a_share/topics/02_AFML_BIG_WINNER/experiments/pending/12_multi_k_winner_failure_path_morphology_research_v0/outputs/publishable/tables/12A7f_c0_winner_baserate_enrichment_control_diagnostic/c0_winner_enrichment_decision.csv,1.0,19.0,a4f7d5bda24250c78ccea3b2828ba81afd2fabad8e2f6ab4d35935e60ff31ab6,pass,pass,True
c0_vs_control_winner_baserate_readout,/home/xiaolv/code/a_share/topics/02_AFML_BIG_WINNER/experiments/pending/12_multi_k_winner_failure_path_morphology_research_v0/outputs/publishable/tables/12A7f_c0_winner_baserate_enrichment_control_diagnostic/c0_vs_control_winner_baserate_readout.csv,48.0,26.0,110e3ee12dda71aadc89392aa835f7772f72ac75c21deb21462aaadc78edecf6,pass,pass,True
winner_label_source_audit,/home/xiaolv/code/a_share/topics/02_AFML_BIG_WINNER/experiments/pending/12_multi_k_winner_failure_path_morphology_research_v0/outputs/publishable/tables/12A7f_c0_winner_baserate_enrichment_control_diagnostic/winner_label_source_audit.csv,16.0,7.0,acb40210b7897b103b456d8cb12e144eba7058b6d7f4916bf8f200ab6db75c3b,pass,pass,True
enrichment_stability_slice_audit,/home/xiaolv/code/a_share/topics/02_AFML_BIG_WINNER/experiments/pending/12_multi_k_winner_failure_path_morphology_research_v0/outputs/publishable/tables/12A7f_c0_winner_baserate_enrichment_control_diagnostic/enrichment_stability_slice_audit.csv,168.0,13.0,6fa0be83947c403d4210b9353db8b6161561e5c60e2a1e10e445a1be6876600f,pass,pass,True
manifest_12a7f,/home/xiaolv/code/a_share/topics/02_AFML_BIG_WINNER/experiments/pending/12_multi_k_winner_failure_path_morphology_research_v0/outputs/manifests/12A7f_c0_winner_baserate_enrichment_control_diagnostic_manifest.json,,,de62a47ea26d13b961a9a86e407a40e437e80d9f7b4a66e373aaaf5f4f9ab1ab,pass,pass,True
