label_id,label_type,vol_reference_id,horizon_sessions,train_denominator_n,train_horizon_complete_n,train_horizon_complete_rate,train_winner_positive_n,train_winner_base_rate,train_same_bar_conflict_rate,label_base_rate_dispersion,label_stability_score,label_eligibility_status
vol20d_kup1p0_kdn0p75_H20,vol_scaled,volatility_20d,20,232640,232640,1.0,78565,0.3377106258596974,0.00018483493810178816,0.1431275895090203,0.6689769496931804,ineligible
vol20d_kup1p0_kdn1p0_H20,vol_scaled,volatility_20d,20,232640,232640,1.0,83282,0.35798658872077027,0.00012465612104539203,0.15016661112174776,0.6417221440364366,ineligible
vol20d_kup1p0_kdn1p25_H20,vol_scaled,volatility_20d,20,232640,232640,1.0,85306,0.36668672627235216,8.59697386519945e-05,0.15265556854910606,0.6305717354398896,ineligible
vol20d_kup1p5_kdn0p75_H20,vol_scaled,volatility_20d,20,232640,232640,1.0,50271,0.21608923658872076,3.0089408528198073e-05,0.12455069672516307,0.8093299772775879,ineligible
vol20d_kup1p5_kdn1p0_H20,vol_scaled,volatility_20d,20,232640,232640,1.0,53095,0.2282281636863824,1.2895460797799175e-05,0.1286456364488302,0.7931133044039896,ineligible
vol20d_kup1p5_kdn1p25_H20,vol_scaled,volatility_20d,20,232640,232640,1.0,54347,0.23360986932599725,1.2895460797799175e-05,0.13076901808885236,0.7856082171243527,ineligible
vol20d_kup2p0_kdn0p75_H20,vol_scaled,volatility_20d,20,232640,232640,1.0,32904,0.14143741403026136,0.0,0.09470082916110344,0.896736584869158,eligible
vol20d_kup2p0_kdn1p0_H20,vol_scaled,volatility_20d,20,232640,232640,1.0,34621,0.14881791609353506,0.0,0.0985175393498226,0.9003003767437125,eligible
vol20d_kup2p0_kdn1p25_H20,vol_scaled,volatility_20d,20,232640,232640,1.0,35387,0.15211055708390647,0.0,0.10058830884034675,0.8973011340757467,ineligible
vol20d_kup2p5_kdn0p75_H20,vol_scaled,volatility_20d,20,232640,232640,1.0,22400,0.09628610729023383,0.0,0.07083045104341579,0.8754556562468181,eligible
vol20d_kup2p5_kdn1p0_H20,vol_scaled,volatility_20d,20,232640,232640,1.0,23515,0.10107892022008252,0.0,0.07399410197346812,0.8770848182466144,eligible
vol20d_kup2p5_kdn1p25_H20,vol_scaled,volatility_20d,20,232640,232640,1.0,24022,0.10325825309491059,0.0,0.07546067647338528,0.8777975766215254,eligible
vol60d_kup1p0_kdn0p75_H20,vol_scaled,volatility_60d,20,232640,232640,1.0,77691,0.3339537482806052,0.00012895460797799173,0.1498584423036171,0.6660588548077997,ineligible
vol60d_kup1p0_kdn1p0_H20,vol_scaled,volatility_60d,20,232640,232640,1.0,81582,0.35067916093535073,0.0001031636863823934,0.15772528658446996,0.6414923887937969,ineligible
vol60d_kup1p0_kdn1p25_H20,vol_scaled,volatility_60d,20,232640,232640,1.0,83107,0.3572343535075653,7.737276478679505e-05,0.16000392890721912,0.6326843448204287,ineligible
vol60d_kup1p5_kdn0p75_H20,vol_scaled,volatility_60d,20,232640,232640,1.0,48321,0.20770718707015132,3.43878954607978e-05,0.12563815133040995,0.8166202737039778,ineligible
vol60d_kup1p5_kdn1p0_H20,vol_scaled,volatility_60d,20,232640,232640,1.0,50515,0.2171380674002751,3.0089408528198073e-05,0.1319125302859283,0.8009193129052683,ineligible
vol60d_kup1p5_kdn1p25_H20,vol_scaled,volatility_60d,20,232640,232640,1.0,51407,0.22097231774415405,2.579092159559835e-05,0.13432126387998544,0.7946806274542649,ineligible
vol60d_kup2p0_kdn0p75_H20,vol_scaled,volatility_60d,20,232640,232640,1.0,31232,0.1342503438789546,0.0,0.0954559237588039,0.8887944201201506,eligible
vol60d_kup2p0_kdn1p0_H20,vol_scaled,volatility_60d,20,232640,232640,1.0,32471,0.13957616918844568,0.0,0.09976352281842225,0.8898126463700234,eligible
vol60d_kup2p0_kdn1p25_H20,vol_scaled,volatility_60d,20,232640,232640,1.0,32976,0.14174690508940851,0.0,0.10111967771948692,0.8906272273699216,ineligible
vol60d_kup2p5_kdn0p75_H20,vol_scaled,volatility_60d,20,232640,232640,1.0,20684,0.08890990371389271,0.0,0.06823991084147646,0.8706699928724163,eligible
vol60d_kup2p5_kdn1p0_H20,vol_scaled,volatility_60d,20,232640,232640,1.0,21399,0.09198332187070152,0.0,0.07090603849833618,0.8710772833723653,eligible
vol60d_kup2p5_kdn1p25_H20,vol_scaled,volatility_60d,20,232640,232640,1.0,21728,0.09339752407152682,0.0,0.07221841807417421,0.8711791059973526,eligible
fixed_U15_L10_H20,fixed_anchor,,20,232640,232640,1.0,55913,0.24034129986244843,0.0,0.17222196374596332,0.7374367363915882,ineligible
fixed_U20_L10_H20,fixed_anchor,,20,232640,232640,1.0,37039,0.15921165749656122,0.0,0.12611930437569777,0.8646690381277411,ineligible
vol20d_kup1p0_kdn0p75_H40,vol_scaled,volatility_20d,40,232640,232640,1.0,79107,0.34004040577716643,2.1492434662998625e-05,0.2076709932937126,0.602267108494458,ineligible
vol20d_kup1p0_kdn1p0_H40,vol_scaled,volatility_20d,40,232640,232640,1.0,83946,0.3608407840440165,1.71939477303989e-05,0.21034694431282822,0.5787950776954249,ineligible
vol20d_kup1p0_kdn1p25_H40,vol_scaled,volatility_20d,40,232640,232640,1.0,86096,0.3700825309491059,1.2895460797799175e-05,0.20380618434489048,0.5760983892452058,ineligible
vol20d_kup1p5_kdn0p75_H40,vol_scaled,volatility_20d,40,232640,232640,1.0,52045,0.2237147524071527,0.0,0.1673050181642039,0.7589802294286434,ineligible
vol20d_kup1p5_kdn1p0_H40,vol_scaled,volatility_20d,40,232640,232640,1.0,55111,0.23689391334250343,0.0,0.17101467497573833,0.7420914116817583,ineligible
vol20d_kup1p5_kdn1p25_H40,vol_scaled,volatility_20d,40,232640,232640,1.0,56448,0.24264099037138928,0.0,0.16902323250559148,0.7383357771230192,ineligible
vol20d_kup2p0_kdn0p75_H40,vol_scaled,volatility_20d,40,232640,232640,1.0,35825,0.15399329436038514,1.2895460797799175e-05,0.1252793141139744,0.8707144960648427,ineligible
vol20d_kup2p0_kdn1p0_H40,vol_scaled,volatility_20d,40,232640,232640,1.0,37738,0.16221629986244843,0.0,0.12892030149161043,0.8588633986459411,ineligible
vol20d_kup2p0_kdn1p25_H40,vol_scaled,volatility_20d,40,232640,232640,1.0,38574,0.16580983493810178,0.0,0.13007009356756924,0.8541200714943289,ineligible
vol20d_kup2p5_kdn0p75_H40,vol_scaled,volatility_20d,40,232640,232640,1.0,25135,0.10804246905089408,0.0,0.09225996217786689,0.8657825068730272,eligible
vol20d_kup2p5_kdn1p0_H40,vol_scaled,volatility_20d,40,232640,232640,1.0,26329,0.11317486244841815,0.0,0.09566137095060734,0.8675134914978109,eligible
vol20d_kup2p5_kdn1p25_H40,vol_scaled,volatility_20d,40,232640,232640,1.0,26833,0.11534129986244841,0.0,0.09670775948977761,0.8686335403726708,eligible
vol60d_kup1p0_kdn0p75_H40,vol_scaled,volatility_60d,40,232640,232640,1.0,78862,0.3389872764786795,3.868638239339753e-05,0.21771653011883835,0.5932575070200887,ineligible
vol60d_kup1p0_kdn1p0_H40,vol_scaled,volatility_60d,40,232640,232640,1.0,82554,0.35485729023383766,3.43878954607978e-05,0.21586940712621114,0.5792389147444903,ineligible
vol60d_kup1p0_kdn1p25_H40,vol_scaled,volatility_60d,40,232640,232640,1.0,84147,0.3617047799174691,8.59697386519945e-06,0.20825808406164992,0.5800285390470158,ineligible
vol60d_kup1p5_kdn0p75_H40,vol_scaled,volatility_60d,40,232640,232640,1.0,50767,0.21822128610729025,0.0,0.16690268311370507,0.7648760307790047,ineligible
vol60d_kup1p5_kdn1p0_H40,vol_scaled,volatility_60d,40,232640,232640,1.0,52841,0.22713634800550206,0.0,0.16828287076285875,0.7545807812316392,ineligible
vol60d_kup1p5_kdn1p25_H40,vol_scaled,volatility_60d,40,232640,232640,1.0,53708,0.23086313617606602,0.0,0.16528936568426272,0.7538474981396713,ineligible
vol60d_kup2p0_kdn0p75_H40,vol_scaled,volatility_60d,40,232640,232640,1.0,33210,0.14275275103163687,1.2895460797799175e-05,0.11821349840970427,0.8745263571611348,ineligible
vol60d_kup2p0_kdn1p0_H40,vol_scaled,volatility_60d,40,232640,232640,1.0,34394,0.14784215955983493,0.0,0.12035005081327144,0.8774921087465635,ineligible
vol60d_kup2p0_kdn1p25_H40,vol_scaled,volatility_60d,40,232640,232640,1.0,34874,0.14990543328748282,0.0,0.1199695815412248,0.879935851746258,ineligible
vol60d_kup2p5_kdn0p75_H40,vol_scaled,volatility_60d,40,232640,232640,1.0,21603,0.09286021320495186,0.0,0.08257612808123736,0.8602840851237145,eligible
vol60d_kup2p5_kdn1p0_H40,vol_scaled,volatility_60d,40,232640,232640,1.0,22307,0.09588634800550207,0.0,0.08468585925690213,0.8612004887486,eligible
vol60d_kup2p5_kdn1p25_H40,vol_scaled,volatility_60d,40,232640,232640,1.0,22556,0.09695667125171939,0.0,0.08514524675319582,0.8618114244985235,eligible
fixed_U20_L10_H40,fixed_anchor,,40,232640,232640,1.0,56472,0.24274415405777167,0.0,0.19448022981380467,0.7127756161284237,ineligible
vol20d_kup1p0_kdn0p75_H60,vol_scaled,volatility_20d,60,232640,232640,1.0,78206,0.33616746905089406,0.0,0.2244680494398565,0.5893644815092494,ineligible
vol20d_kup1p0_kdn1p0_H60,vol_scaled,volatility_20d,60,232640,232640,1.0,83024,0.35687757909215956,4.298486932599725e-06,0.21778787335954577,0.5753302490613621,ineligible
vol20d_kup1p0_kdn1p25_H60,vol_scaled,volatility_20d,60,232640,232640,1.0,85226,0.36634284731774414,0.0,0.20597221296279047,0.5776849397194654,ineligible
vol20d_kup1p5_kdn0p75_H60,vol_scaled,volatility_20d,60,232640,232640,1.0,51444,0.22113136176066026,4.298486932599725e-06,0.17134009814188417,0.7575242416105229,ineligible
vol20d_kup1p5_kdn1p0_H60,vol_scaled,volatility_20d,60,232640,232640,1.0,54384,0.23376891334250344,8.59697386519945e-06,0.1716571121002674,0.7445653775833638,ineligible
vol20d_kup1p5_kdn1p25_H60,vol_scaled,volatility_20d,60,232640,232640,1.0,55819,0.23993724209078404,0.0,0.16499579010015172,0.7450669678090642,ineligible
vol20d_kup2p0_kdn0p75_H60,vol_scaled,volatility_20d,60,232640,232640,1.0,35103,0.15088978679504814,0.0,0.12390679117342102,0.8752034220315308,ineligible
vol20d_kup2p0_kdn1p0_H60,vol_scaled,volatility_20d,60,232640,232640,1.0,36881,0.15853249656121046,0.0,0.125440143440347,0.8660273599984425,ineligible
vol20d_kup2p0_kdn1p25_H60,vol_scaled,volatility_20d,60,232640,232640,1.0,37766,0.1623366574965612,0.0,0.12170943012663961,0.8659539123767992,ineligible
vol20d_kup2p5_kdn0p75_H60,vol_scaled,volatility_20d,60,232640,232640,1.0,24498,0.10530433287482806,0.0,0.09155827850154631,0.8637460543732818,eligible
vol20d_kup2p5_kdn1p0_H60,vol_scaled,volatility_20d,60,232640,232640,1.0,25637,0.11020030949105915,0.0,0.0931959311181847,0.8670043783728745,eligible
vol20d_kup2p5_kdn1p25_H60,vol_scaled,volatility_20d,60,232640,232640,1.0,26224,0.11272352132049518,0.0,0.09083165694823167,0.8718918643722635,eligible
vol60d_kup1p0_kdn0p75_H60,vol_scaled,volatility_60d,60,232640,232640,1.0,77715,0.3340569119669876,4.298486932599725e-06,0.22795773673025,0.5879810528158298,ineligible
vol60d_kup1p0_kdn1p0_H60,vol_scaled,volatility_60d,60,232640,232640,1.0,81409,0.349935522696011,8.59697386519945e-06,0.21776975546253174,0.582286124867592,ineligible
vol60d_kup1p0_kdn1p25_H60,vol_scaled,volatility_60d,60,232640,232640,1.0,82894,0.3563187757909216,0.0,0.20979601843423692,0.5838852057748415,ineligible
vol60d_kup1p5_kdn0p75_H60,vol_scaled,volatility_60d,60,232640,232640,1.0,49616,0.21327372764786795,8.59697386519945e-06,0.16684261065367184,0.769875064724595,ineligible
vol60d_kup1p5_kdn1p0_H60,vol_scaled,volatility_60d,60,232640,232640,1.0,51712,0.22228335625859696,0.0,0.16312441114099183,0.7645922326004112,ineligible
vol60d_kup1p5_kdn1p25_H60,vol_scaled,volatility_60d,60,232640,232640,1.0,52536,0.22582530949105914,0.0,0.16025153899925587,0.763923151509685,ineligible
vol60d_kup2p0_kdn0p75_H60,vol_scaled,volatility_60d,60,232640,232640,1.0,31473,0.13528627922971115,0.0,0.11431081848233308,0.8709754607473781,ineligible
vol60d_kup2p0_kdn1p0_H60,vol_scaled,volatility_60d,60,232640,232640,1.0,32646,0.14032840440165062,0.0,0.11293811828007441,0.8773902861215762,ineligible
vol60d_kup2p0_kdn1p25_H60,vol_scaled,volatility_60d,60,232640,232640,1.0,33159,0.14253352819807427,0.0,0.11147762757695626,0.881055900621118,ineligible
vol60d_kup2p5_kdn0p75_H60,vol_scaled,volatility_60d,60,232640,232640,1.0,20397,0.08767623796423658,0.0,0.078104911215433,0.8595713267488035,eligible
vol60d_kup2p5_kdn1p0_H60,vol_scaled,volatility_60d,60,232640,232640,1.0,21106,0.09072386519944979,0.0,0.07646869770123169,0.8642551674982182,eligible
vol60d_kup2p5_kdn1p25_H60,vol_scaled,volatility_60d,60,232640,232640,1.0,21427,0.09210367950481431,0.0,0.07621935000679986,0.8658843294980145,eligible
