fetched_at_utc,classification_year,effective_start_date,effective_end_date,snapshot_trade_date,source_api,board_ts_code,board_name,idx_type,level,con_code,con_name,trade_date
2026-07-07T06:52:29Z,2026,2026-01-01,2026-12-31,20260105,dc_member,BK0554.DC,物联网,概念板块,,002298.SZ,中电鑫龙,20260105
2026-07-07T06:52:29Z,2026,2026-01-01,2026-12-31,20260105,dc_member,BK0554.DC,物联网,概念板块,,603893.SH,瑞芯微,20260105
2026-07-07T06:52:29Z,2026,2026-01-01,2026-12-31,20260105,dc_member,BK0554.DC,物联网,概念板块,,300354.SZ,东华测试,20260105
2026-07-07T06:52:29Z,2026,2026-01-01,2026-12-31,20260105,dc_member,BK0554.DC,物联网,概念板块,,301638.SZ,南网数字,20260105
2026-07-07T06:52:29Z,2026,2026-01-01,2026-12-31,20260105,dc_member,BK0554.DC,物联网,概念板块,,688286.SH,敏芯股份,20260105
2026-07-07T06:52:29Z,2026,2026-01-01,2026-12-31,20260105,dc_member,BK0554.DC,物联网,概念板块,,600410.SH,华胜天成,20260105
2026-07-07T06:52:29Z,2026,2026-01-01,2026-12-31,20260105,dc_member,BK0554.DC,物联网,概念板块,,600584.SH,长电科技,20260105
2026-07-07T06:52:29Z,2026,2026-01-01,2026-12-31,20260105,dc_member,BK0554.DC,物联网,概念板块,,300454.SZ,深信服,20260105
2026-07-07T06:52:29Z,2026,2026-01-01,2026-12-31,20260105,dc_member,BK0554.DC,物联网,概念板块,,002093.SZ,国脉科技,20260105
2026-07-07T06:52:29Z,2026,2026-01-01,2026-12-31,20260105,dc_member,BK0554.DC,物联网,概念板块,,600797.SH,浙大网新,20260105
2026-07-07T06:52:29Z,2026,2026-01-01,2026-12-31,20260105,dc_member,BK0554.DC,物联网,概念板块,,000021.SZ,深科技,20260105
2026-07-07T06:52:29Z,2026,2026-01-01,2026-12-31,20260105,dc_member,BK0554.DC,物联网,概念板块,,300570.SZ,太辰光,20260105
2026-07-07T06:52:29Z,2026,2026-01-01,2026-12-31,20260105,dc_member,BK0554.DC,物联网,概念板块,,300563.SZ,神宇股份,20260105
2026-07-07T06:52:29Z,2026,2026-01-01,2026-12-31,20260105,dc_member,BK0554.DC,物联网,概念板块,,688653.SH,康希通信,20260105
2026-07-07T06:52:29Z,2026,2026-01-01,2026-12-31,20260105,dc_member,BK0554.DC,物联网,概念板块,,300310.SZ,宜通世纪,20260105
2026-07-07T06:52:29Z,2026,2026-01-01,2026-12-31,20260105,dc_member,BK0554.DC,物联网,概念板块,,603068.SH,博通集成,20260105
2026-07-07T06:52:29Z,2026,2026-01-01,2026-12-31,20260105,dc_member,BK0554.DC,物联网,概念板块,,002396.SZ,星网锐捷,20260105
2026-07-07T06:52:29Z,2026,2026-01-01,2026-12-31,20260105,dc_member,BK0554.DC,物联网,概念板块,,001339.SZ,智微智能,20260105
2026-07-07T06:52:29Z,2026,2026-01-01,2026-12-31,20260105,dc_member,BK0554.DC,物联网,概念板块,,300352.SZ,北信源,20260105
2026-07-07T06:52:29Z,2026,2026-01-01,2026-12-31,20260105,dc_member,BK0554.DC,物联网,概念板块,,002017.SZ,东信和平,20260105
2026-07-07T06:52:29Z,2026,2026-01-01,2026-12-31,20260105,dc_member,BK0554.DC,物联网,概念板块,,300571.SZ,平治信息,20260105
2026-07-07T06:52:29Z,2026,2026-01-01,2026-12-31,20260105,dc_member,BK0554.DC,物联网,概念板块,,688595.SH,芯海科技,20260105
2026-07-07T06:52:29Z,2026,2026-01-01,2026-12-31,20260105,dc_member,BK0554.DC,物联网,概念板块,,603322.SH,超讯通信,20260105
2026-07-07T06:52:29Z,2026,2026-01-01,2026-12-31,20260105,dc_member,BK0554.DC,物联网,概念板块,,688060.SH,云涌科技,20260105
2026-07-07T06:52:29Z,2026,2026-01-01,2026-12-31,20260105,dc_member,BK0554.DC,物联网,概念板块,,300496.SZ,中科创达,20260105
2026-07-07T06:52:29Z,2026,2026-01-01,2026-12-31,20260105,dc_member,BK0554.DC,物联网,概念板块,,603660.SH,苏州科达,20260105
2026-07-07T06:52:29Z,2026,2026-01-01,2026-12-31,20260105,dc_member,BK0554.DC,物联网,概念板块,,002008.SZ,大族激光,20260105
2026-07-07T06:52:29Z,2026,2026-01-01,2026-12-31,20260105,dc_member,BK0554.DC,物联网,概念板块,,600839.SH,四川长虹,20260105
2026-07-07T06:52:29Z,2026,2026-01-01,2026-12-31,20260105,dc_member,BK0554.DC,物联网,概念板块,,301159.SZ,三维天地,20260105
2026-07-07T06:52:29Z,2026,2026-01-01,2026-12-31,20260105,dc_member,BK0554.DC,物联网,概念板块,,300383.SZ,光环新网,20260105
2026-07-07T06:52:29Z,2026,2026-01-01,2026-12-31,20260105,dc_member,BK0554.DC,物联网,概念板块,,300458.SZ,全志科技,20260105
2026-07-07T06:52:29Z,2026,2026-01-01,2026-12-31,20260105,dc_member,BK0554.DC,物联网,概念板块,,300249.SZ,依米康,20260105
2026-07-07T06:52:29Z,2026,2026-01-01,2026-12-31,20260105,dc_member,BK0554.DC,物联网,概念板块,,301316.SZ,慧博云通,20260105
2026-07-07T06:52:29Z,2026,2026-01-01,2026-12-31,20260105,dc_member,BK0554.DC,物联网,概念板块,,002421.SZ,达实智能,20260105
2026-07-07T06:52:29Z,2026,2026-01-01,2026-12-31,20260105,dc_member,BK0554.DC,物联网,概念板块,,300327.SZ,中颖电子,20260105
2026-07-07T06:52:29Z,2026,2026-01-01,2026-12-31,20260105,dc_member,BK0554.DC,物联网,概念板块,,002369.SZ,卓翼科技,20260105
2026-07-07T06:52:29Z,2026,2026-01-01,2026-12-31,20260105,dc_member,BK0554.DC,物联网,概念板块,,300882.SZ,万胜智能,20260105
2026-07-07T06:52:29Z,2026,2026-01-01,2026-12-31,20260105,dc_member,BK0554.DC,物联网,概念板块,,300682.SZ,朗新集团,20260105
2026-07-07T06:52:29Z,2026,2026-01-01,2026-12-31,20260105,dc_member,BK0554.DC,物联网,概念板块,,300324.SZ,旋极信息,20260105
2026-07-07T06:52:29Z,2026,2026-01-01,2026-12-31,20260105,dc_member,BK0554.DC,物联网,概念板块,,300650.SZ,太龙股份,20260105
2026-07-07T06:52:29Z,2026,2026-01-01,2026-12-31,20260105,dc_member,BK0554.DC,物联网,概念板块,,688619.SH,罗普特,20260105
2026-07-07T06:52:29Z,2026,2026-01-01,2026-12-31,20260105,dc_member,BK0554.DC,物联网,概念板块,,688080.SH,映翰通,20260105
2026-07-07T06:52:29Z,2026,2026-01-01,2026-12-31,20260105,dc_member,BK0554.DC,物联网,概念板块,,000988.SZ,华工科技,20260105
2026-07-07T06:52:29Z,2026,2026-01-01,2026-12-31,20260105,dc_member,BK0554.DC,物联网,概念板块,,002849.SZ,威星智能,20260105
2026-07-07T06:52:29Z,2026,2026-01-01,2026-12-31,20260105,dc_member,BK0554.DC,物联网,概念板块,,300322.SZ,硕贝德,20260105
2026-07-07T06:52:29Z,2026,2026-01-01,2026-12-31,20260105,dc_member,BK0554.DC,物联网,概念板块,,301428.SZ,世纪恒通,20260105
2026-07-07T06:52:29Z,2026,2026-01-01,2026-12-31,20260105,dc_member,BK0554.DC,物联网,概念板块,,688296.SH,和达科技,20260105
2026-07-07T06:52:29Z,2026,2026-01-01,2026-12-31,20260105,dc_member,BK0554.DC,物联网,概念板块,,688391.SH,钜泉科技,20260105
2026-07-07T06:52:29Z,2026,2026-01-01,2026-12-31,20260105,dc_member,BK0554.DC,物联网,概念板块,,002339.SZ,积成电子,20260105
2026-07-07T06:52:29Z,2026,2026-01-01,2026-12-31,20260105,dc_member,BK0554.DC,物联网,概念板块,,603918.SH,金桥信息,20260105
2026-07-07T06:52:29Z,2026,2026-01-01,2026-12-31,20260105,dc_member,BK0554.DC,物联网,概念板块,,688561.SH,奇安信-U,20260105
2026-07-07T06:52:29Z,2026,2026-01-01,2026-12-31,20260105,dc_member,BK0554.DC,物联网,概念板块,,300565.SZ,科信技术,20260105
2026-07-07T06:52:29Z,2026,2026-01-01,2026-12-31,20260105,dc_member,BK0554.DC,物联网,概念板块,,688508.SH,芯朋微,20260105
2026-07-07T06:52:29Z,2026,2026-01-01,2026-12-31,20260105,dc_member,BK0554.DC,物联网,概念板块,,002957.SZ,科瑞技术,20260105
2026-07-07T06:52:29Z,2026,2026-01-01,2026-12-31,20260105,dc_member,BK0554.DC,物联网,概念板块,,603189.SH,网达软件,20260105
2026-07-07T06:52:29Z,2026,2026-01-01,2026-12-31,20260105,dc_member,BK0554.DC,物联网,概念板块,,002474.SZ,榕基软件,20260105
2026-07-07T06:52:29Z,2026,2026-01-01,2026-12-31,20260105,dc_member,BK0554.DC,物联网,概念板块,,603421.SH,鼎信通讯,20260105
2026-07-07T06:52:29Z,2026,2026-01-01,2026-12-31,20260105,dc_member,BK0554.DC,物联网,概念板块,,300077.SZ,国民技术,20260105
2026-07-07T06:52:29Z,2026,2026-01-01,2026-12-31,20260105,dc_member,BK0554.DC,物联网,概念板块,,688599.SH,天合光能,20260105
2026-07-07T06:52:29Z,2026,2026-01-01,2026-12-31,20260105,dc_member,BK0554.DC,物联网,概念板块,,688512.SH,慧智微-U,20260105
2026-07-07T06:52:29Z,2026,2026-01-01,2026-12-31,20260105,dc_member,BK0554.DC,物联网,概念板块,,300002.SZ,神州泰岳,20260105
2026-07-07T06:52:29Z,2026,2026-01-01,2026-12-31,20260105,dc_member,BK0554.DC,物联网,概念板块,,688023.SH,安恒信息,20260105
2026-07-07T06:52:29Z,2026,2026-01-01,2026-12-31,20260105,dc_member,BK0554.DC,物联网,概念板块,,300638.SZ,广和通,20260105
2026-07-07T06:52:29Z,2026,2026-01-01,2026-12-31,20260105,dc_member,BK0554.DC,物联网,概念板块,,301195.SZ,北路智控,20260105
2026-07-07T06:52:29Z,2026,2026-01-01,2026-12-31,20260105,dc_member,BK0554.DC,物联网,概念板块,,688045.SH,必易微,20260105
2026-07-07T06:52:29Z,2026,2026-01-01,2026-12-31,20260105,dc_member,BK0554.DC,物联网,概念板块,,002161.SZ,远 望 谷,20260105
2026-07-07T06:52:29Z,2026,2026-01-01,2026-12-31,20260105,dc_member,BK0554.DC,物联网,概念板块,,300259.SZ,新天科技,20260105
2026-07-07T06:52:29Z,2026,2026-01-01,2026-12-31,20260105,dc_member,BK0554.DC,物联网,概念板块,,002446.SZ,盛路通信,20260105
2026-07-07T06:52:29Z,2026,2026-01-01,2026-12-31,20260105,dc_member,BK0554.DC,物联网,概念板块,,601799.SH,星宇股份,20260105
2026-07-07T06:52:29Z,2026,2026-01-01,2026-12-31,20260105,dc_member,BK0554.DC,物联网,概念板块,,300287.SZ,飞利信,20260105
2026-07-07T06:52:29Z,2026,2026-01-01,2026-12-31,20260105,dc_member,BK0554.DC,物联网,概念板块,,300698.SZ,万马科技,20260105
2026-07-07T06:52:29Z,2026,2026-01-01,2026-12-31,20260105,dc_member,BK0554.DC,物联网,概念板块,,000938.SZ,紫光股份,20260105
2026-07-07T06:52:29Z,2026,2026-01-01,2026-12-31,20260105,dc_member,BK0554.DC,物联网,概念板块,,002138.SZ,顺络电子,20260105
2026-07-07T06:52:29Z,2026,2026-01-01,2026-12-31,20260105,dc_member,BK0554.DC,物联网,概念板块,,601138.SH,工业富联,20260105
2026-07-07T06:52:29Z,2026,2026-01-01,2026-12-31,20260105,dc_member,BK0554.DC,物联网,概念板块,,301006.SZ,迈拓股份,20260105
2026-07-07T06:52:29Z,2026,2026-01-01,2026-12-31,20260105,dc_member,BK0554.DC,物联网,概念板块,,600171.SH,上海贝岭,20260105
2026-07-07T06:52:29Z,2026,2026-01-01,2026-12-31,20260105,dc_member,BK0554.DC,物联网,概念板块,,300020.SZ,ST银江,20260105
2026-07-07T06:52:29Z,2026,2026-01-01,2026-12-31,20260105,dc_member,BK0554.DC,物联网,概念板块,,300066.SZ,三川智慧,20260105
2026-07-07T06:52:29Z,2026,2026-01-01,2026-12-31,20260105,dc_member,BK0554.DC,物联网,概念板块,,300183.SZ,东软载波,20260105
2026-07-07T06:52:29Z,2026,2026-01-01,2026-12-31,20260105,dc_member,BK0554.DC,物联网,概念板块,,002313.SZ,日海智能,20260105
2026-07-07T06:52:29Z,2026,2026-01-01,2026-12-31,20260105,dc_member,BK0554.DC,物联网,概念板块,,920249.BJ,利尔达,20260105
2026-07-07T06:52:29Z,2026,2026-01-01,2026-12-31,20260105,dc_member,BK0554.DC,物联网,概念板块,,688390.SH,固德威,20260105
2026-07-07T06:52:29Z,2026,2026-01-01,2026-12-31,20260105,dc_member,BK0554.DC,物联网,概念板块,,002108.SZ,沧州明珠,20260105
2026-07-07T06:52:29Z,2026,2026-01-01,2026-12-31,20260105,dc_member,BK0554.DC,物联网,概念板块,,000156.SZ,华数传媒,20260105
2026-07-07T06:52:29Z,2026,2026-01-01,2026-12-31,20260105,dc_member,BK0554.DC,物联网,概念板块,,002980.SZ,华盛昌,20260105
2026-07-07T06:52:29Z,2026,2026-01-01,2026-12-31,20260105,dc_member,BK0554.DC,物联网,概念板块,,002331.SZ,皖通科技,20260105
2026-07-07T06:52:29Z,2026,2026-01-01,2026-12-31,20260105,dc_member,BK0554.DC,物联网,概念板块,,002185.SZ,华天科技,20260105
2026-07-07T06:52:29Z,2026,2026-01-01,2026-12-31,20260105,dc_member,BK0554.DC,物联网,概念板块,,300514.SZ,友讯达,20260105
2026-07-07T06:52:29Z,2026,2026-01-01,2026-12-31,20260105,dc_member,BK0554.DC,物联网,概念板块,,000555.SZ,神州信息,20260105
2026-07-07T06:52:29Z,2026,2026-01-01,2026-12-31,20260105,dc_member,BK0554.DC,物联网,概念板块,,002402.SZ,和而泰,20260105
2026-07-07T06:52:29Z,2026,2026-01-01,2026-12-31,20260105,dc_member,BK0554.DC,物联网,概念板块,,300349.SZ,金卡智能,20260105
2026-07-07T06:52:29Z,2026,2026-01-01,2026-12-31,20260105,dc_member,BK0554.DC,物联网,概念板块,,300603.SZ,立昂技术,20260105
2026-07-07T06:52:29Z,2026,2026-01-01,2026-12-31,20260105,dc_member,BK0554.DC,物联网,概念板块,,300608.SZ,思特奇,20260105
2026-07-07T06:52:29Z,2026,2026-01-01,2026-12-31,20260105,dc_member,BK0554.DC,物联网,概念板块,,002121.SZ,科陆电子,20260105
2026-07-07T06:52:29Z,2026,2026-01-01,2026-12-31,20260105,dc_member,BK0554.DC,物联网,概念板块,,301556.SZ,托普云农,20260105
2026-07-07T06:52:29Z,2026,2026-01-01,2026-12-31,20260105,dc_member,BK0554.DC,物联网,概念板块,,300252.SZ,金信诺,20260105
2026-07-07T06:52:29Z,2026,2026-01-01,2026-12-31,20260105,dc_member,BK0554.DC,物联网,概念板块,,300319.SZ,麦捷科技,20260105
2026-07-07T06:52:29Z,2026,2026-01-01,2026-12-31,20260105,dc_member,BK0554.DC,物联网,概念板块,,300557.SZ,理工光科,20260105
2026-07-07T06:52:29Z,2026,2026-01-01,2026-12-31,20260105,dc_member,BK0554.DC,物联网,概念板块,,000682.SZ,东方电子,20260105
2026-07-07T06:52:29Z,2026,2026-01-01,2026-12-31,20260105,dc_member,BK0554.DC,物联网,概念板块,,300335.SZ,迪森股份,20260105
2026-07-07T06:52:29Z,2026,2026-01-01,2026-12-31,20260105,dc_member,BK0554.DC,物联网,概念板块,,300480.SZ,光力科技,20260105
2026-07-07T06:52:29Z,2026,2026-01-01,2026-12-31,20260105,dc_member,BK0554.DC,物联网,概念板块,,600967.SH,内蒙一机,20260105
2026-07-07T06:52:29Z,2026,2026-01-01,2026-12-31,20260105,dc_member,BK0554.DC,物联网,概念板块,,300184.SZ,力源信息,20260105
2026-07-07T06:52:29Z,2026,2026-01-01,2026-12-31,20260105,dc_member,BK0554.DC,物联网,概念板块,,002432.SZ,九安医疗,20260105
2026-07-07T06:52:29Z,2026,2026-01-01,2026-12-31,20260105,dc_member,BK0554.DC,物联网,概念板块,,002439.SZ,启明星辰,20260105
2026-07-07T06:52:29Z,2026,2026-01-01,2026-12-31,20260105,dc_member,BK0554.DC,物联网,概念板块,,601360.SH,三六零,20260105
2026-07-07T06:52:29Z,2026,2026-01-01,2026-12-31,20260105,dc_member,BK0554.DC,物联网,概念板块,,603220.SH,中贝通信,20260105
2026-07-07T06:52:29Z,2026,2026-01-01,2026-12-31,20260105,dc_member,BK0554.DC,物联网,概念板块,,688139.SH,海尔生物,20260105
2026-07-07T06:52:29Z,2026,2026-01-01,2026-12-31,20260105,dc_member,BK0554.DC,物联网,概念板块,,003029.SZ,吉大正元,20260105
2026-07-07T06:52:29Z,2026,2026-01-01,2026-12-31,20260105,dc_member,BK0554.DC,物联网,概念板块,,000733.SZ,振华科技,20260105
2026-07-07T06:52:29Z,2026,2026-01-01,2026-12-31,20260105,dc_member,BK0554.DC,物联网,概念板块,,603869.SH,ST智知,20260105
2026-07-07T06:52:29Z,2026,2026-01-01,2026-12-31,20260105,dc_member,BK0554.DC,物联网,概念板块,,603803.SH,瑞斯康达,20260105
2026-07-07T06:52:29Z,2026,2026-01-01,2026-12-31,20260105,dc_member,BK0554.DC,物联网,概念板块,,301390.SZ,经纬股份,20260105
2026-07-07T06:52:29Z,2026,2026-01-01,2026-12-31,20260105,dc_member,BK0554.DC,物联网,概念板块,,300880.SZ,迦南智能,20260105
2026-07-07T06:52:29Z,2026,2026-01-01,2026-12-31,20260105,dc_member,BK0554.DC,物联网,概念板块,,300166.SZ,东方国信,20260105
2026-07-07T06:52:29Z,2026,2026-01-01,2026-12-31,20260105,dc_member,BK0554.DC,物联网,概念板块,,002583.SZ,海能达,20260105
2026-07-07T06:52:29Z,2026,2026-01-01,2026-12-31,20260105,dc_member,BK0554.DC,物联网,概念板块,,600131.SH,国网信通,20260105
2026-07-07T06:52:29Z,2026,2026-01-01,2026-12-31,20260105,dc_member,BK0554.DC,物联网,概念板块,,001314.SZ,亿道信息,20260105
2026-07-07T06:52:29Z,2026,2026-01-01,2026-12-31,20260105,dc_member,BK0554.DC,物联网,概念板块,,300213.SZ,佳讯飞鸿,20260105
2026-07-07T06:52:29Z,2026,2026-01-01,2026-12-31,20260105,dc_member,BK0554.DC,物联网,概念板块,,300598.SZ,诚迈科技,20260105
2026-07-07T06:52:29Z,2026,2026-01-01,2026-12-31,20260105,dc_member,BK0554.DC,物联网,概念板块,,300339.SZ,润和软件,20260105
2026-07-07T06:52:29Z,2026,2026-01-01,2026-12-31,20260105,dc_member,BK0554.DC,物联网,概念板块,,300735.SZ,光弘科技,20260105
2026-07-07T06:52:29Z,2026,2026-01-01,2026-12-31,20260105,dc_member,BK0554.DC,物联网,概念板块,,605218.SH,伟时电子,20260105
2026-07-07T06:52:29Z,2026,2026-01-01,2026-12-31,20260105,dc_member,BK0554.DC,物联网,概念板块,,301600.SZ,慧翰股份,20260105
2026-07-07T06:52:29Z,2026,2026-01-01,2026-12-31,20260105,dc_member,BK0554.DC,物联网,概念板块,,300730.SZ,科创信息,20260105
2026-07-07T06:52:29Z,2026,2026-01-01,2026-12-31,20260105,dc_member,BK0554.DC,物联网,概念板块,,920856.BJ,浩淼科技,20260105
2026-07-07T06:52:29Z,2026,2026-01-01,2026-12-31,20260105,dc_member,BK0554.DC,物联网,概念板块,,920953.BJ,国子软件,20260105
2026-07-07T06:52:29Z,2026,2026-01-01,2026-12-31,20260105,dc_member,BK0554.DC,物联网,概念板块,,688695.SH,中创股份,20260105
2026-07-07T06:52:29Z,2026,2026-01-01,2026-12-31,20260105,dc_member,BK0554.DC,物联网,概念板块,,000039.SZ,中集集团,20260105
2026-07-07T06:52:29Z,2026,2026-01-01,2026-12-31,20260105,dc_member,BK0554.DC,物联网,概念板块,,688589.SH,力合微,20260105
2026-07-07T06:52:29Z,2026,2026-01-01,2026-12-31,20260105,dc_member,BK0554.DC,物联网,概念板块,,688768.SH,容知日新,20260105
2026-07-07T06:52:29Z,2026,2026-01-01,2026-12-31,20260105,dc_member,BK0554.DC,物联网,概念板块,,300515.SZ,三德科技,20260105
2026-07-07T06:52:29Z,2026,2026-01-01,2026-12-31,20260105,dc_member,BK0554.DC,物联网,概念板块,,002881.SZ,美格智能,20260105
2026-07-07T06:52:29Z,2026,2026-01-01,2026-12-31,20260105,dc_member,BK0554.DC,物联网,概念板块,,002052.SZ,同洲电子,20260105
2026-07-07T06:52:29Z,2026,2026-01-01,2026-12-31,20260105,dc_member,BK0554.DC,物联网,概念板块,,002178.SZ,延华智能,20260105
2026-07-07T06:52:29Z,2026,2026-01-01,2026-12-31,20260105,dc_member,BK0554.DC,物联网,概念板块,,301129.SZ,瑞纳智能,20260105
2026-07-07T06:52:29Z,2026,2026-01-01,2026-12-31,20260105,dc_member,BK0554.DC,物联网,概念板块,,002771.SZ,真视通,20260105
2026-07-07T06:52:29Z,2026,2026-01-01,2026-12-31,20260105,dc_member,BK0554.DC,物联网,概念板块,,000034.SZ,神州数码,20260105
2026-07-07T06:52:29Z,2026,2026-01-01,2026-12-31,20260105,dc_member,BK0554.DC,物联网,概念板块,,300510.SZ,金冠股份,20260105
2026-07-07T06:52:29Z,2026,2026-01-01,2026-12-31,20260105,dc_member,BK0554.DC,物联网,概念板块,,603700.SH,宁水集团,20260105
2026-07-07T06:52:29Z,2026,2026-01-01,2026-12-31,20260105,dc_member,BK0554.DC,物联网,概念板块,,920375.BJ,派诺科技,20260105
2026-07-07T06:52:29Z,2026,2026-01-01,2026-12-31,20260105,dc_member,BK0554.DC,物联网,概念板块,,002410.SZ,广联达,20260105
2026-07-07T06:52:29Z,2026,2026-01-01,2026-12-31,20260105,dc_member,BK0554.DC,物联网,概念板块,,300590.SZ,移为通信,20260105
2026-07-07T06:52:29Z,2026,2026-01-01,2026-12-31,20260105,dc_member,BK0554.DC,物联网,概念板块,,002467.SZ,二六三,20260105
2026-07-07T06:52:29Z,2026,2026-01-01,2026-12-31,20260105,dc_member,BK0554.DC,物联网,概念板块,,002869.SZ,金溢科技,20260105
2026-07-07T06:52:29Z,2026,2026-01-01,2026-12-31,20260105,dc_member,BK0554.DC,物联网,概念板块,,603636.SH,南威软件,20260105
2026-07-07T06:52:29Z,2026,2026-01-01,2026-12-31,20260105,dc_member,BK0554.DC,物联网,概念板块,,002236.SZ,大华股份,20260105
2026-07-07T06:52:29Z,2026,2026-01-01,2026-12-31,20260105,dc_member,BK0554.DC,物联网,概念板块,,002079.SZ,苏州固锝,20260105
2026-07-07T06:52:29Z,2026,2026-01-01,2026-12-31,20260105,dc_member,BK0554.DC,物联网,概念板块,,301396.SZ,宏景科技,20260105
2026-07-07T06:52:29Z,2026,2026-01-01,2026-12-31,20260105,dc_member,BK0554.DC,物联网,概念板块,,300701.SZ,森霸传感,20260105
2026-07-07T06:52:29Z,2026,2026-01-01,2026-12-31,20260105,dc_member,BK0554.DC,物联网,概念板块,,300370.SZ,安控科技,20260105
2026-07-07T06:52:29Z,2026,2026-01-01,2026-12-31,20260105,dc_member,BK0554.DC,物联网,概念板块,,605111.SH,新洁能,20260105
2026-07-07T06:52:29Z,2026,2026-01-01,2026-12-31,20260105,dc_member,BK0554.DC,物联网,概念板块,,300275.SZ,梅安森,20260105
2026-07-07T06:52:29Z,2026,2026-01-01,2026-12-31,20260105,dc_member,BK0554.DC,物联网,概念板块,,301503.SZ,智迪科技,20260105
2026-07-07T06:52:29Z,2026,2026-01-01,2026-12-31,20260105,dc_member,BK0554.DC,物联网,概念板块,,688475.SH,萤石网络,20260105
2026-07-07T06:52:29Z,2026,2026-01-01,2026-12-31,20260105,dc_member,BK0554.DC,物联网,概念板块,,300486.SZ,东杰智能,20260105
2026-07-07T06:52:29Z,2026,2026-01-01,2026-12-31,20260105,dc_member,BK0554.DC,物联网,概念板块,,300365.SZ,恒华科技,20260105
2026-07-07T06:52:29Z,2026,2026-01-01,2026-12-31,20260105,dc_member,BK0554.DC,物联网,概念板块,,301382.SZ,蜂助手,20260105
2026-07-07T06:52:29Z,2026,2026-01-01,2026-12-31,20260105,dc_member,BK0554.DC,物联网,概念板块,,603956.SH,威派格,20260105
2026-07-07T06:52:29Z,2026,2026-01-01,2026-12-31,20260105,dc_member,BK0554.DC,物联网,概念板块,,688628.SH,优利德,20260105
2026-07-07T06:52:29Z,2026,2026-01-01,2026-12-31,20260105,dc_member,BK0554.DC,物联网,概念板块,,300323.SZ,华灿光电,20260105
2026-07-07T06:52:29Z,2026,2026-01-01,2026-12-31,20260105,dc_member,BK0554.DC,物联网,概念板块,,000801.SZ,四川九洲,20260105
2026-07-07T06:52:29Z,2026,2026-01-01,2026-12-31,20260105,dc_member,BK0554.DC,物联网,概念板块,,603015.SH,弘讯科技,20260105
2026-07-07T06:52:29Z,2026,2026-01-01,2026-12-31,20260105,dc_member,BK0554.DC,物联网,概念板块,,603030.SH,全筑股份,20260105
2026-07-07T06:52:29Z,2026,2026-01-01,2026-12-31,20260105,dc_member,BK0554.DC,物联网,概念板块,,002148.SZ,北纬科技,20260105
2026-07-07T06:52:29Z,2026,2026-01-01,2026-12-31,20260105,dc_member,BK0554.DC,物联网,概念板块,,688450.SH,光格科技,20260105
2026-07-07T06:52:29Z,2026,2026-01-01,2026-12-31,20260105,dc_member,BK0554.DC,物联网,概念板块,,300292.SZ,吴通控股,20260105
2026-07-07T06:52:29Z,2026,2026-01-01,2026-12-31,20260105,dc_member,BK0554.DC,物联网,概念板块,,920932.BJ,科达自控,20260105
2026-07-07T06:52:29Z,2026,2026-01-01,2026-12-31,20260105,dc_member,BK0554.DC,物联网,概念板块,,300448.SZ,浩云科技,20260105
2026-07-07T06:52:29Z,2026,2026-01-01,2026-12-31,20260105,dc_member,BK0554.DC,物联网,概念板块,,300419.SZ,ST浩丰,20260105
2026-07-07T06:52:29Z,2026,2026-01-01,2026-12-31,20260105,dc_member,BK0554.DC,物联网,概念板块,,601567.SH,三星医疗,20260105
2026-07-07T06:52:29Z,2026,2026-01-01,2026-12-31,20260105,dc_member,BK0554.DC,物联网,概念板块,,000409.SZ,云鼎科技,20260105
2026-07-07T06:52:29Z,2026,2026-01-01,2026-12-31,20260105,dc_member,BK0554.DC,物联网,概念板块,,300205.SZ,*ST天喻,20260105
2026-07-07T06:52:29Z,2026,2026-01-01,2026-12-31,20260105,dc_member,BK0554.DC,物联网,概念板块,,920374.BJ,云里物里,20260105
2026-07-07T06:52:29Z,2026,2026-01-01,2026-12-31,20260105,dc_member,BK0554.DC,物联网,概念板块,,002544.SZ,普天科技,20260105
2026-07-07T06:52:29Z,2026,2026-01-01,2026-12-31,20260105,dc_member,BK0554.DC,物联网,概念板块,,002212.SZ,天融信,20260105
2026-07-07T06:52:29Z,2026,2026-01-01,2026-12-31,20260105,dc_member,BK0554.DC,物联网,概念板块,,002642.SZ,荣联科技,20260105
2026-07-07T06:52:29Z,2026,2026-01-01,2026-12-31,20260105,dc_member,BK0554.DC,物联网,概念板块,,600718.SH,东软集团,20260105
2026-07-07T06:52:29Z,2026,2026-01-01,2026-12-31,20260105,dc_member,BK0554.DC,物联网,概念板块,,603160.SH,汇顶科技,20260105
2026-07-07T06:52:29Z,2026,2026-01-01,2026-12-31,20260105,dc_member,BK0554.DC,物联网,概念板块,,301303.SZ,真兰仪表,20260105
2026-07-07T06:52:29Z,2026,2026-01-01,2026-12-31,20260105,dc_member,BK0554.DC,物联网,概念板块,,000727.SZ,冠捷科技,20260105
2026-07-07T06:52:29Z,2026,2026-01-01,2026-12-31,20260105,dc_member,BK0554.DC,物联网,概念板块,,300366.SZ,ST创意,20260105
2026-07-07T06:52:29Z,2026,2026-01-01,2026-12-31,20260105,dc_member,BK0554.DC,物联网,概念板块,,600100.SH,同方股份,20260105
2026-07-07T06:52:29Z,2026,2026-01-01,2026-12-31,20260105,dc_member,BK0554.DC,物联网,概念板块,,300350.SZ,华鹏飞,20260105
2026-07-07T06:52:29Z,2026,2026-01-01,2026-12-31,20260105,dc_member,BK0554.DC,物联网,概念板块,,601222.SH,林洋能源,20260105
2026-07-07T06:52:29Z,2026,2026-01-01,2026-12-31,20260105,dc_member,BK0554.DC,物联网,概念板块,,600037.SH,歌华有线,20260105
2026-07-07T06:52:29Z,2026,2026-01-01,2026-12-31,20260105,dc_member,BK0554.DC,物联网,概念板块,,300270.SZ,中威电子,20260105
2026-07-07T06:52:29Z,2026,2026-01-01,2026-12-31,20260105,dc_member,BK0554.DC,物联网,概念板块,,300382.SZ,斯莱克,20260105
2026-07-07T06:52:29Z,2026,2026-01-01,2026-12-31,20260105,dc_member,BK0554.DC,物联网,概念板块,,002139.SZ,拓邦股份,20260105
2026-07-07T06:52:29Z,2026,2026-01-01,2026-12-31,20260105,dc_member,BK0554.DC,物联网,概念板块,,000063.SZ,中兴通讯,20260105
2026-07-07T06:52:29Z,2026,2026-01-01,2026-12-31,20260105,dc_member,BK0554.DC,物联网,概念板块,,002180.SZ,纳思达,20260105
2026-07-07T06:52:29Z,2026,2026-01-01,2026-12-31,20260105,dc_member,BK0554.DC,物联网,概念板块,,300371.SZ,汇中股份,20260105
2026-07-07T06:52:29Z,2026,2026-01-01,2026-12-31,20260105,dc_member,BK0554.DC,物联网,概念板块,,688528.SH,秦川物联,20260105
2026-07-07T06:52:29Z,2026,2026-01-01,2026-12-31,20260105,dc_member,BK0554.DC,物联网,概念板块,,002373.SZ,千方科技,20260105
2026-07-07T06:52:29Z,2026,2026-01-01,2026-12-31,20260105,dc_member,BK0554.DC,物联网,概念板块,,002658.SZ,雪迪龙,20260105
2026-07-07T06:52:29Z,2026,2026-01-01,2026-12-31,20260105,dc_member,BK0554.DC,物联网,概念板块,,920556.BJ,雅达股份,20260105
2026-07-07T06:52:29Z,2026,2026-01-01,2026-12-31,20260105,dc_member,BK0554.DC,物联网,概念板块,,600522.SH,中天科技,20260105
2026-07-07T06:52:29Z,2026,2026-01-01,2026-12-31,20260105,dc_member,BK0554.DC,物联网,概念板块,,300098.SZ,高新兴,20260105
2026-07-07T06:52:29Z,2026,2026-01-01,2026-12-31,20260105,dc_member,BK0554.DC,物联网,概念板块,,600050.SH,中国联通,20260105
2026-07-07T06:52:29Z,2026,2026-01-01,2026-12-31,20260105,dc_member,BK0554.DC,物联网,概念板块,,300075.SZ,数字政通,20260105
2026-07-07T06:52:29Z,2026,2026-01-01,2026-12-31,20260105,dc_member,BK0554.DC,物联网,概念板块,,603280.SH,南方路机,20260105
2026-07-07T06:52:29Z,2026,2026-01-01,2026-12-31,20260105,dc_member,BK0554.DC,物联网,概念板块,,002191.SZ,劲嘉股份,20260105
2026-07-07T06:52:29Z,2026,2026-01-01,2026-12-31,20260105,dc_member,BK0554.DC,物联网,概念板块,,002590.SZ,万安科技,20260105
2026-07-07T06:52:29Z,2026,2026-01-01,2026-12-31,20260105,dc_member,BK0554.DC,物联网,概念板块,,300300.SZ,海峡创新,20260105
2026-07-07T06:52:29Z,2026,2026-01-01,2026-12-31,20260105,dc_member,BK0554.DC,物联网,概念板块,,688509.SH,正元地信,20260105
2026-07-07T06:52:29Z,2026,2026-01-01,2026-12-31,20260105,dc_member,BK0554.DC,物联网,概念板块,,300645.SZ,正元智慧,20260105
2026-07-07T06:52:29Z,2026,2026-01-01,2026-12-31,20260105,dc_member,BK0554.DC,物联网,概念板块,,300203.SZ,聚光科技,20260105
2026-07-07T06:52:29Z,2026,2026-01-01,2026-12-31,20260105,dc_member,BK0554.DC,物联网,概念板块,,600690.SH,海尔智家,20260105
2026-07-07T06:52:29Z,2026,2026-01-01,2026-12-31,20260105,dc_member,BK0554.DC,物联网,概念板块,,002953.SZ,日丰股份,20260105
2026-07-07T06:52:29Z,2026,2026-01-01,2026-12-31,20260105,dc_member,BK0554.DC,物联网,概念板块,,002730.SZ,电光科技,20260105
2026-07-07T06:52:29Z,2026,2026-01-01,2026-12-31,20260105,dc_member,BK0554.DC,物联网,概念板块,,300360.SZ,炬华科技,20260105
2026-07-07T06:52:29Z,2026,2026-01-01,2026-12-31,20260105,dc_member,BK0554.DC,物联网,概念板块,,002609.SZ,捷顺科技,20260105
2026-07-07T06:52:29Z,2026,2026-01-01,2026-12-31,20260105,dc_member,BK0554.DC,物联网,概念板块,,301275.SZ,汉朔科技,20260105
2026-07-07T06:52:29Z,2026,2026-01-01,2026-12-31,20260105,dc_member,BK0554.DC,物联网,概念板块,,002194.SZ,武汉凡谷,20260105
2026-07-07T06:52:29Z,2026,2026-01-01,2026-12-31,20260105,dc_member,BK0554.DC,物联网,概念板块,,300897.SZ,山科智能,20260105
2026-07-07T06:52:29Z,2026,2026-01-01,2026-12-31,20260105,dc_member,BK0554.DC,物联网,概念板块,,300112.SZ,万讯自控,20260105
2026-07-07T06:52:29Z,2026,2026-01-01,2026-12-31,20260105,dc_member,BK0554.DC,物联网,概念板块,,002512.SZ,达华智能,20260105
2026-07-07T06:52:29Z,2026,2026-01-01,2026-12-31,20260105,dc_member,BK0554.DC,物联网,概念板块,,002955.SZ,鸿合科技,20260105
2026-07-07T06:52:29Z,2026,2026-01-01,2026-12-31,20260105,dc_member,BK0554.DC,物联网,概念板块,,300607.SZ,拓斯达,20260105
2026-07-07T06:52:29Z,2026,2026-01-01,2026-12-31,20260105,dc_member,BK0554.DC,物联网,概念板块,,600035.SH,楚天高速,20260105
2026-07-07T06:52:29Z,2026,2026-01-01,2026-12-31,20260105,dc_member,BK0554.DC,物联网,概念板块,,003005.SZ,竞业达,20260105
2026-07-07T06:52:29Z,2026,2026-01-01,2026-12-31,20260105,dc_member,BK0554.DC,物联网,概念板块,,300248.SZ,新开普,20260105
2026-07-07T06:52:29Z,2026,2026-01-01,2026-12-31,20260105,dc_member,BK0554.DC,物联网,概念板块,,002937.SZ,兴瑞科技,20260105
2026-07-07T06:52:29Z,2026,2026-01-01,2026-12-31,20260105,dc_member,BK0554.DC,物联网,概念板块,,603613.SH,国联股份,20260105
2026-07-07T06:52:29Z,2026,2026-01-01,2026-12-31,20260105,dc_member,BK0554.DC,物联网,概念板块,,000333.SZ,美的集团,20260105
2026-07-07T06:52:29Z,2026,2026-01-01,2026-12-31,20260105,dc_member,BK0554.DC,物联网,概念板块,,688191.SH,智洋创新,20260105
2026-07-07T06:52:29Z,2026,2026-01-01,2026-12-31,20260105,dc_member,BK0554.DC,物联网,概念板块,,001388.SZ,信通电子,20260105
2026-07-07T06:52:29Z,2026,2026-01-01,2026-12-31,20260105,dc_member,BK0554.DC,物联网,概念板块,,600894.SH,广日股份,20260105
2026-07-07T06:52:29Z,2026,2026-01-01,2026-12-31,20260105,dc_member,BK0554.DC,物联网,概念板块,,600602.SH,云赛智联,20260105
2026-07-07T06:52:29Z,2026,2026-01-01,2026-12-31,20260105,dc_member,BK0554.DC,物联网,概念板块,,600157.SH,永泰能源,20260105
2026-07-07T06:52:29Z,2026,2026-01-01,2026-12-31,20260105,dc_member,BK0554.DC,物联网,概念板块,,002316.SZ,亚联发展,20260105
2026-07-07T06:52:29Z,2026,2026-01-01,2026-12-31,20260105,dc_member,BK0554.DC,物联网,概念板块,,002724.SZ,海洋王,20260105
2026-07-07T06:52:29Z,2026,2026-01-01,2026-12-31,20260105,dc_member,BK0554.DC,物联网,概念板块,,002047.SZ,*ST宝鹰,20260105
2026-07-07T06:52:29Z,2026,2026-01-01,2026-12-31,20260105,dc_member,BK0554.DC,物联网,概念板块,,002415.SZ,海康威视,20260105
2026-07-07T06:52:29Z,2026,2026-01-01,2026-12-31,20260105,dc_member,BK0554.DC,物联网,概念板块,,000049.SZ,德赛电池,20260105
2026-07-07T06:52:29Z,2026,2026-01-01,2026-12-31,20260105,dc_member,BK0554.DC,物联网,概念板块,,002579.SZ,中京电子,20260105
2026-07-07T06:52:29Z,2026,2026-01-01,2026-12-31,20260105,dc_member,BK0554.DC,物联网,概念板块,,000725.SZ,京东方Ａ,20260105
2026-07-07T06:52:29Z,2026,2026-01-01,2026-12-31,20260105,dc_member,BK0554.DC,物联网,概念板块,,000521.SZ,长虹美菱,20260105
2026-07-07T06:52:29Z,2026,2026-01-01,2026-12-31,20260105,dc_member,BK0554.DC,物联网,概念板块,,600734.SH,实达集团,20260105
2026-07-07T06:52:29Z,2026,2026-01-01,2026-12-31,20260105,dc_member,BK0554.DC,物联网,概念板块,,300021.SZ,大禹节水,20260105
2026-07-07T06:52:29Z,2026,2026-01-01,2026-12-31,20260105,dc_member,BK0554.DC,物联网,概念板块,,300131.SZ,英唐智控,20260105
2026-07-07T06:52:29Z,2026,2026-01-01,2026-12-31,20260105,dc_member,BK0554.DC,物联网,概念板块,,300504.SZ,天邑股份,20260105
2026-07-07T06:52:29Z,2026,2026-01-01,2026-12-31,20260105,dc_member,BK0554.DC,物联网,概念板块,,603776.SH,永安行,20260105
2026-07-07T06:52:29Z,2026,2026-01-01,2026-12-31,20260105,dc_member,BK0554.DC,物联网,概念板块,,000909.SZ,ST数源,20260105
2026-07-07T06:52:29Z,2026,2026-01-01,2026-12-31,20260105,dc_member,BK0554.DC,物联网,概念板块,,920879.BJ,基康技术,20260105
2026-07-07T06:52:29Z,2026,2026-01-01,2026-12-31,20260105,dc_member,BK0554.DC,物联网,概念板块,,002441.SZ,众业达,20260105
2026-07-07T06:52:29Z,2026,2026-01-01,2026-12-31,20260105,dc_member,BK0554.DC,物联网,概念板块,,300471.SZ,厚普股份,20260105
2026-07-07T06:52:29Z,2026,2026-01-01,2026-12-31,20260105,dc_member,BK0554.DC,物联网,概念板块,,600203.SH,福日电子,20260105
2026-07-07T06:52:29Z,2026,2026-01-01,2026-12-31,20260105,dc_member,BK0554.DC,物联网,概念板块,,601127.SH,赛力斯,20260105
2026-07-07T06:52:29Z,2026,2026-01-01,2026-12-31,20260105,dc_member,BK0554.DC,物联网,概念板块,,600487.SH,亨通光电,20260105
2026-07-07T06:52:29Z,2026,2026-01-01,2026-12-31,20260105,dc_member,BK0554.DC,物联网,概念板块,,001326.SZ,联域股份,20260105
2026-07-07T06:52:29Z,2026,2026-01-01,2026-12-31,20260105,dc_member,BK0554.DC,物联网,概念板块,,002137.SZ,实益达,20260105
2026-07-07T06:52:29Z,2026,2026-01-01,2026-12-31,20260105,dc_member,BK0554.DC,物联网,概念板块,,603187.SH,海容冷链,20260105
2026-07-07T06:52:29Z,2026,2026-01-01,2026-12-31,20260105,dc_member,BK0554.DC,物联网,概念板块,,920564.BJ,天润科技,20260105
2026-07-07T06:52:29Z,2026,2026-01-01,2026-12-31,20260105,dc_member,BK0554.DC,物联网,概念板块,,300667.SZ,必创科技,20260105
2026-07-07T06:52:29Z,2026,2026-01-01,2026-12-31,20260105,dc_member,BK0554.DC,物联网,概念板块,,000948.SZ,南天信息,20260105
2026-07-07T06:52:29Z,2026,2026-01-01,2026-12-31,20260105,dc_member,BK0554.DC,物联网,概念板块,,002587.SZ,奥拓电子,20260105
2026-07-07T06:52:29Z,2026,2026-01-01,2026-12-31,20260105,dc_member,BK0554.DC,物联网,概念板块,,300279.SZ,和晶科技,20260105
2026-07-07T06:52:29Z,2026,2026-01-01,2026-12-31,20260105,dc_member,BK0554.DC,物联网,概念板块,,002376.SZ,新北洋,20260105
2026-07-07T06:52:29Z,2026,2026-01-01,2026-12-31,20260105,dc_member,BK0554.DC,物联网,概念板块,,002416.SZ,爱施德,20260105
2026-07-07T06:52:29Z,2026,2026-01-01,2026-12-31,20260105,dc_member,BK0554.DC,物联网,概念板块,,920651.BJ,天罡股份,20260105
2026-07-07T06:52:29Z,2026,2026-01-01,2026-12-31,20260105,dc_member,BK0554.DC,物联网,概念板块,,301608.SZ,博实结,20260105
2026-07-07T06:52:29Z,2026,2026-01-01,2026-12-31,20260105,dc_member,BK0554.DC,物联网,概念板块,,300672.SZ,国科微,20260105
2026-07-07T06:52:29Z,2026,2026-01-01,2026-12-31,20260105,dc_member,BK0554.DC,物联网,概念板块,,002553.SZ,南方精工,20260105
2026-07-07T06:52:29Z,2026,2026-01-01,2026-12-31,20260105,dc_member,BK0554.DC,物联网,概念板块,,301633.SZ,港迪技术,20260105
2026-07-07T06:52:29Z,2026,2026-01-01,2026-12-31,20260105,dc_member,BK0554.DC,物联网,概念板块,,300531.SZ,优博讯,20260105
2026-07-07T06:52:29Z,2026,2026-01-01,2026-12-31,20260105,dc_member,BK0554.DC,物联网,概念板块,,300013.SZ,新宁物流,20260105
2026-07-07T06:52:29Z,2026,2026-01-01,2026-12-31,20260105,dc_member,BK0554.DC,物联网,概念板块,,002334.SZ,英威腾,20260105
2026-07-07T06:52:29Z,2026,2026-01-01,2026-12-31,20260105,dc_member,BK0554.DC,物联网,概念板块,,600590.SH,泰豪科技,20260105
2026-07-07T06:52:29Z,2026,2026-01-01,2026-12-31,20260105,dc_member,BK0554.DC,物联网,概念板块,,301218.SZ,华是科技,20260105
2026-07-07T06:52:29Z,2026,2026-01-01,2026-12-31,20260105,dc_member,BK0554.DC,物联网,概念板块,,603012.SH,创力集团,20260105
2026-07-07T06:52:29Z,2026,2026-01-01,2026-12-31,20260105,dc_member,BK0554.DC,物联网,概念板块,,002706.SZ,良信股份,20260105
2026-07-07T06:52:29Z,2026,2026-01-01,2026-12-31,20260105,dc_member,BK0554.DC,物联网,概念板块,,688100.SH,威胜信息,20260105
2026-07-07T06:52:29Z,2026,2026-01-01,2026-12-31,20260105,dc_member,BK0554.DC,物联网,概念板块,,003019.SZ,宸展光电,20260105
2026-07-07T06:52:29Z,2026,2026-01-01,2026-12-31,20260105,dc_member,BK0554.DC,物联网,概念板块,,300523.SZ,辰安科技,20260105
2026-07-07T06:52:29Z,2026,2026-01-01,2026-12-31,20260105,dc_member,BK0554.DC,物联网,概念板块,,688609.SH,九联科技,20260105
2026-07-07T06:52:29Z,2026,2026-01-01,2026-12-31,20260105,dc_member,BK0554.DC,物联网,概念板块,,600941.SH,中国移动,20260105
2026-07-07T06:52:29Z,2026,2026-01-01,2026-12-31,20260105,dc_member,BK0554.DC,物联网,概念板块,,002599.SZ,盛通股份,20260105
2026-07-07T06:52:29Z,2026,2026-01-01,2026-12-31,20260105,dc_member,BK0554.DC,物联网,概念板块,,002593.SZ,日上集团,20260105
2026-07-07T06:52:29Z,2026,2026-01-01,2026-12-31,20260105,dc_member,BK0554.DC,物联网,概念板块,,600850.SH,电科数字,20260105
2026-07-07T06:52:29Z,2026,2026-01-01,2026-12-31,20260105,dc_member,BK0554.DC,物联网,概念板块,,301197.SZ,工大科雅,20260105
2026-07-07T06:52:29Z,2026,2026-01-01,2026-12-31,20260105,dc_member,BK0554.DC,物联网,概念板块,,300137.SZ,先河环保,20260105
2026-07-07T06:52:29Z,2026,2026-01-01,2026-12-31,20260105,dc_member,BK0554.DC,物联网,概念板块,,605365.SH,立达信,20260105
2026-07-07T06:52:29Z,2026,2026-01-01,2026-12-31,20260105,dc_member,BK0554.DC,物联网,概念板块,,300445.SZ,康斯特,20260105
2026-07-07T06:52:29Z,2026,2026-01-01,2026-12-31,20260105,dc_member,BK0554.DC,物联网,概念板块,,300931.SZ,通用电梯,20260105
2026-07-07T06:52:29Z,2026,2026-01-01,2026-12-31,20260105,dc_member,BK0554.DC,物联网,概念板块,,300771.SZ,智莱科技,20260105
2026-07-07T06:52:29Z,2026,2026-01-01,2026-12-31,20260105,dc_member,BK0554.DC,物联网,概念板块,,920579.BJ,机科股份,20260105
2026-07-07T06:52:29Z,2026,2026-01-01,2026-12-31,20260105,dc_member,BK0554.DC,物联网,概念板块,,300782.SZ,卓胜微,20260105
2026-07-07T06:52:29Z,2026,2026-01-01,2026-12-31,20260105,dc_member,BK0554.DC,物联网,概念板块,,300660.SZ,江苏雷利,20260105
2026-07-07T06:52:29Z,2026,2026-01-01,2026-12-31,20260105,dc_member,BK0554.DC,物联网,概念板块,,000701.SZ,厦门信达,20260105
2026-07-07T06:52:29Z,2026,2026-01-01,2026-12-31,20260105,dc_member,BK0554.DC,物联网,概念板块,,003007.SZ,直真科技,20260105
2026-07-07T06:52:29Z,2026,2026-01-01,2026-12-31,20260105,dc_member,BK0554.DC,物联网,概念板块,,002367.SZ,康力电梯,20260105
2026-07-07T06:52:29Z,2026,2026-01-01,2026-12-31,20260105,dc_member,BK0554.DC,物联网,概念板块,,603535.SH,嘉诚国际,20260105
2026-07-07T06:52:29Z,2026,2026-01-01,2026-12-31,20260105,dc_member,BK0554.DC,物联网,概念板块,,600198.SH,大唐电信,20260105
2026-07-07T06:52:29Z,2026,2026-01-01,2026-12-31,20260105,dc_member,BK0554.DC,物联网,概念板块,,301189.SZ,奥尼电子,20260105
2026-07-07T06:52:29Z,2026,2026-01-01,2026-12-31,20260105,dc_member,BK0554.DC,物联网,概念板块,,600800.SH,渤海化学,20260105
2026-07-07T06:52:29Z,2026,2026-01-01,2026-12-31,20260105,dc_member,BK0554.DC,物联网,概念板块,,600071.SH,凤凰光学,20260105
2026-07-07T06:52:29Z,2026,2026-01-01,2026-12-31,20260105,dc_member,BK0554.DC,物联网,概念板块,,600996.SH,贵广网络,20260105
2026-07-07T06:52:29Z,2026,2026-01-01,2026-12-31,20260105,dc_member,BK0554.DC,物联网,概念板块,,000004.SZ,*ST国华,20260105
2026-07-07T06:52:29Z,2026,2026-01-01,2026-12-31,20260105,dc_member,BK0554.DC,物联网,概念板块,,002767.SZ,先锋电子,20260105
2026-07-07T06:52:29Z,2026,2026-01-01,2026-12-31,20260105,dc_member,BK0554.DC,物联网,概念板块,,300710.SZ,万隆光电,20260105
2026-07-07T06:52:29Z,2026,2026-01-01,2026-12-31,20260105,dc_member,BK0554.DC,物联网,概念板块,,300555.SZ,ST路通,20260105
2026-07-07T06:52:29Z,2026,2026-01-01,2026-12-31,20260105,dc_member,BK0554.DC,物联网,概念板块,,300643.SZ,万通智控,20260105
2026-07-07T06:52:29Z,2026,2026-01-01,2026-12-31,20260105,dc_member,BK0554.DC,物联网,概念板块,,603662.SH,柯力传感,20260105
2026-07-07T06:52:29Z,2026,2026-01-01,2026-12-31,20260105,dc_member,BK0554.DC,物联网,概念板块,,600481.SH,双良节能,20260105
2026-07-07T06:52:29Z,2026,2026-01-01,2026-12-31,20260105,dc_member,BK0554.DC,物联网,概念板块,,600271.SH,航天信息,20260105
2026-07-07T06:52:29Z,2026,2026-01-01,2026-12-31,20260105,dc_member,BK0554.DC,物联网,概念板块,,000997.SZ,新 大 陆,20260105
2026-07-07T06:52:29Z,2026,2026-01-01,2026-12-31,20260105,dc_member,BK0554.DC,物联网,概念板块,,301449.SZ,天溯计量,20260105
2026-07-07T06:52:29Z,2026,2026-01-01,2026-12-31,20260105,dc_member,BK0554.DC,物联网,概念板块,,000530.SZ,冰山冷热,20260105
2026-07-07T06:52:29Z,2026,2026-01-01,2026-12-31,20260105,dc_member,BK0554.DC,物联网,概念板块,,600355.SH,*ST精伦,20260105
2026-07-07T06:52:29Z,2026,2026-01-01,2026-12-31,20260105,dc_member,BK0554.DC,物联网,概念板块,,688671.SH,碧兴物联,20260105
2026-07-07T06:52:29Z,2026,2026-01-01,2026-12-31,20260105,dc_member,BK0554.DC,物联网,概念板块,,603556.SH,海兴电力,20260105
2026-07-07T06:52:29Z,2026,2026-01-01,2026-12-31,20260105,dc_member,BK0554.DC,物联网,概念板块,,605288.SH,凯迪股份,20260105
2026-07-07T06:52:29Z,2026,2026-01-01,2026-12-31,20260105,dc_member,BK0554.DC,物联网,概念板块,,002383.SZ,合众思壮,20260105
2026-07-07T06:52:29Z,2026,2026-01-01,2026-12-31,20260105,dc_member,BK0554.DC,物联网,概念板块,,603083.SH,剑桥科技,20260105
2026-07-07T06:52:29Z,2026,2026-01-01,2026-12-31,20260105,dc_member,BK0554.DC,物联网,概念板块,,688160.SH,步科股份,20260105
2026-07-07T06:52:29Z,2026,2026-01-01,2026-12-31,20260105,dc_member,BK0554.DC,物联网,概念板块,,300386.SZ,飞天诚信,20260105
2026-07-07T06:52:29Z,2026,2026-01-01,2026-12-31,20260105,dc_member,BK0554.DC,物联网,概念板块,,300130.SZ,新国都,20260105
2026-07-07T06:52:29Z,2026,2026-01-01,2026-12-31,20260105,dc_member,BK0554.DC,物联网,概念板块,,000901.SZ,航天科技,20260105
2026-07-07T06:52:29Z,2026,2026-01-01,2026-12-31,20260105,dc_member,BK0554.DC,物联网,概念板块,,002210.SZ,飞马国际,20260105
2026-07-07T06:52:29Z,2026,2026-01-01,2026-12-31,20260105,dc_member,BK0554.DC,物联网,概念板块,,300078.SZ,思创医惠,20260105
2026-07-07T06:52:29Z,2026,2026-01-01,2026-12-31,20260105,dc_member,BK0554.DC,物联网,概念板块,,300456.SZ,赛微电子,20260105
2026-07-07T06:52:29Z,2026,2026-01-01,2026-12-31,20260105,dc_member,BK0554.DC,物联网,概念板块,,002104.SZ,恒宝股份,20260105
2026-07-07T06:52:29Z,2026,2026-01-01,2026-12-31,20260105,dc_member,BK0554.DC,物联网,概念板块,,920748.BJ,路桥信息,20260105
2026-07-07T06:52:29Z,2026,2026-01-01,2026-12-31,20260105,dc_member,BK0554.DC,物联网,概念板块,,688175.SH,高凌信息,20260105
2026-07-07T06:52:29Z,2026,2026-01-01,2026-12-31,20260105,dc_member,BK0554.DC,物联网,概念板块,,301056.SZ,森赫股份,20260105
2026-07-07T06:52:29Z,2026,2026-01-01,2026-12-31,20260105,dc_member,BK0554.DC,物联网,概念板块,,301330.SZ,熵基科技,20260105
2026-07-07T06:52:29Z,2026,2026-01-01,2026-12-31,20260105,dc_member,BK0554.DC,物联网,概念板块,,688766.SH,普冉股份,20260105
2026-07-07T06:52:29Z,2026,2026-01-01,2026-12-31,20260105,dc_member,BK0554.DC,物联网,概念板块,,688258.SH,卓易信息,20260105
2026-07-07T06:52:29Z,2026,2026-01-01,2026-12-31,20260105,dc_member,BK0554.DC,物联网,概念板块,,300561.SZ,*ST汇科,20260105
2026-07-07T06:52:29Z,2026,2026-01-01,2026-12-31,20260105,dc_member,BK0554.DC,物联网,概念板块,,300007.SZ,汉威科技,20260105
2026-07-07T06:52:29Z,2026,2026-01-01,2026-12-31,20260105,dc_member,BK0554.DC,物联网,概念板块,,300678.SZ,中科信息,20260105
2026-07-07T06:52:29Z,2026,2026-01-01,2026-12-31,20260105,dc_member,BK0554.DC,物联网,概念板块,,301515.SZ,港通医疗,20260105
2026-07-07T06:52:29Z,2026,2026-01-01,2026-12-31,20260105,dc_member,BK0554.DC,物联网,概念板块,,300513.SZ,恒实科技,20260105
2026-07-07T06:52:29Z,2026,2026-01-01,2026-12-31,20260105,dc_member,BK0554.DC,物联网,概念板块,,300857.SZ,协创数据,20260105
2026-07-07T06:52:29Z,2026,2026-01-01,2026-12-31,20260105,dc_member,BK0554.DC,物联网,概念板块,,002766.SZ,索菱股份,20260105
2026-07-07T06:52:29Z,2026,2026-01-01,2026-12-31,20260105,dc_member,BK0554.DC,物联网,概念板块,,002465.SZ,海格通信,20260105
2026-07-07T06:52:29Z,2026,2026-01-01,2026-12-31,20260105,dc_member,BK0554.DC,物联网,概念板块,,603986.SH,兆易创新,20260105
2026-07-07T06:52:29Z,2026,2026-01-01,2026-12-31,20260105,dc_member,BK0554.DC,物联网,概念板块,,605358.SH,立昂微,20260105
2026-07-07T06:52:29Z,2026,2026-01-01,2026-12-31,20260105,dc_member,BK0554.DC,物联网,概念板块,,002151.SZ,北斗星通,20260105
2026-07-07T06:52:29Z,2026,2026-01-01,2026-12-31,20260105,dc_member,BK0554.DC,物联网,概念板块,,600855.SH,航天长峰,20260105
2026-07-07T06:52:29Z,2026,2026-01-01,2026-12-31,20260105,dc_member,BK0554.DC,物联网,概念板块,,002925.SZ,盈趣科技,20260105
2026-07-07T06:52:29Z,2026,2026-01-01,2026-12-31,20260105,dc_member,BK0554.DC,物联网,概念板块,,300223.SZ,北京君正,20260105
2026-07-07T06:52:29Z,2026,2026-01-01,2026-12-31,20260105,dc_member,BK0554.DC,物联网,概念板块,,300451.SZ,创业慧康,20260105
2026-07-07T06:52:29Z,2026,2026-01-01,2026-12-31,20260105,dc_member,BK0554.DC,物联网,概念板块,,300476.SZ,胜宏科技,20260105
2026-07-07T06:52:29Z,2026,2026-01-01,2026-12-31,20260105,dc_member,BK0554.DC,物联网,概念板块,,000810.SZ,创维数字,20260105
2026-07-07T06:52:29Z,2026,2026-01-01,2026-12-31,20260105,dc_member,BK0554.DC,物联网,概念板块,,688591.SH,泰凌微,20260105
2026-07-07T06:52:29Z,2026,2026-01-01,2026-12-31,20260105,dc_member,BK0554.DC,物联网,概念板块,,300250.SZ,初灵信息,20260105
2026-07-07T06:52:29Z,2026,2026-01-01,2026-12-31,20260105,dc_member,BK0554.DC,物联网,概念板块,,301172.SZ,君逸数码,20260105
2026-07-07T06:52:29Z,2026,2026-01-01,2026-12-31,20260105,dc_member,BK0554.DC,物联网,概念板块,,603528.SH,多伦科技,20260105
2026-07-07T06:52:29Z,2026,2026-01-01,2026-12-31,20260105,dc_member,BK0554.DC,物联网,概念板块,,301678.SZ,新恒汇,20260105
2026-07-07T06:52:29Z,2026,2026-01-01,2026-12-31,20260105,dc_member,BK0554.DC,物联网,概念板块,,002183.SZ,怡 亚 通,20260105
2026-07-07T06:52:29Z,2026,2026-01-01,2026-12-31,20260105,dc_member,BK0554.DC,物联网,概念板块,,920992.BJ,中科美菱,20260105
2026-07-07T06:52:29Z,2026,2026-01-01,2026-12-31,20260105,dc_member,BK0554.DC,物联网,概念板块,,603042.SH,华脉科技,20260105
2026-07-07T06:52:29Z,2026,2026-01-01,2026-12-31,20260105,dc_member,BK0554.DC,物联网,概念板块,,688521.SH,芯原股份,20260105
2026-07-07T06:52:29Z,2026,2026-01-01,2026-12-31,20260105,dc_member,BK0554.DC,物联网,概念板块,,300302.SZ,同有科技,20260105
2026-07-07T06:52:29Z,2026,2026-01-01,2026-12-31,20260105,dc_member,BK0554.DC,物联网,概念板块,,000803.SZ,山高环能,20260105
2026-07-07T06:52:29Z,2026,2026-01-01,2026-12-31,20260105,dc_member,BK0554.DC,物联网,概念板块,,605178.SH,时空科技,20260105
2026-07-07T06:52:29Z,2026,2026-01-01,2026-12-31,20260105,dc_member,BK0554.DC,物联网,概念板块,,002639.SZ,雪人集团,20260105
2026-07-07T06:52:29Z,2026,2026-01-01,2026-12-31,20260105,dc_member,BK0554.DC,物联网,概念板块,,002123.SZ,梦网科技,20260105
2026-07-07T06:52:29Z,2026,2026-01-01,2026-12-31,20260105,dc_member,BK0554.DC,物联网,概念板块,,688159.SH,有方科技,20260105
2026-07-07T06:52:29Z,2026,2026-01-01,2026-12-31,20260105,dc_member,BK0554.DC,物联网,概念板块,,688135.SH,利扬芯片,20260105
2026-07-07T06:52:29Z,2026,2026-01-01,2026-12-31,20260105,dc_member,BK0554.DC,物联网,概念板块,,003004.SZ,*ST声迅,20260105
2026-07-07T06:52:29Z,2026,2026-01-01,2026-12-31,20260105,dc_member,BK0554.DC,物联网,概念板块,,300212.SZ,易华录,20260105
2026-07-07T06:52:29Z,2026,2026-01-01,2026-12-31,20260105,dc_member,BK0554.DC,物联网,概念板块,,688620.SH,安凯微,20260105
2026-07-07T06:52:29Z,2026,2026-01-01,2026-12-31,20260105,dc_member,BK0554.DC,物联网,概念板块,,002214.SZ,*ST大立,20260105
2026-07-07T06:52:29Z,2026,2026-01-01,2026-12-31,20260105,dc_member,BK0554.DC,物联网,概念板块,,603236.SH,移远通信,20260105
2026-07-07T06:52:29Z,2026,2026-01-01,2026-12-31,20260105,dc_member,BK0554.DC,物联网,概念板块,,688018.SH,乐鑫科技,20260105
2026-07-07T06:52:29Z,2026,2026-01-01,2026-12-31,20260105,dc_member,BK0554.DC,物联网,概念板块,,002156.SZ,通富微电,20260105
2026-07-07T06:52:29Z,2026,2026-01-01,2026-12-31,20260105,dc_member,BK0554.DC,物联网,概念板块,,688049.SH,炬芯科技,20260105
2026-07-07T06:52:29Z,2026,2026-01-01,2026-12-31,20260105,dc_member,BK0554.DC,物联网,概念板块,,300493.SZ,润欣科技,20260105
2026-07-07T06:52:29Z,2026,2026-01-01,2026-12-31,20260105,dc_member,BK0554.DC,物联网,概念板块,,301320.SZ,豪江智能,20260105
2026-07-07T06:52:29Z,2026,2026-01-01,2026-12-31,20260105,dc_member,BK0554.DC,物联网,概念板块,,605060.SH,联德股份,20260105
2026-07-07T06:52:29Z,2026,2026-01-01,2026-12-31,20260105,dc_member,BK0554.DC,物联网,概念板块,,300222.SZ,科大智能,20260105
2026-07-07T06:52:29Z,2026,2026-01-01,2026-12-31,20260105,dc_member,BK0554.DC,物联网,概念板块,,688220.SH,翱捷科技-U,20260105
2026-07-07T06:52:29Z,2026,2026-01-01,2026-12-31,20260105,dc_member,BK0554.DC,物联网,概念板块,,688051.SH,佳华科技,20260105
