instrument,anchor_row_n,path_winner_anchor_n,qfq_row_n,missing_qfq_file_flag,max_episode_threshold_pos,hit_pos_out_of_bounds_n,price_path_status,blocking_reason
SH600000,831,133,2281,False,2064.0,0,pass,
SH600004,1647,104,2281,False,1520.0,0,pass,
SH600007,21,3,2281,False,1882.0,0,pass,
SH600008,738,117,2265,False,1135.0,0,pass,
SH600009,2412,74,2270,False,1385.0,0,pass,
SH600010,2598,1461,2272,False,2211.0,0,pass,
SH600011,2613,859,2281,False,1556.0,0,pass,
SH600012,84,0,2271,False,,0,pass,
SH600015,2256,510,2281,False,2067.0,0,pass,
SH600016,2112,212,2281,False,2067.0,0,pass,
SH600018,2568,304,2278,False,1879.0,0,pass,
SH600019,2367,665,2262,False,2132.0,0,pass,
SH600020,9,0,2281,False,,0,pass,
SH600021,963,802,2275,False,2135.0,0,pass,
SH600022,438,69,2184,False,1045.0,0,pass,
SH600023,2280,939,2281,False,1825.0,0,pass,
SH600025,2505,1355,2048,False,1649.0,0,pass,
SH600026,2574,2167,2276,False,2232.0,0,pass,
SH600027,2595,1211,2270,False,1767.0,0,pass,
SH600028,2388,1216,2281,False,2222.0,0,pass,
SH600029,654,1,2278,False,2208.0,0,pass,
SH600030,2607,587,2264,False,1888.0,0,pass,
SH600031,1944,250,2281,False,2217.0,0,pass,
SH600032,291,7,1215,False,86.0,0,pass,
SH600036,2598,394,2281,False,2067.0,0,pass,
SH600037,339,55,2275,False,849.0,0,pass,
SH600038,2229,412,2271,False,1216.0,0,pass,
SH600039,1188,164,2269,False,2180.0,0,pass,
SH600048,2592,204,2281,False,1882.0,0,pass,
SH600050,2298,339,2186,False,1879.0,0,pass,
SH600056,333,302,2281,False,1274.0,0,pass,
SH600060,618,122,2280,False,2276.0,0,pass,
SH600061,903,1,2281,False,1882.0,0,pass,
SH600062,132,70,2281,False,1299.0,0,pass,
SH600064,27,3,2280,False,2141.0,0,pass,
SH600066,2172,1581,2280,False,2242.0,0,pass,
SH600085,2547,906,2281,False,1539.0,0,pass,
SH600089,2574,2132,2275,False,2217.0,0,pass,
SH600095,1122,97,2261,False,2108.0,0,pass,
SH600096,1503,1013,2279,False,2217.0,0,pass,
SH600098,126,39,2281,False,2238.0,0,pass,
SH600100,846,5,2175,False,1434.0,0,pass,
SH600104,2592,157,2281,False,1941.0,0,pass,
SH600110,156,1,2265,False,1162.0,0,pass,
SH600111,2598,1990,2281,False,2220.0,0,pass,
SH600116,3,0,2269,False,,0,pass,
SH600118,2559,2559,2281,False,2191.0,0,pass,
SH600120,195,92,2281,False,1967.0,0,pass,
SH600125,18,0,2281,False,,0,pass,
SH600126,753,432,2274,False,1970.0,0,pass,
SH600129,24,0,2278,False,,0,pass,
SH600132,2094,811,2281,False,1107.0,0,pass,
SH600138,60,0,2271,False,,0,pass,
SH600141,30,3,2280,False,2216.0,0,pass,
SH600143,1866,977,2200,False,2036.0,0,pass,
SH600153,1998,660,2281,False,1436.0,0,pass,
SH600160,2391,1830,2271,False,2210.0,0,pass,
SH600161,2601,468,2186,False,1787.0,0,pass,
SH600166,672,126,2281,False,1138.0,0,pass,
SH600170,1272,120,2281,False,2117.0,0,pass,
SH600171,93,14,2248,False,1866.0,0,pass,
SH600172,3,1,2266,False,2264.0,0,pass,
SH600176,2583,2549,2269,False,2268.0,0,pass,
SH600177,2295,787,2281,False,1932.0,0,pass,
SH600179,57,0,2236,False,,0,pass,
SH600183,1326,1309,2281,False,2280.0,0,pass,
SH600185,237,19,2266,False,843.0,0,pass,
SH600188,1569,699,2281,False,2261.0,0,pass,
SH600195,15,1,2280,False,881.0,0,pass,
SH600196,2601,772,2281,False,2110.0,0,pass,
SH600198,3,0,2263,False,,0,pass,
SH600201,1077,141,2279,False,874.0,0,pass,
SH600208,1443,502,2267,False,2080.0,0,pass,
SH600211,51,3,2281,False,870.0,0,pass,
SH600216,141,12,2281,False,858.0,0,pass,
SH600219,2613,2247,2275,False,2198.0,0,pass,
SH600221,2511,321,2150,False,1774.0,0,pass,
SH600226,18,2,2012,False,2009.0,0,pass,
SH600230,45,0,2270,False,,0,pass,
SH600233,1263,159,2281,False,2257.0,0,pass,
SH600236,1458,958,2281,False,2267.0,0,pass,
SH600246,102,63,2272,False,2271.0,0,pass,
SH600252,57,0,2281,False,,0,pass,
SH600256,1998,921,2268,False,2216.0,0,pass,
SH600258,1053,115,2281,False,1038.0,0,pass,
SH600266,288,9,2281,False,1598.0,0,pass,
SH600271,1173,16,2276,False,1514.0,0,pass,
SH600273,270,33,2189,False,2125.0,0,pass,
SH600276,2448,454,2281,False,2110.0,0,pass,
SH600282,393,108,2268,False,2208.0,0,pass,
SH600292,15,0,2271,False,,0,pass,
SH600295,909,437,2280,False,2218.0,0,pass,
SH600298,2397,503,2281,False,2178.0,0,pass,
SH600299,1509,216,2281,False,2230.0,0,pass,
SH600305,438,27,2281,False,885.0,0,pass,
SH600307,159,22,2281,False,1147.0,0,pass,
SH600309,2553,820,2156,False,2100.0,0,pass,
SH600312,18,0,2281,False,,0,pass,
SH600315,1431,406,2269,False,1078.0,0,pass,
SH600316,744,80,2281,False,1120.0,0,pass,
SH600320,174,22,2281,False,1995.0,0,pass,
SH600323,219,42,2279,False,2259.0,0,pass,
SH600325,435,211,2278,False,1518.0,0,pass,
SH600328,18,0,2140,False,,0,pass,
SH600329,342,43,2280,False,2094.0,0,pass,
SH600332,2367,16,2233,False,292.0,0,pass,
SH600338,486,202,2274,False,1129.0,0,pass,
SH600339,453,92,2279,False,2220.0,0,pass,
SH600340,1011,0,2262,False,,0,pass,
SH600346,2613,1246,2218,False,2138.0,0,pass,
SH600348,879,236,2281,False,2263.0,0,pass,
SH600350,1683,878,2281,False,2276.0,0,pass,
SH600352,2478,656,2281,False,2218.0,0,pass,
SH600362,2613,2535,2281,False,2204.0,0,pass,
SH600363,24,0,2281,False,,0,pass,
SH600369,1980,11,2281,False,1905.0,0,pass,
SH600372,2586,191,2258,False,2168.0,0,pass,
SH600373,558,162,2278,False,1538.0,0,pass,
SH600376,540,35,2281,False,2118.0,0,pass,
SH600377,1920,655,2281,False,2039.0,0,pass,
SH600378,1725,503,2144,False,2141.0,0,pass,
SH600383,1782,126,2281,False,1283.0,0,pass,
SH600390,1395,235,2274,False,1896.0,0,pass,
SH600392,1317,716,2281,False,2219.0,0,pass,
SH600398,1503,299,2276,False,1951.0,0,pass,
SH600399,861,169,2072,False,921.0,0,pass,
SH600406,1158,92,2174,False,2118.0,0,pass,
SH600409,393,111,2281,False,1142.0,0,pass,
SH600410,39,27,2271,False,2215.0,0,pass,
SH600415,2148,1619,2281,False,2100.0,0,pass,
SH600416,186,0,2279,False,,0,pass,
SH600418,1563,1003,2281,False,2114.0,0,pass,
SH600426,2553,1277,2281,False,2225.0,0,pass,
SH600435,144,87,2281,False,2191.0,0,pass,
SH600436,2472,857,2281,False,1106.0,0,pass,
SH600438,750,45,2271,False,2149.0,0,pass,
SH600446,450,26,2266,False,553.0,0,pass,
SH600456,306,13,2281,False,1193.0,0,pass,
SH600460,2559,1188,2205,False,2203.0,0,pass,
SH600477,15,0,2281,False,,0,pass,
SH600481,168,0,2222,False,,0,pass,
SH600482,1983,1413,2260,False,2236.0,0,pass,
SH600483,81,0,2272,False,,0,pass,
SH600486,1797,644,2276,False,997.0,0,pass,
SH600487,1920,1920,2261,False,2225.0,0,pass,
SH600489,2610,2527,2270,False,2193.0,0,pass,
SH600490,48,0,2038,False,,0,pass,
SH600491,9,0,2275,False,,0,pass,
SH600497,1845,1546,2271,False,2194.0,0,pass,
SH600498,96,70,2281,False,2269.0,0,pass,
SH600499,738,152,2271,False,2249.0,0,pass,
SH600500,384,181,2272,False,1143.0,0,pass,
SH600507,252,23,2281,False,1142.0,0,pass,
SH600511,1239,478,2276,False,1532.0,0,pass,
SH600515,2385,749,2142,False,2006.0,0,pass,
SH600516,1509,495,2279,False,1145.0,0,pass,
SH600517,1725,164,2270,False,2215.0,0,pass,
SH600518,1269,52,2246,False,1891.0,0,pass,
SH600519,2598,547,2281,False,1002.0,0,pass,
SH600521,522,6,2281,False,2109.0,0,pass,
SH600522,2580,2539,2281,False,2273.0,0,pass,
SH600525,51,0,2263,False,,0,pass,
SH600528,846,0,2281,False,,0,pass,
SH600529,786,225,2281,False,871.0,0,pass,
SH600535,975,0,2279,False,,0,pass,
SH600536,2241,618,2279,False,1906.0,0,pass,
SH600545,150,0,2274,False,,0,pass,
SH600546,927,256,2235,False,1686.0,0,pass,
SH600547,2613,2318,2251,False,2174.0,0,pass,
SH600548,345,127,2281,False,1943.0,0,pass,
SH600549,2394,2374,2281,False,2222.0,0,pass,
SH600556,615,45,2112,False,717.0,0,pass,
SH600559,453,36,2084,False,1289.0,0,pass,
SH600562,582,166,2280,False,2126.0,0,pass,
SH600563,987,236,2281,False,2279.0,0,pass,
SH600566,390,48,2280,False,1770.0,0,pass,
SH600568,45,0,2123,False,,0,pass,
SH600570,2613,460,2279,False,2097.0,0,pass,
SH600578,138,100,2281,False,2277.0,0,pass,
SH600580,594,381,2275,False,2111.0,0,pass,
SH600582,363,128,2281,False,1772.0,0,pass,
SH600583,1245,321,2281,False,2221.0,0,pass,
SH600584,2583,2351,2263,False,2260.0,0,pass,
SH600585,2613,137,2281,False,869.0,0,pass,
SH600588,1326,109,2279,False,2191.0,0,pass,
SH600596,63,3,2267,False,1121.0,0,pass,
SH600597,411,43,2281,False,893.0,0,pass,
SH600598,1383,390,2281,False,2006.0,0,pass,
SH600600,2574,664,2281,False,1522.0,0,pass,
SH600601,168,14,2277,False,2263.0,0,pass,
SH600602,105,0,2210,False,,0,pass,
SH600604,375,67,2281,False,532.0,0,pass,
SH600606,2037,88,2276,False,1900.0,0,pass,
SH600612,1515,649,2281,False,1762.0,0,pass,
SH600621,693,165,2275,False,851.0,0,pass,
SH600622,48,0,2281,False,,0,pass,
SH600623,294,104,2281,False,1147.0,0,pass,
SH600629,12,0,2281,False,,0,pass,
SH600633,81,15,2242,False,1930.0,0,pass,
SH600635,309,77,2280,False,2160.0,0,pass,
SH600637,1485,742,2274,False,2185.0,0,pass,
SH600639,171,0,2281,False,,0,pass,
SH600640,159,2,2281,False,727.0,0,pass,
SH600641,444,147,2201,False,1114.0,0,pass,
SH600642,2133,830,2281,False,2280.0,0,pass,
SH600643,387,5,2206,False,446.0,0,pass,
SH600648,411,19,2271,False,539.0,0,pass,
SH600649,228,1,2223,False,472.0,0,pass,
SH600655,468,0,2069,False,,0,pass,
SH600657,54,18,2158,False,1152.0,0,pass,
SH600660,2613,1311,2281,False,2116.0,0,pass,
SH600663,1863,57,2271,False,1103.0,0,pass,
SH600664,18,0,2183,False,,0,pass,
SH600666,3,0,2020,False,,0,pass,
SH600667,849,254,2281,False,2278.0,0,pass,
SH600673,1668,1570,2032,False,2015.0,0,pass,
SH600674,1959,501,2281,False,1882.0,0,pass,
SH600675,162,0,2273,False,,0,pass,
SH600681,63,0,2209,False,,0,pass,
SH600682,321,34,2131,False,720.0,0,pass,
SH600685,2502,939,2157,False,2095.0,0,pass,
SH600688,1884,59,2281,False,2222.0,0,pass,
SH600690,1188,91,2279,False,1880.0,0,pass,
SH600699,1581,714,2278,False,2115.0,0,pass,
SH600702,951,185,2269,False,1474.0,0,pass,
SH600703,2613,689,2281,False,2229.0,0,pass,
SH600704,1449,869,2281,False,2101.0,0,pass,
SH600707,882,386,2280,False,2277.0,0,pass,
SH600708,27,0,2281,False,,0,pass,
SH600711,258,93,2228,False,2151.0,0,pass,
SH600715,57,0,2128,False,,0,pass,
SH600717,81,0,2281,False,,0,pass,
SH600718,369,11,2271,False,529.0,0,pass,
SH600728,45,0,2281,False,,0,pass,
SH600729,27,1,2247,False,1506.0,0,pass,
SH600732,102,0,2177,False,,0,pass,
SH600733,2295,846,1857,False,1405.0,0,pass,
SH600737,774,650,2281,False,2151.0,0,pass,
SH600739,1422,340,2274,False,865.0,0,pass,
SH600740,120,72,2269,False,1131.0,0,pass,
SH600741,2601,173,2281,False,933.0,0,pass,
SH600745,390,30,2095,False,1939.0,0,pass,
SH600746,48,0,2279,False,,0,pass,
SH600748,135,9,2280,False,561.0,0,pass,
SH600751,6,0,2110,False,,0,pass,
SH600754,2097,605,2281,False,1521.0,0,pass,
SH600760,2613,1281,2269,False,2115.0,0,pass,
SH600763,1752,756,2281,False,1088.0,0,pass,
SH600764,636,91,2150,False,762.0,0,pass,
SH600765,918,77,2271,False,1183.0,0,pass,
SH600771,66,16,2281,False,1104.0,0,pass,
SH600773,27,0,2276,False,,0,pass,
SH600775,6,0,2281,False,,0,pass,
SH600776,516,72,2281,False,2193.0,0,pass,
SH600777,276,194,2184,False,2160.0,0,pass,
SH600779,1818,893,2279,False,1157.0,0,pass,
SH600782,519,289,2281,False,1143.0,0,pass,
SH600783,105,45,2281,False,2192.0,0,pass,
SH600787,69,0,2281,False,,0,pass,
SH600795,2520,1412,2217,False,2113.0,0,pass,
SH600797,9,0,2266,False,,0,pass,
SH600801,2187,679,2279,False,2199.0,0,pass,
SH600803,1437,140,2239,False,2180.0,0,pass,
SH600808,1281,774,2281,False,1142.0,0,pass,
SH600809,2592,844,2270,False,1092.0,0,pass,
SH600811,204,0,1929,False,,0,pass,
SH600812,240,41,2272,False,865.0,0,pass,
SH600816,1053,81,2225,False,1851.0,0,pass,
SH600820,585,137,2281,False,2076.0,0,pass,
SH600827,819,309,2281,False,1073.0,0,pass,
SH600835,552,332,2281,False,2160.0,0,pass,
SH600839,843,268,2281,False,1900.0,0,pass,
SH600845,1104,18,2279,False,1568.0,0,pass,
SH600848,1584,39,2204,False,2075.0,0,pass,
SH600859,945,101,2156,False,746.0,0,pass,
SH600862,2121,428,2281,False,1903.0,0,pass,
SH600863,423,228,2273,False,2271.0,0,pass,
SH600864,264,0,2281,False,,0,pass,
SH600867,1188,42,2269,False,846.0,0,pass,
SH600869,6,6,2268,False,2191.0,0,pass,
SH600871,2190,1303,2250,False,2192.0,0,pass,
SH600872,1719,396,2281,False,894.0,0,pass,
SH600873,1041,292,2281,False,2230.0,0,pass,
SH600874,66,0,2279,False,,0,pass,
SH600875,1608,1422,2221,False,2164.0,0,pass,
SH600879,1407,1407,2281,False,2191.0,0,pass,
SH600881,45,0,2281,False,,0,pass,
SH600882,492,8,2265,False,1061.0,0,pass,
SH600884,1467,715,2281,False,2263.0,0,pass,
SH600885,1188,292,2281,False,2278.0,0,pass,
SH600886,2613,1171,2281,False,1821.0,0,pass,
SH600887,1800,0,2277,False,,0,pass,
SH600893,2607,1064,2270,False,2215.0,0,pass,
SH600895,2109,1725,2281,False,2125.0,0,pass,
SH600900,2496,788,2270,False,1871.0,0,pass,
SH600901,471,37,2000,False,1976.0,0,pass,
SH600905,978,0,1203,False,,0,pass,
SH600906,477,0,1227,False,,0,pass,
SH600909,123,0,2275,False,,0,pass,
SH600916,201,0,1283,False,,0,pass,
SH600917,48,2,2276,False,1030.0,0,pass,
SH600918,1854,0,1451,False,,0,pass,
SH600919,1506,541,2275,False,2058.0,0,pass,
SH600925,426,0,766,False,,0,pass,
SH600926,831,48,2281,False,2230.0,0,pass,
SH600927,111,0,1071,False,,0,pass,
SH600928,810,0,1757,False,,0,pass,
SH600930,51,0,210,False,,0,pass,
SH600938,1170,627,994,False,935.0,0,pass,
SH600941,447,0,1063,False,,0,pass,
SH600956,1272,288,1435,False,1386.0,0,pass,
SH600958,2613,562,2259,False,2082.0,0,pass,
SH600959,462,2,2179,False,437.0,0,pass,
SH600966,111,0,2275,False,,0,pass,
SH600967,804,675,2281,False,2092.0,0,pass,
SH600968,2253,1193,1679,False,1620.0,0,pass,
SH600970,309,0,2257,False,,0,pass,
SH600977,1242,347,2281,False,2115.0,0,pass,
SH600984,240,19,2271,False,865.0,0,pass,
SH600985,1821,561,2180,False,1781.0,0,pass,
SH600988,1710,1491,2271,False,2196.0,0,pass,
SH600989,2367,2008,1707,False,1656.0,0,pass,
SH600995,1074,227,2270,False,2217.0,0,pass,
SH600998,1566,34,2281,False,871.0,0,pass,
SH600999,2592,473,2275,False,1877.0,0,pass,
SH601000,468,338,2279,False,1880.0,0,pass,
SH601001,162,5,2260,False,2240.0,0,pass,
SH601003,210,20,2207,False,2011.0,0,pass,
SH601005,345,46,2080,False,941.0,0,pass,
SH601006,735,0,2281,False,,0,pass,
SH601009,849,44,2279,False,2163.0,0,pass,
SH601011,45,0,2279,False,,0,pass,
SH601012,864,36,2275,False,2142.0,0,pass,
SH601018,1998,23,2281,False,2225.0,0,pass,
SH601019,189,119,2065,False,1666.0,0,pass,
SH601021,2613,287,2281,False,1069.0,0,pass,
SH601058,1665,322,2277,False,2167.0,0,pass,
SH601059,864,10,786,False,624.0,0,pass,
SH601061,861,519,759,False,628.0,0,pass,
SH601066,2514,360,1926,False,1550.0,0,pass,
SH601068,267,18,1874,False,800.0,0,pass,
SH601077,1851,817,1596,False,1565.0,0,pass,
SH601088,2580,1696,2207,False,2161.0,0,pass,
SH601098,654,219,2281,False,2007.0,0,pass,
SH601099,1365,200,2271,False,1895.0,0,pass,
SH601100,2613,1390,2281,False,2200.0,0,pass,
SH601106,720,371,2279,False,2191.0,0,pass,
SH601107,3,1,2260,False,1755.0,0,pass,
SH601108,1188,0,2080,False,,0,pass,
SH601111,2607,241,2280,False,1445.0,0,pass,
SH601117,2613,1104,2281,False,2229.0,0,pass,
SH601118,1023,305,2163,False,2110.0,0,pass,
SH601127,1197,456,2266,False,2110.0,0,pass,
SH601136,912,38,829,False,456.0,0,pass,
SH601138,813,630,1933,False,1793.0,0,pass,
SH601139,864,366,2281,False,1142.0,0,pass,
SH601155,2268,257,2279,False,2202.0,0,pass,
SH601156,432,0,1204,False,,0,pass,
SH601158,438,0,2281,False,,0,pass,
SH601162,2247,287,1839,False,1658.0,0,pass,
SH601163,48,0,2281,False,,0,pass,
SH601166,1026,125,2281,False,2067.0,0,pass,
SH601168,2058,1850,2212,False,2135.0,0,pass,
SH601169,2184,688,2273,False,2059.0,0,pass,
SH601179,1746,1722,2281,False,2225.0,0,pass,
SH601186,2520,363,2281,False,1539.0,0,pass,
SH601187,207,0,1355,False,,0,pass,
SH601198,2547,203,2261,False,2158.0,0,pass,
SH601200,60,0,2223,False,,0,pass,
SH601211,1164,176,2262,False,2168.0,0,pass,
SH601212,1035,1019,2212,False,2135.0,0,pass,
SH601216,2490,1045,2200,False,1852.0,0,pass,
SH601222,18,0,2281,False,,0,pass,
SH601225,2613,1560,2281,False,2235.0,0,pass,
SH601228,402,0,2225,False,,0,pass,
SH601229,945,168,2281,False,2064.0,0,pass,
SH601231,813,772,2273,False,2210.0,0,pass,
SH601233,2229,887,2281,False,2220.0,0,pass,
SH601236,2316,63,1666,False,1484.0,0,pass,
SH601238,894,0,2281,False,,0,pass,
SH601288,1878,1300,2281,False,2152.0,0,pass,
SH601298,1890,570,1775,False,1496.0,0,pass,
SH601318,2613,363,2281,False,2187.0,0,pass,
SH601319,2445,797,1825,False,1732.0,0,pass,
SH601326,171,0,2130,False,,0,pass,
SH601328,1923,686,2281,False,2057.0,0,pass,
SH601333,489,26,2281,False,1562.0,0,pass,
SH601336,2613,1495,2281,False,2204.0,0,pass,
SH601360,2559,435,2159,False,2072.0,0,pass,
SH601375,999,177,2281,False,975.0,0,pass,
SH601377,2598,294,2270,False,2171.0,0,pass,
SH601390,2556,517,2207,False,1464.0,0,pass,
SH601398,2151,900,2281,False,2156.0,0,pass,
SH601399,336,115,1447,False,1357.0,0,pass,
SH601456,1743,0,1391,False,,0,pass,
SH601512,87,0,1558,False,,0,pass,
SH601519,450,240,2268,False,2082.0,0,pass,
SH601555,2592,301,2259,False,2087.0,0,pass,
SH601567,759,88,2281,False,2227.0,0,pass,
SH601568,339,0,1360,False,,0,pass,
SH601577,2433,314,1857,False,1643.0,0,pass,
SH601588,48,0,2281,False,,0,pass,
SH601598,2256,1144,1782,False,1623.0,0,pass,
SH601600,2568,2210,2172,False,2095.0,0,pass,
SH601601,2613,924,2281,False,2188.0,0,pass,
SH601606,144,2,1893,False,1718.0,0,pass,
SH601607,942,0,2281,False,,0,pass,
SH601608,318,171,2210,False,2129.0,0,pass,
SH601611,63,17,2281,False,2192.0,0,pass,
SH601615,894,205,1771,False,1698.0,0,pass,
SH601618,2595,788,2281,False,2127.0,0,pass,
SH601628,2613,642,2281,False,2192.0,0,pass,
SH601633,363,0,2274,False,,0,pass,
SH601636,36,0,2281,False,,0,pass,
SH601658,2070,351,1566,False,1392.0,0,pass,
SH601665,393,0,1198,False,,0,pass,
SH601668,2553,363,2281,False,1882.0,0,pass,
SH601669,2604,1047,2281,False,2078.0,0,pass,
SH601677,54,0,2281,False,,0,pass,
SH601678,6,0,2279,False,,0,pass,
SH601688,2613,696,2281,False,2187.0,0,pass,
SH601689,2349,1529,2281,False,2117.0,0,pass,
SH601696,1971,280,1517,False,1329.0,0,pass,
SH601698,2292,2182,1677,False,1587.0,0,pass,
SH601699,2202,1167,2281,False,2133.0,0,pass,
SH601717,582,220,2164,False,2004.0,0,pass,
SH601718,408,24,2281,False,2088.0,0,pass,
SH601727,2277,1552,2150,False,1996.0,0,pass,
SH601728,1215,226,1153,False,846.0,0,pass,
SH601766,2565,393,2281,False,1882.0,0,pass,
SH601777,1062,452,2276,False,2117.0,0,pass,
SH601788,2583,656,2281,False,1927.0,0,pass,
SH601799,2535,536,2281,False,1089.0,0,pass,
SH601800,2532,434,2281,False,1904.0,0,pass,
SH601801,117,34,2268,False,1548.0,0,pass,
SH601808,2568,623,2281,False,2222.0,0,pass,
SH601811,261,105,2281,False,1538.0,0,pass,
SH601816,2049,13,1540,False,1141.0,0,pass,
SH601818,1545,268,2281,False,2067.0,0,pass,
SH601825,1035,169,1154,False,914.0,0,pass,
SH601828,1023,23,2020,False,840.0,0,pass,
SH601838,1050,118,2016,False,1792.0,0,pass,
SH601857,2514,1845,2281,False,2222.0,0,pass,
SH601865,831,8,1767,False,1383.0,0,pass,
SH601866,2253,437,2270,False,1137.0,0,pass,
SH601868,1083,354,1128,False,1076.0,0,pass,
SH601869,1224,1224,1904,False,1843.0,0,pass,
SH601872,2553,2517,2181,False,2144.0,0,pass,
SH601877,2613,1226,2281,False,2227.0,0,pass,
SH601878,903,47,2167,False,1768.0,0,pass,
SH601880,1728,0,2264,False,,0,pass,
SH601881,1104,206,2267,False,2085.0,0,pass,
SH601888,2607,877,2281,False,2197.0,0,pass,
SH601898,2433,1846,2281,False,2229.0,0,pass,
SH601899,1188,1001,2277,False,2200.0,0,pass,
SH601901,2613,249,2271,False,1872.0,0,pass,
SH601908,216,2,2281,False,1138.0,0,pass,
SH601916,1674,92,1570,False,1356.0,0,pass,
SH601919,813,41,2231,False,2025.0,0,pass,
SH601928,753,346,2281,False,1538.0,0,pass,
SH601933,2373,416,2275,False,1925.0,0,pass,
SH601939,2337,1025,2281,False,2278.0,0,pass,
SH601949,21,17,2127,False,1388.0,0,pass,
SH601952,102,15,2195,False,794.0,0,pass,
SH601958,1965,1770,2281,False,2221.0,0,pass,
SH601963,411,0,1283,False,,0,pass,
SH601966,1593,359,2272,False,1167.0,0,pass,
SH601969,204,32,2263,False,1126.0,0,pass,
SH601975,171,80,1789,False,914.0,0,pass,
SH601985,1833,796,2281,False,1836.0,0,pass,
SH601988,1680,743,2281,False,2157.0,0,pass,
SH601990,2328,218,1930,False,507.0,0,pass,
SH601991,1995,1945,2281,False,2280.0,0,pass,
SH601992,1587,0,2279,False,,0,pass,
SH601995,1635,0,1331,False,,0,pass,
SH601997,1167,0,2281,False,,0,pass,
SH601998,753,8,2281,False,2064.0,0,pass,
SH603000,858,380,2281,False,1621.0,0,pass,
SH603005,543,26,2278,False,854.0,0,pass,
SH603019,2424,1955,2268,False,2113.0,0,pass,
SH603025,312,24,2266,False,1061.0,0,pass,
SH603026,393,50,2281,False,1148.0,0,pass,
SH603027,513,58,2280,False,1000.0,0,pass,
SH603039,102,0,2204,False,,0,pass,
SH603043,15,5,2166,False,758.0,0,pass,
SH603049,162,0,239,False,,0,pass,
SH603068,114,0,1727,False,,0,pass,
SH603077,714,207,2269,False,1135.0,0,pass,
SH603083,33,17,2073,False,2069.0,0,pass,
SH603087,1194,101,1435,False,1276.0,0,pass,
SH603093,54,0,1632,False,,0,pass,
SH603098,84,0,2280,False,,0,pass,
SH603103,36,12,2094,False,2025.0,0,pass,
SH603119,87,1,683,False,519.0,0,pass,
SH603127,705,15,2123,False,991.0,0,pass,
SH603129,579,95,2128,False,1964.0,0,pass,
SH603156,1713,1493,2008,False,2000.0,0,pass,
SH603160,1029,82,2271,False,1891.0,0,pass,
SH603179,84,5,2233,False,2148.0,0,pass,
SH603185,357,0,1795,False,,0,pass,
SH603195,783,0,1531,False,,0,pass,
SH603198,2004,691,2281,False,1622.0,0,pass,
SH603218,648,91,2281,False,1177.0,0,pass,
SH603222,105,0,2227,False,,0,pass,
SH603228,459,209,2278,False,2273.0,0,pass,
SH603233,396,19,2142,False,1300.0,0,pass,
SH603236,786,60,1665,False,757.0,0,pass,
SH603256,57,57,1662,False,1642.0,0,pass,
SH603259,681,219,1956,False,1780.0,0,pass,
SH603260,2586,1201,2082,False,1957.0,0,pass,
SH603267,690,86,1708,False,620.0,0,pass,
SH603268,255,247,2209,False,2193.0,0,pass,
SH603288,2613,526,2281,False,978.0,0,pass,
SH603290,540,0,1533,False,,0,pass,
SH603296,813,256,678,False,662.0,0,pass,
SH603298,246,34,2281,False,2217.0,0,pass,
SH603305,156,15,2150,False,1244.0,0,pass,
SH603328,42,7,2280,False,2255.0,0,pass,
SH603338,1908,582,2281,False,1785.0,0,pass,
SH603345,1419,258,2211,False,932.0,0,pass,
SH603367,6,0,2098,False,,0,pass,
SH603369,2613,520,2281,False,1521.0,0,pass,
SH603379,477,253,1735,False,1674.0,0,pass,
SH603392,1884,156,1473,False,889.0,0,pass,
SH603421,6,0,2281,False,,0,pass,
SH603444,1470,704,2280,False,2121.0,0,pass,
SH603456,450,0,2258,False,,0,pass,
SH603486,594,189,1942,False,1778.0,0,pass,
SH603489,663,75,1587,False,474.0,0,pass,
SH603501,288,0,2031,False,,0,pass,
SH603515,735,4,2281,False,1009.0,0,pass,
SH603516,45,2,2014,False,1925.0,0,pass,
SH603517,1674,491,2232,False,954.0,0,pass,
SH603520,69,0,2155,False,,0,pass,
SH603529,438,1,1201,False,910.0,0,pass,
SH603533,72,0,2102,False,,0,pass,
SH603565,411,34,1371,False,215.0,0,pass,
SH603568,1128,205,2281,False,2221.0,0,pass,
SH603583,93,0,1859,False,,0,pass,
SH603589,1809,341,2281,False,1498.0,0,pass,
SH603596,420,12,1961,False,1663.0,0,pass,
SH603605,660,0,2070,False,,0,pass,
SH603606,1308,188,2281,False,2127.0,0,pass,
SH603613,1011,347,1655,False,804.0,0,pass,
SH603619,15,0,2068,False,,0,pass,
SH603638,345,0,2268,False,,0,pass,
SH603658,1923,377,2281,False,1409.0,0,pass,
SH603659,1566,468,2022,False,2002.0,0,pass,
SH603688,492,17,2281,False,2276.0,0,pass,
SH603699,69,13,2271,False,2192.0,0,pass,
SH603707,408,0,2150,False,,0,pass,
SH603708,429,59,2281,False,847.0,0,pass,
SH603711,12,0,2059,False,,0,pass,
SH603712,1449,408,2000,False,595.0,0,pass,
SH603718,18,0,2245,False,,0,pass,
SH603719,477,0,1514,False,,0,pass,
SH603728,147,1,2199,False,1891.0,0,pass,
SH603730,9,6,2128,False,2123.0,0,pass,
SH603733,219,0,1966,False,,0,pass,
SH603737,1536,415,2281,False,2204.0,0,pass,
SH603766,66,48,2280,False,2164.0,0,pass,
SH603786,1332,317,1606,False,1449.0,0,pass,
SH603799,813,541,2269,False,2189.0,0,pass,
SH603806,1470,45,2281,False,2212.0,0,pass,
SH603816,1599,192,2277,False,999.0,0,pass,
SH603826,174,1,2215,False,1210.0,0,pass,
SH603833,1689,2,2220,False,1843.0,0,pass,
SH603858,1221,137,2281,False,858.0,0,pass,
SH603866,1323,120,2281,False,894.0,0,pass,
SH603868,876,238,2281,False,1409.0,0,pass,
SH603877,159,0,2274,False,,0,pass,
SH603881,111,12,2258,False,2191.0,0,pass,
SH603882,1689,557,2113,False,821.0,0,pass,
SH603883,318,0,2281,False,,0,pass,
SH603885,2055,262,2281,False,1521.0,0,pass,
SH603888,15,2,2279,False,1523.0,0,pass,
SH603893,642,233,1530,False,1353.0,0,pass,
SH603899,2103,500,2281,False,1002.0,0,pass,
SH603906,21,0,2219,False,,0,pass,
SH603915,15,0,1687,False,,0,pass,
SH603919,87,0,2275,False,,0,pass,
SH603920,9,2,2204,False,2126.0,0,pass,
SH603927,423,0,1626,False,,0,pass,
SH603939,531,0,2214,False,,0,pass,
SH603979,393,80,2281,False,2204.0,0,pass,
SH603983,672,8,1658,False,196.0,0,pass,
SH603986,864,852,2145,False,2142.0,0,pass,
SH603993,2613,2524,2281,False,2204.0,0,pass,
SH605009,45,0,1381,False,,0,pass,
SH605111,162,3,1370,False,278.0,0,pass,
SH605117,654,616,1237,False,1234.0,0,pass,
SH605358,324,0,1381,False,,0,pass,
SH605499,1389,674,1213,False,979.0,0,pass,
SH605589,120,5,1161,False,1159.0,0,pass,
SZ000001,2595,306,2281,False,998.0,0,pass,
SZ000002,2604,9,2276,False,1877.0,0,pass,
SZ000009,1326,535,2281,False,1130.0,0,pass,
SZ000012,585,102,2281,False,1118.0,0,pass,
SZ000016,150,44,2261,False,774.0,0,pass,
SZ000021,1473,1109,2280,False,2277.0,0,pass,
SZ000027,2055,532,2281,False,2239.0,0,pass,
SZ000028,879,152,2281,False,1537.0,0,pass,
SZ000031,591,0,2096,False,,0,pass,
SZ000032,306,47,2132,False,1373.0,0,pass,
SZ000034,132,0,2048,False,,0,pass,
SZ000035,159,3,2061,False,2009.0,0,pass,
SZ000039,2385,1045,2276,False,2215.0,0,pass,
SZ000050,1194,0,2224,False,,0,pass,
SZ000059,51,0,2281,False,,0,pass,
SZ000062,399,336,2264,False,2246.0,0,pass,
SZ000063,1188,434,2232,False,2080.0,0,pass,
SZ000066,2496,1109,2281,False,2267.0,0,pass,
SZ000069,1554,183,2281,False,1034.0,0,pass,
SZ000078,69,0,2280,False,,0,pass,
SZ000088,45,0,2265,False,,0,pass,
SZ000089,567,7,2281,False,872.0,0,pass,
SZ000090,3,1,2276,False,851.0,0,pass,
SZ000100,1185,49,2205,False,1824.0,0,pass,
SZ000155,459,16,2026,False,900.0,0,pass,
SZ000156,246,0,2153,False,,0,pass,
SZ000157,1701,295,2281,False,2218.0,0,pass,
SZ000158,651,79,2272,False,1891.0,0,pass,
SZ000166,2610,183,2264,False,1866.0,0,pass,
SZ000301,903,208,2110,False,2051.0,0,pass,
SZ000338,1050,889,2281,False,2280.0,0,pass,
SZ000400,252,0,2281,False,,0,pass,
SZ000401,15,0,2209,False,,0,pass,
SZ000402,609,0,2281,False,,0,pass,
SZ000408,1779,1600,2243,False,2163.0,0,pass,
SZ000415,615,120,2162,False,2098.0,0,pass,
SZ000423,2151,664,2281,False,1786.0,0,pass,
SZ000425,831,215,2258,False,2194.0,0,pass,
SZ000426,309,282,2232,False,2155.0,0,pass,
SZ000429,213,88,2281,False,1933.0,0,pass,
SZ000488,462,159,2279,False,1003.0,0,pass,
SZ000501,9,3,2281,False,871.0,0,pass,
SZ000503,342,34,2121,False,390.0,0,pass,
SZ000513,558,0,2277,False,,0,pass,
SZ000516,150,0,2129,False,,0,pass,
SZ000517,30,0,2281,False,,0,pass,
SZ000519,540,28,2281,False,1365.0,0,pass,
SZ000525,21,0,2253,False,,0,pass,
SZ000537,438,223,2275,False,1198.0,0,pass,
SZ000538,1119,0,2228,False,,0,pass,
SZ000539,630,179,2281,False,2280.0,0,pass,
SZ000547,1257,944,2178,False,2088.0,0,pass,
SZ000550,243,127,2281,False,1841.0,0,pass,
SZ000553,483,0,2277,False,,0,pass,
SZ000559,396,339,2266,False,2176.0,0,pass,
SZ000560,78,0,2223,False,,0,pass,
SZ000563,372,2,2256,False,503.0,0,pass,
SZ000564,651,125,2114,False,1763.0,0,pass,
SZ000568,966,0,2281,False,,0,pass,
SZ000581,222,51,2281,False,1986.0,0,pass,
SZ000591,210,0,2281,False,,0,pass,
SZ000596,2613,613,2281,False,1468.0,0,pass,
SZ000598,120,51,2281,False,1836.0,0,pass,
SZ000600,48,17,2279,False,2278.0,0,pass,
SZ000617,1746,1019,2280,False,2103.0,0,pass,
SZ000625,846,0,2281,False,,0,pass,
SZ000628,54,0,2271,False,,0,pass,
SZ000629,552,6,1949,False,1872.0,0,pass,
SZ000630,2154,1990,2271,False,2194.0,0,pass,
SZ000636,861,367,2281,False,2280.0,0,pass,
SZ000651,1812,176,2274,False,1875.0,0,pass,
SZ000656,1194,186,2226,False,843.0,0,pass,
SZ000657,246,246,2266,False,2204.0,0,pass,
SZ000661,1104,14,2272,False,2118.0,0,pass,
SZ000672,285,6,2274,False,864.0,0,pass,
SZ000681,237,35,2281,False,2193.0,0,pass,
SZ000683,57,4,2281,False,2225.0,0,pass,
SZ000685,21,7,2281,False,2124.0,0,pass,
SZ000686,981,57,2281,False,854.0,0,pass,
SZ000690,210,0,2247,False,,0,pass,
SZ000703,48,37,2218,False,2200.0,0,pass,
SZ000708,1104,118,2275,False,2213.0,0,pass,
SZ000709,1392,194,2281,False,1142.0,0,pass,
SZ000710,423,158,2270,False,859.0,0,pass,
SZ000712,45,0,2278,False,,0,pass,
SZ000717,123,1,2280,False,1142.0,0,pass,
SZ000718,153,44,2281,False,1070.0,0,pass,
SZ000723,141,0,2133,False,,0,pass,
SZ000725,885,108,2281,False,2278.0,0,pass,
SZ000727,9,0,2246,False,,0,pass,
SZ000728,2595,269,2275,False,2123.0,0,pass,
SZ000729,1842,594,2281,False,2245.0,0,pass,
SZ000733,1236,425,2260,False,1308.0,0,pass,
SZ000735,90,0,2273,False,,0,pass,
SZ000738,1620,343,2281,False,2215.0,0,pass,
SZ000739,1260,436,2281,False,1192.0,0,pass,
SZ000750,1266,19,2262,False,843.0,0,pass,
SZ000756,3,0,2267,False,,0,pass,
SZ000761,21,0,2280,False,,0,pass,
SZ000762,234,2,2281,False,1135.0,0,pass,
SZ000768,2613,677,2281,False,1903.0,0,pass,
SZ000776,2613,779,2281,False,2127.0,0,pass,
SZ000778,39,12,2281,False,2217.0,0,pass,
SZ000783,2553,310,2281,False,2142.0,0,pass,
SZ000785,483,7,2270,False,1921.0,0,pass,
SZ000786,2613,637,2279,False,1880.0,0,pass,
SZ000792,1518,855,1962,False,1943.0,0,pass,
SZ000793,45,0,2172,False,,0,pass,
SZ000799,1176,322,2281,False,1152.0,0,pass,
SZ000800,945,0,2270,False,,0,pass,
SZ000807,1866,1653,2254,False,2177.0,0,pass,
SZ000810,12,0,2278,False,,0,pass,
SZ000813,324,24,2279,False,550.0,0,pass,
SZ000818,165,35,2261,False,1953.0,0,pass,
SZ000820,9,0,2110,False,,0,pass,
SZ000825,1455,950,2173,False,1040.0,0,pass,
SZ000826,246,10,2256,False,526.0,0,pass,
SZ000829,21,0,2212,False,,0,pass,
SZ000830,615,160,2271,False,2215.0,0,pass,
SZ000831,1479,611,2280,False,2128.0,0,pass,
SZ000839,312,18,2279,False,538.0,0,pass,
SZ000858,2613,653,2281,False,1002.0,0,pass,
SZ000860,1248,177,2281,False,891.0,0,pass,
SZ000869,1050,212,2281,False,967.0,0,pass,
SZ000875,3,0,2271,False,,0,pass,
SZ000876,825,0,2281,False,,0,pass,
SZ000877,1374,28,2268,False,2087.0,0,pass,
SZ000878,1320,1026,2262,False,2185.0,0,pass,
SZ000881,21,0,2273,False,,0,pass,
SZ000883,804,19,2281,False,1803.0,0,pass,
SZ000887,222,93,2202,False,2037.0,0,pass,
SZ000893,318,178,2263,False,2211.0,0,pass,
SZ000895,2538,481,2266,False,2240.0,0,pass,
SZ000898,741,69,2281,False,1142.0,0,pass,
SZ000902,252,26,2281,False,1147.0,0,pass,
SZ000910,39,0,2281,False,,0,pass,
SZ000921,1425,584,2281,False,1784.0,0,pass,
SZ000923,48,0,2273,False,,0,pass,
SZ000927,108,0,2213,False,,0,pass,
SZ000930,177,20,2142,False,1046.0,0,pass,
SZ000932,2568,723,2251,False,2083.0,0,pass,
SZ000933,1419,1069,2269,False,2217.0,0,pass,
SZ000935,87,36,2108,False,2095.0,0,pass,
SZ000937,339,140,2281,False,1150.0,0,pass,
SZ000938,2613,513,2246,False,2234.0,0,pass,
SZ000951,624,72,2281,False,2249.0,0,pass,
SZ000958,1068,389,2260,False,1879.0,0,pass,
SZ000959,1131,313,2249,False,2179.0,0,pass,
SZ000960,1161,1093,2281,False,2220.0,0,pass,
SZ000963,1101,32,2281,False,2095.0,0,pass,
SZ000966,159,3,2270,False,1058.0,0,pass,
SZ000968,48,0,2280,False,,0,pass,
SZ000970,51,16,2275,False,1327.0,0,pass,
SZ000975,2412,2176,2261,False,2184.0,0,pass,
SZ000977,2607,1734,2269,False,2114.0,0,pass,
SZ000980,36,0,2256,False,,0,pass,
SZ000981,156,84,2120,False,2032.0,0,pass,
SZ000983,2244,878,2271,False,1309.0,0,pass,
SZ000987,2319,1200,2255,False,2175.0,0,pass,
SZ000988,2193,2137,2281,False,2277.0,0,pass,
SZ000989,15,0,2279,False,,0,pass,
SZ000990,465,69,2281,False,856.0,0,pass,
SZ000997,702,334,2281,False,2070.0,0,pass,
SZ000998,1236,306,2261,False,1161.0,0,pass,
SZ000999,1188,40,2281,False,1883.0,0,pass,
SZ001203,21,10,1226,False,1198.0,0,pass,
SZ001213,45,0,1140,False,,0,pass,
SZ001227,48,0,1055,False,,0,pass,
SZ001286,702,17,759,False,758.0,0,pass,
SZ001289,1161,0,1050,False,,0,pass,
SZ001309,96,96,947,False,935.0,0,pass,
SZ001389,18,13,521,False,507.0,0,pass,
SZ001391,306,0,340,False,,0,pass,
SZ001696,114,0,2205,False,,0,pass,
SZ001872,771,10,1797,False,1398.0,0,pass,
SZ001914,639,67,2270,False,861.0,0,pass,
SZ001965,963,74,2042,False,1701.0,0,pass,
SZ001979,1653,149,2265,False,1866.0,0,pass,
SZ002001,2589,1569,2281,False,2228.0,0,pass,
SZ002007,1221,0,2281,False,,0,pass,
SZ002008,633,633,2281,False,2265.0,0,pass,
SZ002010,234,0,2267,False,,0,pass,
SZ002015,72,19,2162,False,2150.0,0,pass,
SZ002016,9,0,2277,False,,0,pass,
SZ002019,684,80,2281,False,874.0,0,pass,
SZ002024,1257,11,2262,False,855.0,0,pass,
SZ002025,864,82,2161,False,1095.0,0,pass,
SZ002027,2613,569,2281,False,2104.0,0,pass,
SZ002028,1197,1135,2281,False,2224.0,0,pass,
SZ002030,906,89,2281,False,872.0,0,pass,
SZ002032,687,0,2280,False,,0,pass,
SZ002038,270,16,2281,False,340.0,0,pass,
SZ002041,12,0,2281,False,,0,pass,
SZ002042,12,0,2281,False,,0,pass,
SZ002044,1254,108,2276,False,1000.0,0,pass,
SZ002049,1104,49,2155,False,2010.0,0,pass,
SZ002050,864,541,2243,False,2158.0,0,pass,
SZ002051,165,0,2162,False,,0,pass,
SZ002056,1110,509,2281,False,2279.0,0,pass,
SZ002064,2217,951,2266,False,2184.0,0,pass,
SZ002065,1392,386,2271,False,1963.0,0,pass,
SZ002074,654,266,2268,False,2100.0,0,pass,
SZ002075,813,156,1820,False,486.0,0,pass,
SZ002078,1326,164,2281,False,2217.0,0,pass,
SZ002080,2211,2106,2269,False,2265.0,0,pass,
SZ002081,495,27,2281,False,877.0,0,pass,
SZ002085,960,239,2233,False,1855.0,0,pass,
SZ002092,159,24,2260,False,1135.0,0,pass,
SZ002099,15,0,2281,False,,0,pass,
SZ002102,3,0,2215,False,,0,pass,
SZ002110,615,82,2181,False,1043.0,0,pass,
SZ002120,375,0,2281,False,,0,pass,
SZ002124,294,18,2267,False,869.0,0,pass,
SZ002126,24,3,2281,False,2274.0,0,pass,
SZ002127,1101,336,2276,False,850.0,0,pass,
SZ002128,1638,1107,2155,False,2102.0,0,pass,
SZ002129,1899,420,2044,False,1975.0,0,pass,
SZ002130,210,9,2258,False,2099.0,0,pass,
SZ002131,723,633,2278,False,2194.0,0,pass,
SZ002138,1143,644,2281,False,2280.0,0,pass,
SZ002139,12,0,2281,False,,0,pass,
SZ002142,2346,186,2275,False,2253.0,0,pass,
SZ002145,417,36,2281,False,1119.0,0,pass,
SZ002146,1185,0,2271,False,,0,pass,
SZ002152,2235,492,2281,False,1977.0,0,pass,
SZ002153,1794,448,2268,False,2183.0,0,pass,
SZ002155,96,42,2271,False,2211.0,0,pass,
SZ002156,2166,2071,2279,False,2276.0,0,pass,
SZ002157,111,0,2276,False,,0,pass,
SZ002176,561,75,2269,False,1332.0,0,pass,
SZ002179,930,3,2281,False,1882.0,0,pass,
SZ002180,726,6,2253,False,1854.0,0,pass,
SZ002183,54,0,2246,False,,0,pass,
SZ002185,2172,1041,2265,False,2263.0,0,pass,
SZ002191,48,16,2281,False,1223.0,0,pass,
SZ002192,453,17,2269,False,1323.0,0,pass,
SZ002195,768,565,2281,False,2193.0,0,pass,
SZ002202,2532,2437,2275,False,2186.0,0,pass,
SZ002210,48,0,2149,False,,0,pass,
SZ002216,441,36,2281,False,886.0,0,pass,
SZ002217,498,28,2238,False,733.0,0,pass,
SZ002221,252,68,2273,False,1139.0,0,pass,
SZ002223,2604,583,2281,False,2193.0,0,pass,
SZ002230,864,24,2281,False,2195.0,0,pass,
SZ002233,153,42,2281,False,876.0,0,pass,
SZ002236,654,0,2279,False,,0,pass,
SZ002239,3,0,2154,False,,0,pass,
SZ002240,321,75,2275,False,2257.0,0,pass,
SZ002241,831,270,2281,False,2126.0,0,pass,
SZ002242,936,142,2281,False,895.0,0,pass,
SZ002243,144,1,2270,False,845.0,0,pass,
SZ002244,930,122,2281,False,2125.0,0,pass,
SZ002245,147,5,2273,False,2270.0,0,pass,
SZ002250,630,36,2281,False,891.0,0,pass,
SZ002251,27,0,2252,False,,0,pass,
SZ002252,2376,61,1966,False,1577.0,0,pass,
SZ002261,507,52,2281,False,2102.0,0,pass,
SZ002262,63,2,2281,False,1555.0,0,pass,
SZ002265,117,3,2270,False,2068.0,0,pass,
SZ002266,837,193,2270,False,1139.0,0,pass,
SZ002268,531,22,2281,False,1519.0,0,pass,
SZ002271,882,115,2281,False,2220.0,0,pass,
SZ002273,684,473,2281,False,2279.0,0,pass,
SZ002281,777,777,2281,False,2266.0,0,pass,
SZ002292,60,0,2281,False,,0,pass,
SZ002294,2613,1863,2281,False,2243.0,0,pass,
SZ002299,153,0,2225,False,,0,pass,
SZ002302,306,11,2281,False,538.0,0,pass,
SZ002304,2613,666,2281,False,976.0,0,pass,
SZ002310,216,0,2208,False,,0,pass,
SZ002311,2076,131,2281,False,2115.0,0,pass,
SZ002312,42,0,2074,False,,0,pass,
SZ002317,6,0,2281,False,,0,pass,
SZ002320,87,58,2281,False,2146.0,0,pass,
SZ002326,288,12,2276,False,1168.0,0,pass,
SZ002335,45,0,2227,False,,0,pass,
SZ002340,654,102,2276,False,2196.0,0,pass,
SZ002351,102,1,2281,False,1540.0,0,pass,
SZ002352,864,13,2278,False,2050.0,0,pass,
SZ002353,2553,2553,2281,False,2263.0,0,pass,
SZ002358,78,0,2180,False,,0,pass,
SZ002366,12,0,2170,False,,0,pass,
SZ002368,27,1,2263,False,1486.0,0,pass,
SZ002371,813,555,2281,False,2274.0,0,pass,
SZ002372,1647,359,2281,False,1499.0,0,pass,
SZ002373,498,0,2210,False,,0,pass,
SZ002375,27,0,2281,False,,0,pass,
SZ002384,2508,2508,2211,False,2194.0,0,pass,
SZ002385,657,24,2276,False,1177.0,0,pass,
SZ002389,3,0,2276,False,,0,pass,
SZ002396,468,55,2246,False,733.0,0,pass,
SZ002399,1104,42,2172,False,766.0,0,pass,
SZ002400,33,0,2187,False,,0,pass,
SZ002402,162,13,2267,False,2107.0,0,pass,
SZ002405,240,0,2281,False,,0,pass,
SZ002407,291,61,2275,False,2268.0,0,pass,
SZ002409,1563,878,2143,False,2138.0,0,pass,
SZ002410,291,0,2281,False,,0,pass,
SZ002414,2382,992,2281,False,2201.0,0,pass,
SZ002415,1590,23,2279,False,1520.0,0,pass,
SZ002419,228,2,2281,False,342.0,0,pass,
SZ002422,813,16,2281,False,2105.0,0,pass,
SZ002423,699,359,2141,False,1759.0,0,pass,
SZ002424,171,0,2278,False,,0,pass,
SZ002429,960,814,2276,False,2264.0,0,pass,
SZ002434,15,8,2281,False,1190.0,0,pass,
SZ002436,126,53,2212,False,2211.0,0,pass,
SZ002439,1257,0,2275,False,,0,pass,
SZ002440,135,24,2274,False,2211.0,0,pass,
SZ002444,1617,206,2281,False,2197.0,0,pass,
SZ002456,546,0,2263,False,,0,pass,
SZ002458,273,8,2258,False,663.0,0,pass,
SZ002459,807,32,2209,False,2077.0,0,pass,
SZ002460,1104,623,2280,False,2262.0,0,pass,
SZ002461,867,122,2281,False,865.0,0,pass,
SZ002463,813,728,2281,False,2280.0,0,pass,
SZ002465,1545,1172,2275,False,2187.0,0,pass,
SZ002466,2277,1337,2256,False,2238.0,0,pass,
SZ002468,816,9,2281,False,2119.0,0,pass,
SZ002470,186,0,2197,False,,0,pass,
SZ002472,228,12,2281,False,2120.0,0,pass,
SZ002475,615,293,2280,False,2267.0,0,pass,
SZ002481,216,3,2281,False,854.0,0,pass,
SZ002487,171,96,2281,False,2260.0,0,pass,
SZ002491,63,40,2281,False,2268.0,0,pass,
SZ002493,2565,1046,2281,False,2221.0,0,pass,
SZ002497,723,106,2281,False,1145.0,0,pass,
SZ002498,63,39,2281,False,2269.0,0,pass,
SZ002500,1152,27,2276,False,851.0,0,pass,
SZ002506,255,42,2272,False,2218.0,0,pass,
SZ002507,1404,344,2204,False,817.0,0,pass,
SZ002508,1650,182,2281,False,1097.0,0,pass,
SZ002517,708,263,2245,False,2081.0,0,pass,
SZ002518,204,0,2281,False,,0,pass,
SZ002531,399,7,2275,False,1166.0,0,pass,
SZ002532,1914,1729,2198,False,2121.0,0,pass,
SZ002537,93,0,2281,False,,0,pass,
SZ002541,273,0,2281,False,,0,pass,
SZ002555,2367,783,2270,False,2181.0,0,pass,
SZ002557,84,0,2281,False,,0,pass,
SZ002558,1683,1419,2246,False,2162.0,0,pass,
SZ002563,1080,105,2281,False,1060.0,0,pass,
SZ002568,750,19,2281,False,1522.0,0,pass,
SZ002572,1104,319,2281,False,1002.0,0,pass,
SZ002581,3,0,2270,False,,0,pass,
SZ002583,150,79,2281,False,1899.0,0,pass,
SZ002585,297,2,2281,False,1203.0,0,pass,
SZ002589,60,0,2281,False,,0,pass,
SZ002594,2613,1212,2281,False,2034.0,0,pass,
SZ002595,1188,818,2281,False,2224.0,0,pass,
SZ002600,1326,949,2164,False,2075.0,0,pass,
SZ002601,1104,5,2241,False,2178.0,0,pass,
SZ002602,1377,1295,2175,False,2018.0,0,pass,
SZ002603,1776,1188,2281,False,1442.0,0,pass,
SZ002607,1728,434,2183,False,835.0,0,pass,
SZ002608,627,12,2271,False,2270.0,0,pass,
SZ002612,78,0,2280,False,,0,pass,
SZ002617,135,0,2149,False,,0,pass,
SZ002624,1791,365,2271,False,2202.0,0,pass,
SZ002625,2469,1793,2118,False,2028.0,0,pass,
SZ002626,393,10,2276,False,1056.0,0,pass,
SZ002640,3,0,2257,False,,0,pass,
SZ002643,48,0,2281,False,,0,pass,
SZ002647,336,73,2163,False,834.0,0,pass,
SZ002648,1188,404,2279,False,2247.0,0,pass,
SZ002653,951,343,2281,False,2091.0,0,pass,
SZ002668,15,0,2137,False,,0,pass,
SZ002670,987,458,2202,False,2046.0,0,pass,
SZ002672,9,0,2281,False,,0,pass,
SZ002673,2613,194,2275,False,1900.0,0,pass,
SZ002675,36,0,2122,False,,0,pass,
SZ002677,9,0,2281,False,,0,pass,
SZ002683,12,3,2271,False,2175.0,0,pass,
SZ002690,24,0,2281,False,,0,pass,
SZ002705,654,99,2281,False,987.0,0,pass,
SZ002706,192,0,2281,False,,0,pass,
SZ002709,813,726,2281,False,2263.0,0,pass,
SZ002714,477,45,2281,False,2114.0,0,pass,
SZ002736,2613,565,2271,False,2090.0,0,pass,
SZ002737,9,3,2281,False,1429.0,0,pass,
SZ002738,195,144,2164,False,2084.0,0,pass,
SZ002739,1791,39,1948,False,674.0,0,pass,
SZ002745,795,34,2199,False,774.0,0,pass,
SZ002747,168,0,2233,False,,0,pass,
SZ002755,204,80,2250,False,2052.0,0,pass,
SZ002756,840,256,2159,False,2140.0,0,pass,
SZ002761,99,0,2188,False,,0,pass,
SZ002773,417,4,2281,False,2092.0,0,pass,
SZ002791,1206,282,2281,False,1212.0,0,pass,
SZ002797,1947,375,2264,False,1887.0,0,pass,
SZ002812,378,271,2185,False,2167.0,0,pass,
SZ002821,759,127,2281,False,2267.0,0,pass,
SZ002831,1545,655,2281,False,2274.0,0,pass,
SZ002837,369,234,2205,False,2178.0,0,pass,
SZ002841,1092,8,2269,False,1027.0,0,pass,
SZ002850,540,162,2244,False,2237.0,0,pass,
SZ002851,348,192,2162,False,2159.0,0,pass,
SZ002865,117,1,2208,False,1348.0,0,pass,
SZ002867,261,44,2206,False,930.0,0,pass,
SZ002901,90,0,2103,False,,0,pass,
SZ002912,117,0,2066,False,,0,pass,
SZ002916,1416,1347,2048,False,2044.0,0,pass,
SZ002920,2448,1054,2041,False,1882.0,0,pass,
SZ002926,1197,29,2013,False,588.0,0,pass,
SZ002936,3,0,1861,False,,0,pass,
SZ002938,1170,1106,1862,False,1858.0,0,pass,
SZ002939,2553,382,1840,False,1654.0,0,pass,
SZ002945,2379,396,1783,False,1712.0,0,pass,
SZ002948,513,116,1778,False,1758.0,0,pass,
SZ002950,30,0,1751,False,,0,pass,
SZ002966,756,1,1652,False,1432.0,0,pass,
SZ002967,51,0,1588,False,,0,pass,
SZ002978,81,0,1481,False,,0,pass,
SZ002984,54,0,1381,False,,0,pass,
SZ002985,714,30,1473,False,313.0,0,pass,
SZ003012,60,0,1361,False,,0,pass,
SZ003021,84,0,1327,False,,0,pass,
SZ003022,738,185,1325,False,406.0,0,pass,
SZ003031,18,18,1297,False,1287.0,0,pass,
SZ003035,534,16,1296,False,1243.0,0,pass,
SZ003039,72,0,1262,False,,0,pass,
SZ003816,2040,592,1636,False,1191.0,0,pass,
SZ300001,2538,1030,2281,False,2279.0,0,pass,
SZ300002,1779,1000,2281,False,2122.0,0,pass,
SZ300003,1041,147,2281,False,2193.0,0,pass,
SZ300004,15,7,2206,False,2201.0,0,pass,
SZ300005,3,3,2259,False,2169.0,0,pass,
SZ300006,78,29,2281,False,1124.0,0,pass,
SZ300007,3,3,2281,False,1972.0,0,pass,
SZ300008,282,110,2259,False,2198.0,0,pass,
SZ300009,537,11,2281,False,2089.0,0,pass,
SZ300010,567,109,2214,False,1834.0,0,pass,
SZ300012,2229,332,2281,False,2254.0,0,pass,
SZ300013,33,0,2221,False,,0,pass,
SZ300014,3,0,2281,False,,0,pass,
SZ300015,822,26,2268,False,1869.0,0,pass,
SZ300017,792,588,2263,False,2197.0,0,pass,
SZ300020,414,30,2271,False,894.0,0,pass,
SZ300024,2385,801,2281,False,1927.0,0,pass,
SZ300026,1263,543,2278,False,1217.0,0,pass,
SZ300027,1116,136,2280,False,886.0,0,pass,
SZ300031,480,281,2271,False,1968.0,0,pass,
SZ300033,2454,1962,2281,False,2193.0,0,pass,
SZ300034,129,0,2202,False,,0,pass,
SZ300035,423,59,2281,False,1172.0,0,pass,
SZ300036,915,145,2281,False,1190.0,0,pass,
SZ300037,654,359,2281,False,2279.0,0,pass,
SZ300039,144,128,2281,False,1448.0,0,pass,
SZ300043,420,83,2281,False,2116.0,0,pass,
SZ300045,369,300,2271,False,2182.0,0,pass,
SZ300047,186,133,2272,False,2091.0,0,pass,
SZ300053,684,445,2263,False,2185.0,0,pass,
SZ300054,813,773,2273,False,2265.0,0,pass,
SZ300055,276,139,2281,False,1146.0,0,pass,
SZ300058,1908,1908,2281,False,2204.0,0,pass,
SZ300059,1923,461,2281,False,1905.0,0,pass,
SZ300066,81,48,2281,False,2099.0,0,pass,
SZ300068,300,28,2214,False,1313.0,0,pass,
SZ300070,1998,58,2272,False,1896.0,0,pass,
SZ300072,1365,253,2261,False,1188.0,0,pass,
SZ300073,2421,1186,2259,False,2104.0,0,pass,
SZ300077,195,30,2261,False,1879.0,0,pass,
SZ300079,621,324,2281,False,1144.0,0,pass,
SZ300080,9,0,2166,False,,0,pass,
SZ300081,72,25,2267,False,1196.0,0,pass,
SZ300082,24,5,2275,False,1139.0,0,pass,
SZ300083,120,0,2261,False,,0,pass,
SZ300085,1665,1178,2207,False,2042.0,0,pass,
SZ300087,498,74,2206,False,1045.0,0,pass,
SZ300088,726,126,2119,False,1049.0,0,pass,
SZ300094,129,35,2281,False,1226.0,0,pass,
SZ300096,204,1,2271,False,537.0,0,pass,
SZ300097,84,0,2253,False,,0,pass,
SZ300098,816,35,2255,False,1897.0,0,pass,
SZ300099,24,0,2281,False,,0,pass,
SZ300100,300,0,2132,False,,0,pass,
SZ300101,756,424,2281,False,2191.0,0,pass,
SZ300110,114,15,2266,False,883.0,0,pass,
SZ300113,1029,322,2281,False,2226.0,0,pass,
SZ300115,549,308,2271,False,2174.0,0,pass,
SZ300118,1746,956,2197,False,2124.0,0,pass,
SZ300122,2562,730,2281,False,1882.0,0,pass,
SZ300123,1122,525,2249,False,1079.0,0,pass,
SZ300124,369,0,2270,False,,0,pass,
SZ300125,3,2,2278,False,1362.0,0,pass,
SZ300127,183,171,2271,False,2119.0,0,pass,
SZ300128,108,36,2222,False,2080.0,0,pass,
SZ300130,21,0,2267,False,,0,pass,
SZ300131,516,501,2172,False,2163.0,0,pass,
SZ300132,906,149,2258,False,1027.0,0,pass,
SZ300133,1002,250,2281,False,2212.0,0,pass,
SZ300134,846,58,2072,False,1682.0,0,pass,
SZ300136,2508,2445,2281,False,2276.0,0,pass,
SZ300137,231,139,2277,False,2269.0,0,pass,
SZ300138,159,0,2281,False,,0,pass,
SZ300140,222,0,2131,False,,0,pass,
SZ300142,840,1,2279,False,1882.0,0,pass,
SZ300143,681,92,2212,False,1007.0,0,pass,
SZ300144,672,0,2281,False,,0,pass,
SZ300145,225,60,2178,False,1990.0,0,pass,
SZ300146,1623,98,2161,False,946.0,0,pass,
SZ300147,183,88,2279,False,1898.0,0,pass,
SZ300149,612,78,2038,False,651.0,0,pass,
SZ300158,129,128,2281,False,1276.0,0,pass,
SZ300159,300,48,2198,False,1048.0,0,pass,
SZ300160,3,0,2277,False,,0,pass,
SZ300166,1020,371,2281,False,2273.0,0,pass,
SZ300168,984,13,2229,False,835.0,0,pass,
SZ300170,45,15,2281,False,2192.0,0,pass,
SZ300171,1350,689,2281,False,1128.0,0,pass,
SZ300176,114,20,2263,False,540.0,0,pass,
SZ300177,264,84,2223,False,1872.0,0,pass,
SZ300180,834,141,2275,False,1885.0,0,pass,
SZ300181,57,57,2281,False,2048.0,0,pass,
SZ300182,1107,540,2276,False,2208.0,0,pass,
SZ300183,729,341,2281,False,1118.0,0,pass,
SZ300184,423,359,2279,False,2278.0,0,pass,
SZ300188,255,67,2277,False,1521.0,0,pass,
SZ300189,3,2,2238,False,2162.0,0,pass,
SZ300191,399,362,2281,False,2222.0,0,pass,
SZ300194,336,12,2281,False,793.0,0,pass,
SZ300195,27,0,2278,False,,0,pass,
SZ300196,24,0,2281,False,,0,pass,
SZ300197,33,0,2084,False,,0,pass,
SZ300198,72,7,2064,False,672.0,0,pass,
SZ300199,309,272,2281,False,2096.0,0,pass,
SZ300203,663,370,2281,False,1408.0,0,pass,
SZ300204,108,6,2281,False,2095.0,0,pass,
SZ300205,150,52,2279,False,1267.0,0,pass,
SZ300206,591,54,2281,False,855.0,0,pass,
SZ300207,1140,438,2268,False,2128.0,0,pass,
SZ300209,18,12,2116,False,2110.0,0,pass,
SZ300212,960,194,2204,False,1807.0,0,pass,
SZ300215,108,41,2281,False,1150.0,0,pass,
SZ300219,153,89,2266,False,1174.0,0,pass,
SZ300220,36,0,2279,False,,0,pass,
SZ300222,213,54,2234,False,2230.0,0,pass,
SZ300223,1749,1129,2200,False,2197.0,0,pass,
SZ300225,168,5,2143,False,907.0,0,pass,
SZ300226,933,17,2281,False,1523.0,0,pass,
SZ300229,180,4,2203,False,2115.0,0,pass,
SZ300230,63,3,2281,False,764.0,0,pass,
SZ300232,102,0,2281,False,,0,pass,
SZ300233,438,84,2276,False,1267.0,0,pass,
SZ300236,1026,743,2281,False,2276.0,0,pass,
SZ300237,183,0,2245,False,,0,pass,
SZ300238,159,42,2173,False,757.0,0,pass,
SZ300242,12,0,2266,False,,0,pass,
SZ300244,1644,409,2278,False,986.0,0,pass,
SZ300245,21,14,2275,False,1972.0,0,pass,
SZ300247,18,0,2261,False,,0,pass,
SZ300248,3,2,2281,False,899.0,0,pass,
SZ300251,2529,2224,2281,False,2213.0,0,pass,
SZ300252,75,25,2219,False,2129.0,0,pass,
SZ300253,291,88,2266,False,2178.0,0,pass,
SZ300255,435,249,2280,False,2142.0,0,pass,
SZ300256,96,18,2262,False,878.0,0,pass,
SZ300257,885,776,2281,False,2268.0,0,pass,
SZ300259,81,36,2281,False,2275.0,0,pass,
SZ300260,144,52,2207,False,2055.0,0,pass,
SZ300261,132,111,2261,False,1208.0,0,pass,
SZ300266,126,2,2096,False,718.0,0,pass,
SZ300267,873,71,2147,False,764.0,0,pass,
SZ300271,309,0,2207,False,,0,pass,
SZ300274,819,654,2281,False,2146.0,0,pass,
SZ300276,225,214,2216,False,1908.0,0,pass,
SZ300284,399,204,2276,False,1887.0,0,pass,
SZ300285,1935,835,2217,False,2216.0,0,pass,
SZ300287,426,173,2281,False,1972.0,0,pass,
SZ300288,192,42,2281,False,1562.0,0,pass,
SZ300292,477,96,2222,False,736.0,0,pass,
SZ300293,6,0,2281,False,,0,pass,
SZ300294,1776,313,2253,False,1088.0,0,pass,
SZ300296,753,83,2281,False,2229.0,0,pass,
SZ300298,681,8,2231,False,1362.0,0,pass,
SZ300299,69,45,2253,False,837.0,0,pass,
SZ300300,405,141,2266,False,2153.0,0,pass,
SZ300307,63,21,2256,False,1963.0,0,pass,
SZ300308,912,900,2276,False,2274.0,0,pass,
SZ300310,246,78,2269,False,1903.0,0,pass,
SZ300311,300,42,2280,False,1105.0,0,pass,
SZ300313,3,0,2178,False,,0,pass,
SZ300315,1200,390,2182,False,1475.0,0,pass,
SZ300316,1950,855,2281,False,2208.0,0,pass,
SZ300317,144,50,2185,False,820.0,0,pass,
SZ300318,183,8,2281,False,1117.0,0,pass,
SZ300320,3,2,2200,False,1133.0,0,pass,
SZ300322,504,259,2169,False,2168.0,0,pass,
SZ300323,384,152,2263,False,2256.0,0,pass,
SZ300324,339,19,2152,False,1976.0,0,pass,
SZ300326,966,313,2267,False,847.0,0,pass,
SZ300327,285,0,2280,False,,0,pass,
SZ300328,444,282,2271,False,2099.0,0,pass,
SZ300331,111,59,2281,False,2273.0,0,pass,
SZ300334,27,0,2244,False,,0,pass,
SZ300339,2073,1520,2261,False,2080.0,0,pass,
SZ300341,72,55,2260,False,1876.0,0,pass,
SZ300342,201,201,2281,False,2254.0,0,pass,
SZ300343,180,0,2161,False,,0,pass,
SZ300346,633,324,2273,False,2187.0,0,pass,
SZ300347,1488,42,2276,False,2075.0,0,pass,
SZ300352,930,171,2280,False,762.0,0,pass,
SZ300353,273,160,2256,False,2100.0,0,pass,
SZ300355,264,103,2281,False,1904.0,0,pass,
SZ300357,1779,551,2281,False,990.0,0,pass,
SZ300359,33,6,2252,False,868.0,0,pass,
SZ300363,201,0,2255,False,,0,pass,
SZ300364,300,83,2135,False,2067.0,0,pass,
SZ300365,465,8,2281,False,532.0,0,pass,
SZ300366,150,65,2280,False,1649.0,0,pass,
SZ300368,81,49,2253,False,866.0,0,pass,
SZ300369,567,112,2266,False,1100.0,0,pass,
SZ300370,15,0,2277,False,,0,pass,
SZ300373,2112,1670,2271,False,2269.0,0,pass,
SZ300374,42,14,2269,False,1896.0,0,pass,
SZ300376,1173,485,2176,False,1019.0,0,pass,
SZ300377,114,0,2281,False,,0,pass,
SZ300383,2301,699,2178,False,2147.0,0,pass,
SZ300384,51,13,2189,False,1037.0,0,pass,
SZ300386,753,292,2281,False,891.0,0,pass,
SZ300390,723,690,2273,False,2255.0,0,pass,
SZ300393,444,73,2276,False,1254.0,0,pass,
SZ300394,726,726,2269,False,2268.0,0,pass,
SZ300395,1044,945,2281,False,2276.0,0,pass,
SZ300397,663,163,2271,False,888.0,0,pass,
SZ300408,2433,2432,2271,False,2269.0,0,pass,
SZ300411,54,21,2197,False,1812.0,0,pass,
SZ300413,2583,621,2114,False,1956.0,0,pass,
SZ300418,1041,568,2276,False,2187.0,0,pass,
SZ300423,3,0,2156,False,,0,pass,
SZ300432,726,477,2281,False,2262.0,0,pass,
SZ300433,789,382,2281,False,2191.0,0,pass,
SZ300436,33,33,2271,False,2072.0,0,pass,
SZ300438,357,42,2274,False,2266.0,0,pass,
SZ300441,57,1,2206,False,775.0,0,pass,
SZ300442,951,752,2265,False,2254.0,0,pass,
SZ300443,282,84,2276,False,1171.0,0,pass,
SZ300444,9,5,2174,False,2116.0,0,pass,
SZ300448,162,2,2278,False,743.0,0,pass,
SZ300450,1128,719,2254,False,2095.0,0,pass,
SZ300451,459,17,2268,False,1513.0,0,pass,
SZ300454,720,453,1950,False,1872.0,0,pass,
SZ300455,519,492,2148,False,2058.0,0,pass,
SZ300456,579,517,2276,False,2169.0,0,pass,
SZ300457,396,38,2265,False,2108.0,0,pass,
SZ300458,606,67,2281,False,2104.0,0,pass,
SZ300459,1599,1050,2207,False,1855.0,0,pass,
SZ300463,600,0,2280,False,,0,pass,
SZ300465,111,82,2255,False,2079.0,0,pass,
SZ300466,60,0,2150,False,,0,pass,
SZ300467,159,47,2165,False,2151.0,0,pass,
SZ300468,72,6,2280,False,2048.0,0,pass,
SZ300470,258,61,2281,False,1002.0,0,pass,
SZ300474,960,124,2274,False,1929.0,0,pass,
SZ300475,192,192,2252,False,2109.0,0,pass,
SZ300476,1107,980,2276,False,2273.0,0,pass,
SZ300477,123,28,2249,False,1088.0,0,pass,
SZ300485,312,91,2281,False,840.0,0,pass,
SZ300487,831,186,2272,False,2220.0,0,pass,
SZ300492,69,6,2084,False,1994.0,0,pass,
SZ300493,33,33,2277,False,1926.0,0,pass,
SZ300496,1056,123,2278,False,2189.0,0,pass,
SZ300497,240,46,2281,False,1229.0,0,pass,
SZ300498,750,0,2281,False,,0,pass,
SZ300502,720,677,2281,False,2279.0,0,pass,
SZ300506,102,0,2256,False,,0,pass,
SZ300510,270,27,2069,False,910.0,0,pass,
SZ300513,9,0,2227,False,,0,pass,
SZ300516,57,57,2281,False,2186.0,0,pass,
SZ300523,651,43,2196,False,656.0,0,pass,
SZ300528,30,23,2281,False,2115.0,0,pass,
SZ300529,930,53,2281,False,1882.0,0,pass,
SZ300548,213,210,2277,False,2253.0,0,pass,
SZ300552,96,0,2281,False,,0,pass,
SZ300558,1692,190,2281,False,2105.0,0,pass,
SZ300559,639,53,2281,False,855.0,0,pass,
SZ300567,93,93,2281,False,2273.0,0,pass,
SZ300568,81,25,2281,False,2156.0,0,pass,
SZ300570,786,605,2281,False,2267.0,0,pass,
SZ300571,267,7,2276,False,2267.0,0,pass,
SZ300572,609,84,2276,False,874.0,0,pass,
SZ300573,186,21,2281,False,1882.0,0,pass,
SZ300579,615,186,2281,False,887.0,0,pass,
SZ300581,33,2,2281,False,1103.0,0,pass,
SZ300583,12,0,2278,False,,0,pass,
SZ300584,12,8,2274,False,1257.0,0,pass,
SZ300587,24,0,2279,False,,0,pass,
SZ300593,213,6,2232,False,2229.0,0,pass,
SZ300595,543,2,2271,False,1872.0,0,pass,
SZ300596,321,110,2259,False,1388.0,0,pass,
SZ300597,60,0,2262,False,,0,pass,
SZ300598,195,29,2263,False,1061.0,0,pass,
SZ300601,396,1,2261,False,1862.0,0,pass,
SZ300602,99,85,2264,False,2260.0,0,pass,
SZ300604,1083,1083,2203,False,2195.0,0,pass,
SZ300607,3,0,2247,False,,0,pass,
SZ300612,21,7,2084,False,675.0,0,pass,
SZ300616,702,51,2241,False,1049.0,0,pass,
SZ300617,48,0,2246,False,,0,pass,
SZ300618,972,159,2240,False,1058.0,0,pass,
SZ300620,81,81,2228,False,2216.0,0,pass,
SZ300623,567,1,2236,False,1846.0,0,pass,
SZ300624,6,2,2015,False,1927.0,0,pass,
SZ300625,12,0,2233,False,,0,pass,
SZ300627,654,124,2231,False,2141.0,0,pass,
SZ300628,1170,59,2233,False,1834.0,0,pass,
SZ300633,1575,704,2221,False,1503.0,0,pass,
SZ300634,669,147,1984,False,1896.0,0,pass,
SZ300638,303,0,2209,False,,0,pass,
SZ300639,357,0,2217,False,,0,pass,
SZ300641,3,3,2208,False,1711.0,0,pass,
SZ300648,3,3,2208,False,1048.0,0,pass,
SZ300649,60,0,2196,False,,0,pass,
SZ300653,339,79,2194,False,1312.0,0,pass,
SZ300660,195,8,2173,False,2008.0,0,pass,
SZ300661,609,201,2171,False,2168.0,0,pass,
SZ300662,525,7,2131,False,744.0,0,pass,
SZ300666,363,341,2153,False,2146.0,0,pass,
SZ300671,354,93,2160,False,989.0,0,pass,
SZ300672,789,753,2132,False,2129.0,0,pass,
SZ300674,75,0,1832,False,,0,pass,
SZ300675,60,0,2150,False,,0,pass,
SZ300676,1950,211,2143,False,1845.0,0,pass,
SZ300677,201,73,2148,False,2112.0,0,pass,
SZ300679,1449,630,2132,False,1814.0,0,pass,
SZ300682,432,6,2090,False,1914.0,0,pass,
SZ300683,54,16,2078,False,572.0,0,pass,
SZ300685,345,0,2140,False,,0,pass,
SZ300688,9,1,2113,False,1408.0,0,pass,
SZ300694,126,1,1849,False,124.0,0,pass,
SZ300695,45,30,2113,False,1927.0,0,pass,
SZ300696,123,1,2126,False,1027.0,0,pass,
SZ300697,36,36,2110,False,2033.0,0,pass,
SZ300698,15,8,2119,False,1894.0,0,pass,
SZ300699,2595,706,2118,False,2028.0,0,pass,
SZ300702,765,58,2106,False,981.0,0,pass,
SZ300712,39,12,2081,False,920.0,0,pass,
SZ300718,396,28,2077,False,1882.0,0,pass,
SZ300722,93,15,2071,False,1865.0,0,pass,
SZ300723,261,19,2069,False,1862.0,0,pass,
SZ300724,924,416,1889,False,1816.0,0,pass,
SZ300726,1704,890,2066,False,2061.0,0,pass,
SZ300735,525,175,2038,False,1664.0,0,pass,
SZ300738,150,5,2024,False,2013.0,0,pass,
SZ300741,1122,458,2000,False,911.0,0,pass,
SZ300746,84,0,1926,False,,0,pass,
SZ300747,330,14,1923,False,1922.0,0,pass,
SZ300748,1086,698,1859,False,1706.0,0,pass,
SZ300749,24,10,1843,False,1790.0,0,pass,
SZ300750,123,0,1932,False,,0,pass,
SZ300751,903,754,1830,False,1750.0,0,pass,
SZ300755,1275,485,1775,False,707.0,0,pass,
SZ300757,555,545,1770,False,1769.0,0,pass,
SZ300759,1521,94,1776,False,1612.0,0,pass,
SZ300760,2553,501,1848,False,659.0,0,pass,
SZ300761,1515,53,1766,False,1367.0,0,pass,
SZ300762,912,912,1748,False,1658.0,0,pass,
SZ300763,1050,354,1745,False,1698.0,0,pass,
SZ300765,1380,825,1722,False,1645.0,0,pass,
SZ300766,627,342,1741,False,1431.0,0,pass,
SZ300767,30,0,1737,False,,0,pass,
SZ300768,990,51,1728,False,367.0,0,pass,
SZ300769,375,0,1727,False,,0,pass,
SZ300770,1038,166,1723,False,298.0,0,pass,
SZ300771,228,1,1722,False,198.0,0,pass,
SZ300773,1302,112,1719,False,1495.0,0,pass,
SZ300775,33,8,1704,False,1632.0,0,pass,
SZ300776,117,108,1706,False,1703.0,0,pass,
SZ300777,1536,310,1707,False,616.0,0,pass,
SZ300779,294,4,1703,False,1490.0,0,pass,
SZ300782,1575,285,1685,False,1673.0,0,pass,
SZ300783,1089,34,1667,False,432.0,0,pass,
SZ300788,366,0,1672,False,,0,pass,
SZ300792,222,0,1613,False,,0,pass,
SZ300803,915,710,1582,False,1417.0,0,pass,
SZ300805,297,69,1579,False,222.0,0,pass,
SZ300811,18,6,1552,False,1547.0,0,pass,
SZ300815,594,3,1535,False,1345.0,0,pass,
SZ300816,18,0,1529,False,,0,pass,
SZ300821,900,571,1506,False,361.0,0,pass,
SZ300827,3,0,1471,False,,0,pass,
SZ300832,1857,373,1467,False,1068.0,0,pass,
SZ300841,666,41,1437,False,384.0,0,pass,
SZ300855,249,85,1417,False,1355.0,0,pass,
SZ300856,18,0,1418,False,,0,pass,
SZ300857,600,594,1415,False,1403.0,0,pass,
SZ300860,189,25,1395,False,340.0,0,pass,
SZ300861,951,102,1395,False,458.0,0,pass,
SZ300866,1185,548,1395,False,1208.0,0,pass,
SZ300867,111,0,1395,False,,0,pass,
SZ300869,549,0,1395,False,,0,pass,
SZ300870,33,21,1395,False,1382.0,0,pass,
SZ300888,1488,74,1377,False,1116.0,0,pass,
SZ300896,1620,46,1370,False,971.0,0,pass,
SZ300910,9,0,1332,False,,0,pass,
SZ300919,816,281,1314,False,1297.0,0,pass,
SZ300953,168,56,1259,False,1252.0,0,pass,
SZ300957,1044,1,1254,False,855.0,0,pass,
SZ300972,363,31,1238,False,1160.0,0,pass,
SZ300973,306,0,1240,False,,0,pass,
SZ300979,1422,85,1233,False,834.0,0,pass,
SZ300981,135,0,1232,False,,0,pass,
SZ300999,1596,1,1363,False,964.0,0,pass,
SZ301015,321,47,1190,False,582.0,0,pass,
SZ301029,549,1,1173,False,1009.0,0,pass,
SZ301035,591,88,1170,False,1149.0,0,pass,
SZ301039,702,78,1182,False,500.0,0,pass,
SZ301047,201,0,1157,False,,0,pass,
SZ301050,84,0,1151,False,,0,pass,
SZ301060,45,0,1137,False,,0,pass,
SZ301061,36,0,1137,False,,0,pass,
SZ301069,108,0,1129,False,,0,pass,
SZ301071,297,12,1130,False,214.0,0,pass,
SZ301078,15,0,1121,False,,0,pass,
SZ301080,18,0,1119,False,,0,pass,
SZ301089,45,0,1107,False,,0,pass,
SZ301090,138,0,1113,False,,0,pass,
SZ301091,129,0,1110,False,,0,pass,
SZ301095,252,0,922,False,,0,pass,
SZ301155,288,0,1092,False,,0,pass,
SZ301165,840,567,852,False,840.0,0,pass,
SZ301177,321,0,1077,False,,0,pass,
SZ301200,378,375,1030,False,1027.0,0,pass,
SZ301205,9,8,896,False,884.0,0,pass,
SZ301207,390,0,1036,False,,0,pass,
SZ301217,126,126,1047,False,1034.0,0,pass,
SZ301219,207,46,1017,False,1001.0,0,pass,
SZ301236,1065,375,1019,False,702.0,0,pass,
SZ301238,222,1,957,False,956.0,0,pass,
SZ301239,3,0,945,False,,0,pass,
SZ301267,363,1,862,False,463.0,0,pass,
SZ301268,153,0,1004,False,,0,pass,
SZ301269,969,133,917,False,553.0,0,pass,
SZ301275,189,9,296,False,209.0,0,pass,
SZ301297,231,10,813,False,802.0,0,pass,
SZ301301,828,82,826,False,326.0,0,pass,
SZ301308,939,939,922,False,900.0,0,pass,
SZ301316,33,0,869,False,,0,pass,
SZ301327,111,0,892,False,,0,pass,
SZ301345,81,0,772,False,,0,pass,
SZ301358,771,686,800,False,782.0,0,pass,
SZ301363,108,2,880,False,788.0,0,pass,
SZ301367,18,0,866,False,,0,pass,
SZ301371,39,0,683,False,,0,pass,
SZ301377,111,111,851,False,845.0,0,pass,
SZ301487,75,0,677,False,,0,pass,
SZ301498,804,197,672,False,422.0,0,pass,
SZ301510,24,0,673,False,,0,pass,
SZ301511,15,15,671,False,653.0,0,pass,
SZ301526,177,177,584,False,566.0,0,pass,
SZ301536,510,141,524,False,517.0,0,pass,
SZ301551,192,0,402,False,,0,pass,
SZ301589,27,1,553,False,154.0,0,pass,
SZ301606,276,40,444,False,389.0,0,pass,
SZ301611,522,458,429,False,343.0,0,pass,
