policy_id,return_path,compound_return,terminal_gain,max_drawdown,event_compound_return,event_mean_return,event_positive_rate,non_event_compound_return,non_event_mean_return,non_event_positive_rate,mean_planned_turnover_transition20,mean_realized_turnover_transition20,mean_invested_weight,minimum_label_month_average_invested_weight,maximum_single_instrument_weight,maximum_actual_holding_n,run_id,contract_version
C_D8_ONLY_XD8_R100_CNONE,gross_shadow,0.5658237,0.5658237,-0.094255554471,0.156477903083,0.0297646705492,1,0.353959030108,0.0208539543378,0.625,0.811823785218,0.807363776726,0.961048517041,0.621800166618,0.0445537646233,45,20B_P4_top_region_hysteresis_partial_rebalance_turnover_control_v0,20B_P4_TURNCTL_v0
C_D8_ONLY_XD8_R100_CNONE,reference_net,0.523785362337,0.523785362337,-0.102045957255,0.150136323629,0.0286428192831,1,0.324873696302,0.0194925208635,0.625,0.811823785218,0.807363776726,0.974927705624,0.623992313421,0.0455180175826,45,20B_P4_top_region_hysteresis_partial_rebalance_turnover_control_v0,20B_P4_TURNCTL_v0
C_D9D10_EQUAL_XD8_R100_CNONE,gross_shadow,0.3562077,0.3562077,-0.102440973756,0.0109512413689,0.00271933803371,0.4,0.341516429777,0.0198469313946,0.6875,0.385333603405,0.377205344907,0.972791276423,0.828831370885,0.0266615775612,89,20B_P4_top_region_hysteresis_partial_rebalance_turnover_control_v0,20B_P4_TURNCTL_v0
C_D9D10_EQUAL_XD8_R100_CNONE,reference_net,0.337291792625,0.337291792625,-0.106198231216,0.0074829946425,0.00203830162618,0.4,0.327359171059,0.0191807775894,0.6875,0.385333603405,0.377205344907,0.979818068639,0.830712621059,0.026963234964,89,20B_P4_top_region_hysteresis_partial_rebalance_turnover_control_v0,20B_P4_TURNCTL_v0
C_MIX303040_XD8_R100_CNONE,gross_shadow,0.3908348,0.3908348,-0.100259850756,0.0370804399799,0.0077629131423,0.4,0.34110599948,0.0198840470292,0.6875,0.346872322313,0.335596602016,0.970693785647,0.842440062132,0.0159290970088,134,20B_P4_top_region_hysteresis_partial_rebalance_turnover_control_v0,20B_P4_TURNCTL_v0
C_MIX303040_XD8_R100_CNONE,reference_net,0.373516408159,0.373516408159,-0.103676756963,0.0341117770781,0.00719167960181,0.4,0.328208844154,0.0192780738045,0.6875,0.346872322313,0.335596602016,0.976943948862,0.844208696799,0.0160873861311,134,20B_P4_top_region_hysteresis_partial_rebalance_turnover_control_v0,20B_P4_TURNCTL_v0
F_MIX333_XD6_R025_C020,gross_shadow,0.202152,0.202152,-0.0999759904418,-0.0359941432186,-0.00700304369064,0.4,0.247038066775,0.0147140200576,0.6875,0.0861111926116,0.040554984833,0.784113711642,0.640705870374,0.0135257383091,134,20B_P4_top_region_hysteresis_partial_rebalance_turnover_control_v0,20B_P4_TURNCTL_v0
F_MIX333_XD6_R025_C020,reference_net,0.199099657473,0.199099657473,-0.100588050111,-0.0364783681727,-0.00710207407507,0.4,0.244496872581,0.0145880836253,0.6875,0.0861111926116,0.040554984833,0.785321010683,0.642344377639,0.0135554479463,134,20B_P4_top_region_hysteresis_partial_rebalance_turnover_control_v0,20B_P4_TURNCTL_v0
F_MIX333_XD6_R025_C030,gross_shadow,0.202152,0.202152,-0.0999759904418,-0.0359941432186,-0.00700304369064,0.4,0.247038066775,0.0147140200576,0.6875,0.0861111926116,0.040554984833,0.784113711642,0.640705870374,0.0135257383091,134,20B_P4_top_region_hysteresis_partial_rebalance_turnover_control_v0,20B_P4_TURNCTL_v0
F_MIX333_XD6_R025_C030,reference_net,0.199099657473,0.199099657473,-0.100588050111,-0.0364783681727,-0.00710207407507,0.4,0.244496872581,0.0145880836253,0.6875,0.0861111926116,0.040554984833,0.785321010683,0.642344377639,0.0135554479463,134,20B_P4_top_region_hysteresis_partial_rebalance_turnover_control_v0,20B_P4_TURNCTL_v0
F_MIX333_XD6_R025_C040,gross_shadow,0.202152,0.202152,-0.0999759904418,-0.0359941432186,-0.00700304369064,0.4,0.247038066775,0.0147140200576,0.6875,0.0861111926116,0.040554984833,0.784113711642,0.640705870374,0.0135257383091,134,20B_P4_top_region_hysteresis_partial_rebalance_turnover_control_v0,20B_P4_TURNCTL_v0
F_MIX333_XD6_R025_C040,reference_net,0.199099657473,0.199099657473,-0.100588050111,-0.0364783681727,-0.00710207407507,0.4,0.244496872581,0.0145880836253,0.6875,0.0861111926116,0.040554984833,0.785321010683,0.642344377639,0.0135554479463,134,20B_P4_top_region_hysteresis_partial_rebalance_turnover_control_v0,20B_P4_TURNCTL_v0
F_MIX333_XD6_R025_CNONE,gross_shadow,0.202152,0.202152,-0.0999759904418,-0.0359941432186,-0.00700304369064,0.4,0.247038066775,0.0147140200576,0.6875,0.0861111926116,0.040554984833,0.784113711642,0.640705870374,0.0135257383091,134,20B_P4_top_region_hysteresis_partial_rebalance_turnover_control_v0,20B_P4_TURNCTL_v0
F_MIX333_XD6_R025_CNONE,reference_net,0.199099657473,0.199099657473,-0.100588050111,-0.0364783681727,-0.00710207407507,0.4,0.244496872581,0.0145880836253,0.6875,0.0861111926116,0.040554984833,0.785321010683,0.642344377639,0.0135554479463,134,20B_P4_top_region_hysteresis_partial_rebalance_turnover_control_v0,20B_P4_TURNCTL_v0
F_MIX333_XD6_R050_C020,gross_shadow,0.2144186,0.2144186,-0.0967137526098,-0.0323560808022,-0.00624564928691,0.4,0.255026333454,0.0151032337595,0.6875,0.152313889663,0.0678704672189,0.798995136809,0.6603093202,0.0125882363627,134,20B_P4_top_region_hysteresis_partial_rebalance_turnover_control_v0,20B_P4_TURNCTL_v0
F_MIX333_XD6_R050_C020,reference_net,0.210236178922,0.210236178922,-0.097572050168,-0.0330976913629,-0.00639693222063,0.4,0.251663346039,0.0149364067648,0.6875,0.152313889663,0.0678704672189,0.800570350594,0.662608057201,0.0126256941183,134,20B_P4_top_region_hysteresis_partial_rebalance_turnover_control_v0,20B_P4_TURNCTL_v0
F_MIX333_XD6_R050_C030,gross_shadow,0.2157512,0.2157512,-0.0967137526098,-0.031513694959,-0.00606900648952,0.4,0.255310677778,0.0151178518917,0.6875,0.159109001795,0.0703831712727,0.799446003824,0.665781152442,0.0125839410489,134,20B_P4_top_region_hysteresis_partial_rebalance_turnover_control_v0,20B_P4_TURNCTL_v0
F_MIX333_XD6_R050_C030,reference_net,0.211452788407,0.211452788407,-0.097572050168,-0.032299128198,-0.00622937155411,0.4,0.251887668708,0.0149480426742,0.6875,0.159109001795,0.0703831712727,0.801029233276,0.668161208215,0.0126215397142,134,20B_P4_top_region_hysteresis_partial_rebalance_turnover_control_v0,20B_P4_TURNCTL_v0
F_MIX333_XD6_R050_C040,gross_shadow,0.2157512,0.2157512,-0.0967137526098,-0.031513694959,-0.00606900648952,0.4,0.255310677778,0.0151178518917,0.6875,0.159109001795,0.0703831712727,0.799446003824,0.665781152442,0.0125839410489,134,20B_P4_top_region_hysteresis_partial_rebalance_turnover_control_v0,20B_P4_TURNCTL_v0
F_MIX333_XD6_R050_C040,reference_net,0.211452788407,0.211452788407,-0.097572050168,-0.032299128198,-0.00622937155411,0.4,0.251887668708,0.0149480426742,0.6875,0.159109001795,0.0703831712727,0.801029233276,0.668161208215,0.0126215397142,134,20B_P4_top_region_hysteresis_partial_rebalance_turnover_control_v0,20B_P4_TURNCTL_v0
F_MIX333_XD6_R050_CNONE,gross_shadow,0.2157512,0.2157512,-0.0967137526098,-0.031513694959,-0.00606900648952,0.4,0.255310677778,0.0151178518917,0.6875,0.159109001795,0.0703831712727,0.799446003824,0.665781152442,0.0125839410489,134,20B_P4_top_region_hysteresis_partial_rebalance_turnover_control_v0,20B_P4_TURNCTL_v0
F_MIX333_XD6_R050_CNONE,reference_net,0.211452788407,0.211452788407,-0.097572050168,-0.032299128198,-0.00622937155411,0.4,0.251887668708,0.0149480426742,0.6875,0.159109001795,0.0703831712727,0.801029233276,0.668161208215,0.0126215397142,134,20B_P4_top_region_hysteresis_partial_rebalance_turnover_control_v0,20B_P4_TURNCTL_v0
F_MIX333_XD6_R100_C020,gross_shadow,0.2582933,0.2582933,-0.117707652062,-0.0268524263361,-0.00496525282537,0.4,0.293013859411,0.0172112174208,0.6875,0.15477145248,0.12362161511,0.920788323749,0.715274243273,0.0128414199478,134,20B_P4_top_region_hysteresis_partial_rebalance_turnover_control_v0,20B_P4_TURNCTL_v0
F_MIX333_XD6_R100_C020,reference_net,0.251489243661,0.251489243661,-0.119305533752,-0.0281870396571,-0.0052355258662,0.4,0.287788180165,0.0169571641499,0.6875,0.15477145248,0.12362161511,0.923667423421,0.719165781444,0.0129017379029,134,20B_P4_top_region_hysteresis_partial_rebalance_turnover_control_v0,20B_P4_TURNCTL_v0
F_MIX333_XD6_R100_C030,gross_shadow,0.3401573,0.3401573,-0.117707652062,-0.00616024106605,-0.000693899623595,0.4,0.348464164321,0.0200342509029,0.6875,0.164400191073,0.154802118872,0.967195122853,0.773721812756,0.0177402057503,134,20B_P4_top_region_hysteresis_partial_rebalance_turnover_control_v0,20B_P4_TURNCTL_v0
F_MIX333_XD6_R100_C030,reference_net,0.331621500171,0.331621500171,-0.119305533752,-0.0076245578203,-0.000985853666668,0.4,0.341852532391,0.0197267750509,0.6875,0.164400191073,0.154802118872,0.970451602025,0.77873009899,0.0178313598145,134,20B_P4_top_region_hysteresis_partial_rebalance_turnover_control_v0,20B_P4_TURNCTL_v0
F_MIX333_XD6_R100_C040,gross_shadow,0.3592127,0.3592127,-0.117707652062,0.00797094647618,0.00222310949678,0.4,0.348464164321,0.0200342509029,0.6875,0.165525141678,0.156459796916,0.977480607243,0.915183985125,0.0177402057503,134,20B_P4_top_region_hysteresis_partial_rebalance_turnover_control_v0,20B_P4_TURNCTL_v0
F_MIX333_XD6_R100_C040,reference_net,0.350427887366,0.350427887366,-0.119305533752,0.00639068360232,0.00191069268976,0.4,0.341852532391,0.0197267750509,0.6875,0.165525141678,0.156459796916,0.980810311561,0.916426917763,0.0178313598145,134,20B_P4_top_region_hysteresis_partial_rebalance_turnover_control_v0,20B_P4_TURNCTL_v0
F_MIX333_XD6_R100_CNONE,gross_shadow,0.3592127,0.3592127,-0.117707652062,0.00797094647618,0.00222310949678,0.4,0.348464164321,0.0200342509029,0.6875,0.165525141678,0.156459796916,0.977480607243,0.915183985125,0.0177402057503,134,20B_P4_top_region_hysteresis_partial_rebalance_turnover_control_v0,20B_P4_TURNCTL_v0
F_MIX333_XD6_R100_CNONE,reference_net,0.350427887366,0.350427887366,-0.119305533752,0.00639068360232,0.00191069268976,0.4,0.341852532391,0.0197267750509,0.6875,0.165525141678,0.156459796916,0.980810311561,0.916426917763,0.0178313598145,134,20B_P4_top_region_hysteresis_partial_rebalance_turnover_control_v0,20B_P4_TURNCTL_v0
F_MIX333_XD7_R025_C020,gross_shadow,0.1895572,0.1895572,-0.094073142201,-0.0383779279,-0.00754832198689,0.4,0.237031921909,0.0141739045109,0.6875,0.106073504606,0.0477527127972,0.7325070514,0.575309421258,0.0122422195654,134,20B_P4_top_region_hysteresis_partial_rebalance_turnover_control_v0,20B_P4_TURNCTL_v0
F_MIX333_XD7_R025_C020,reference_net,0.186245206893,0.186245206893,-0.0947499730226,-0.0389280593835,-0.00766125024992,0.4,0.23429387204,0.0140367833995,0.6875,0.106073504606,0.0477527127972,0.733704408621,0.576922373595,0.0122555475266,134,20B_P4_top_region_hysteresis_partial_rebalance_turnover_control_v0,20B_P4_TURNCTL_v0
F_MIX333_XD7_R025_C030,gross_shadow,0.1895572,0.1895572,-0.094073142201,-0.0383779279,-0.00754832198689,0.4,0.237031921909,0.0141739045109,0.6875,0.106073504606,0.0477527127972,0.7325070514,0.575309421258,0.0122422195654,134,20B_P4_top_region_hysteresis_partial_rebalance_turnover_control_v0,20B_P4_TURNCTL_v0
F_MIX333_XD7_R025_C030,reference_net,0.186245206893,0.186245206893,-0.0947499730226,-0.0389280593835,-0.00766125024992,0.4,0.23429387204,0.0140367833995,0.6875,0.106073504606,0.0477527127972,0.733704408621,0.576922373595,0.0122555475266,134,20B_P4_top_region_hysteresis_partial_rebalance_turnover_control_v0,20B_P4_TURNCTL_v0
F_MIX333_XD7_R025_C040,gross_shadow,0.1895572,0.1895572,-0.094073142201,-0.0383779279,-0.00754832198689,0.4,0.237031921909,0.0141739045109,0.6875,0.106073504606,0.0477527127972,0.7325070514,0.575309421258,0.0122422195654,134,20B_P4_top_region_hysteresis_partial_rebalance_turnover_control_v0,20B_P4_TURNCTL_v0
F_MIX333_XD7_R025_C040,reference_net,0.186245206893,0.186245206893,-0.0947499730226,-0.0389280593835,-0.00766125024992,0.4,0.23429387204,0.0140367833995,0.6875,0.106073504606,0.0477527127972,0.733704408621,0.576922373595,0.0122555475266,134,20B_P4_top_region_hysteresis_partial_rebalance_turnover_control_v0,20B_P4_TURNCTL_v0
F_MIX333_XD7_R025_CNONE,gross_shadow,0.1895572,0.1895572,-0.094073142201,-0.0383779279,-0.00754832198689,0.4,0.237031921909,0.0141739045109,0.6875,0.106073504606,0.0477527127972,0.7325070514,0.575309421258,0.0122422195654,134,20B_P4_top_region_hysteresis_partial_rebalance_turnover_control_v0,20B_P4_TURNCTL_v0
F_MIX333_XD7_R025_CNONE,reference_net,0.186245206893,0.186245206893,-0.0947499730226,-0.0389280593835,-0.00766125024992,0.4,0.23429387204,0.0140367833995,0.6875,0.106073504606,0.0477527127972,0.733704408621,0.576922373595,0.0122555475266,134,20B_P4_top_region_hysteresis_partial_rebalance_turnover_control_v0,20B_P4_TURNCTL_v0
F_MIX333_XD7_R050_C020,gross_shadow,0.2056923,0.2056923,-0.0897674821473,-0.0351035605208,-0.00688832532243,0.4,0.249556170661,0.0147875074596,0.6875,0.176889431379,0.0754595852414,0.751190298918,0.619109746166,0.0117349064451,134,20B_P4_top_region_hysteresis_partial_rebalance_turnover_control_v0,20B_P4_TURNCTL_v0
F_MIX333_XD7_R050_C020,reference_net,0.201242494646,0.201242494646,-0.0907318207956,-0.0359326569508,-0.00705805896851,0.4,0.246015128826,0.0146107029422,0.6875,0.176889431379,0.0754595852414,0.752783483107,0.621412763265,0.0117500789761,134,20B_P4_top_region_hysteresis_partial_rebalance_turnover_control_v0,20B_P4_TURNCTL_v0
F_MIX333_XD7_R050_C030,gross_shadow,0.2088309,0.2088309,-0.0897674821473,-0.0342246372493,-0.0067040474035,0.4,0.251668811013,0.014896044367,0.6875,0.194541563257,0.0817942868928,0.752871394404,0.633715751987,0.0117349064451,134,20B_P4_top_region_hysteresis_partial_rebalance_turnover_control_v0,20B_P4_TURNCTL_v0
F_MIX333_XD7_R050_C030,reference_net,0.20410464648,0.20410464648,-0.0907318207956,-0.035111093792,-0.00688563932697,0.4,0.247920500208,0.0147091012899,0.6875,0.194541563257,0.0817942868928,0.754493444267,0.63621412554,0.0117500789761,134,20B_P4_top_region_hysteresis_partial_rebalance_turnover_control_v0,20B_P4_TURNCTL_v0
F_MIX333_XD7_R050_C040,gross_shadow,0.2088309,0.2088309,-0.0897674821473,-0.0342246372493,-0.0067040474035,0.4,0.251668811013,0.014896044367,0.6875,0.194541563257,0.0817942868928,0.752871394404,0.633715751987,0.0117349064451,134,20B_P4_top_region_hysteresis_partial_rebalance_turnover_control_v0,20B_P4_TURNCTL_v0
F_MIX333_XD7_R050_C040,reference_net,0.20410464648,0.20410464648,-0.0907318207956,-0.035111093792,-0.00688563932697,0.4,0.247920500208,0.0147091012899,0.6875,0.194541563257,0.0817942868928,0.754493444267,0.63621412554,0.0117500789761,134,20B_P4_top_region_hysteresis_partial_rebalance_turnover_control_v0,20B_P4_TURNCTL_v0
F_MIX333_XD7_R050_CNONE,gross_shadow,0.2088309,0.2088309,-0.0897674821473,-0.0342246372493,-0.0067040474035,0.4,0.251668811013,0.014896044367,0.6875,0.194541563257,0.0817942868928,0.752871394404,0.633715751987,0.0117349064451,134,20B_P4_top_region_hysteresis_partial_rebalance_turnover_control_v0,20B_P4_TURNCTL_v0
F_MIX333_XD7_R050_CNONE,reference_net,0.20410464648,0.20410464648,-0.0907318207956,-0.035111093792,-0.00688563932697,0.4,0.247920500208,0.0147091012899,0.6875,0.194541563257,0.0817942868928,0.754493444267,0.63621412554,0.0117500789761,134,20B_P4_top_region_hysteresis_partial_rebalance_turnover_control_v0,20B_P4_TURNCTL_v0
F_MIX333_XD7_R100_C020,gross_shadow,0.2648975,0.2648975,-0.099338553478,-0.0137030007998,-0.00251796456967,0.4,0.282471203933,0.0167070928878,0.6875,0.2,0.101143128208,0.792293982341,0.611254391045,0.011311315293,134,20B_P4_top_region_hysteresis_partial_rebalance_turnover_control_v0,20B_P4_TURNCTL_v0
F_MIX333_XD7_R100_C020,reference_net,0.259318186406,0.259318186406,-0.100642774766,-0.0147589914658,-0.00272938021942,0.4,0.278182876573,0.0164963686886,0.6875,0.2,0.101143128208,0.794440993592,0.613972695496,0.0113309128949,134,20B_P4_top_region_hysteresis_partial_rebalance_turnover_control_v0,20B_P4_TURNCTL_v0
F_MIX333_XD7_R100_C030,gross_shadow,0.297298,0.297298,-0.112120885619,-0.00184262243964,0.000119274115703,0.4,0.299692843198,0.0175889787602,0.6875,0.218766132524,0.171718273181,0.908579773276,0.724272724864,0.0138404600862,134,20B_P4_top_region_hysteresis_partial_rebalance_turnover_control_v0,20B_P4_TURNCTL_v0
F_MIX333_XD7_R100_C030,reference_net,0.288283166702,0.288283166702,-0.114188540797,-0.00350888911343,-0.000209562971595,0.4,0.292819527066,0.0172557038534,0.6875,0.218766132524,0.171718273181,0.912106248273,0.729369166408,0.0139244986812,134,20B_P4_top_region_hysteresis_partial_rebalance_turnover_control_v0,20B_P4_TURNCTL_v0
F_MIX333_XD7_R100_C040,gross_shadow,0.3890436,0.3890436,-0.112120885619,0.0257839878607,0.00574302091114,0.4,0.354128760478,0.0203577290097,0.6875,0.217855929355,0.207567675982,0.975118927418,0.890257852455,0.0176417210073,134,20B_P4_top_region_hysteresis_partial_rebalance_turnover_control_v0,20B_P4_TURNCTL_v0
F_MIX333_XD7_R100_C040,reference_net,0.377820104142,0.377820104142,-0.114188540797,0.0239589327616,0.00539007204342,0.4,0.345581409624,0.0199607762808,0.6875,0.217855929355,0.207567675982,0.979260359945,0.891629776316,0.0177579949029,134,20B_P4_top_region_hysteresis_partial_rebalance_turnover_control_v0,20B_P4_TURNCTL_v0
F_MIX333_XD7_R100_CNONE,gross_shadow,0.3890436,0.3890436,-0.112120885619,0.0257839878607,0.00574302091114,0.4,0.354128760478,0.0203577290097,0.6875,0.217855929355,0.207567675982,0.975118927418,0.890257852455,0.0176417210073,134,20B_P4_top_region_hysteresis_partial_rebalance_turnover_control_v0,20B_P4_TURNCTL_v0
F_MIX333_XD7_R100_CNONE,reference_net,0.377820104142,0.377820104142,-0.114188540797,0.0239589327616,0.00539007204342,0.4,0.345581409624,0.0199607762808,0.6875,0.217855929355,0.207567675982,0.979260359945,0.891629776316,0.0177579949029,134,20B_P4_top_region_hysteresis_partial_rebalance_turnover_control_v0,20B_P4_TURNCTL_v0
F_MIX333_XD8_R025_C020,gross_shadow,0.1699971,0.1699971,-0.0822110459217,-0.0408270106114,-0.00813252676867,0.4,0.219797797627,0.0132324356049,0.6875,0.131699820798,0.0560321718607,0.659822527202,0.483094713005,0.0122337133379,134,20B_P4_top_region_hysteresis_partial_rebalance_turnover_control_v0,20B_P4_TURNCTL_v0
F_MIX333_XD8_R025_C020,reference_net,0.166422306303,0.166422306303,-0.082963518845,-0.041475033903,-0.00826597931263,0.4,0.216892984074,0.0130844266116,0.6875,0.131699820798,0.0560321718607,0.660975986491,0.484577277249,0.0122482292673,134,20B_P4_top_region_hysteresis_partial_rebalance_turnover_control_v0,20B_P4_TURNCTL_v0
F_MIX333_XD8_R025_C030,gross_shadow,0.1699971,0.1699971,-0.0822110459217,-0.0408270106114,-0.00813252676867,0.4,0.219797797627,0.0132324356049,0.6875,0.131699820798,0.0560321718607,0.659822527202,0.483094713005,0.0122337133379,134,20B_P4_top_region_hysteresis_partial_rebalance_turnover_control_v0,20B_P4_TURNCTL_v0
F_MIX333_XD8_R025_C030,reference_net,0.166422306303,0.166422306303,-0.082963518845,-0.041475033903,-0.00826597931263,0.4,0.216892984074,0.0130844266116,0.6875,0.131699820798,0.0560321718607,0.660975986491,0.484577277249,0.0122482292673,134,20B_P4_top_region_hysteresis_partial_rebalance_turnover_control_v0,20B_P4_TURNCTL_v0
F_MIX333_XD8_R025_C040,gross_shadow,0.1699971,0.1699971,-0.0822110459217,-0.0408270106114,-0.00813252676867,0.4,0.219797797627,0.0132324356049,0.6875,0.131699820798,0.0560321718607,0.659822527202,0.483094713005,0.0122337133379,134,20B_P4_top_region_hysteresis_partial_rebalance_turnover_control_v0,20B_P4_TURNCTL_v0
F_MIX333_XD8_R025_C040,reference_net,0.166422306303,0.166422306303,-0.082963518845,-0.041475033903,-0.00826597931263,0.4,0.216892984074,0.0130844266116,0.6875,0.131699820798,0.0560321718607,0.660975986491,0.484577277249,0.0122482292673,134,20B_P4_top_region_hysteresis_partial_rebalance_turnover_control_v0,20B_P4_TURNCTL_v0
F_MIX333_XD8_R025_CNONE,gross_shadow,0.1699971,0.1699971,-0.0822110459217,-0.0408270106114,-0.00813252676867,0.4,0.219797797627,0.0132324356049,0.6875,0.131699820798,0.0560321718607,0.659822527202,0.483094713005,0.0122337133379,134,20B_P4_top_region_hysteresis_partial_rebalance_turnover_control_v0,20B_P4_TURNCTL_v0
F_MIX333_XD8_R025_CNONE,reference_net,0.166422306303,0.166422306303,-0.082963518845,-0.041475033903,-0.00826597931263,0.4,0.216892984074,0.0130844266116,0.6875,0.131699820798,0.0560321718607,0.660975986491,0.484577277249,0.0122482292673,134,20B_P4_top_region_hysteresis_partial_rebalance_turnover_control_v0,20B_P4_TURNCTL_v0
F_MIX333_XD8_R050_C020,gross_shadow,0.2030767,0.2030767,-0.0745345283954,-0.0279460201483,-0.00549839091206,0.4,0.237664496969,0.014098066394,0.6875,0.197690685009,0.0819373094018,0.67153882204,0.501227251121,0.0117258784213,134,20B_P4_top_region_hysteresis_partial_rebalance_turnover_control_v0,20B_P4_TURNCTL_v0
F_MIX333_XD8_R050_C020,reference_net,0.198481646092,0.198481646092,-0.0755839067994,-0.028836794842,-0.0056795961111,0.4,0.234068218119,0.013916100287,0.6875,0.197690685009,0.0819373094018,0.673055457519,0.503153078058,0.0117430905502,134,20B_P4_top_region_hysteresis_partial_rebalance_turnover_control_v0,20B_P4_TURNCTL_v0
F_MIX333_XD8_R050_C030,gross_shadow,0.2142643,0.2142643,-0.0748538654486,-0.0236040755643,-0.00458741694675,0.4,0.243618771455,0.0144122887281,0.6875,0.242958718746,0.0978955940714,0.679269308312,0.532564229937,0.0117258784213,134,20B_P4_top_region_hysteresis_partial_rebalance_turnover_control_v0,20B_P4_TURNCTL_v0
F_MIX333_XD8_R050_C030,reference_net,0.208999637374,0.208999637374,-0.0759441396564,-0.0245991336226,-0.00478928984609,0.4,0.239490017949,0.0142042334034,0.6875,0.242958718746,0.0978955940714,0.680897819529,0.534893434423,0.0117430905502,134,20B_P4_top_region_hysteresis_partial_rebalance_turnover_control_v0,20B_P4_TURNCTL_v0
F_MIX333_XD8_R050_C040,gross_shadow,0.2148857,0.2148857,-0.0748538654486,-0.0232668044672,-0.00451757318271,0.4,0.243825545765,0.0144232523893,0.6875,0.245766347861,0.0986915025971,0.679907545758,0.5418970621,0.0117258784213,134,20B_P4_top_region_hysteresis_partial_rebalance_turnover_control_v0,20B_P4_TURNCTL_v0
F_MIX333_XD8_R050_C040,reference_net,0.209576148165,0.209576148165,-0.0759441396564,-0.0242850353224,-0.00472418950075,0.4,0.239681866071,0.0142144691578,0.6875,0.245766347861,0.0986915025971,0.681540344019,0.544287031151,0.0117430905502,134,20B_P4_top_region_hysteresis_partial_rebalance_turnover_control_v0,20B_P4_TURNCTL_v0
F_MIX333_XD8_R050_CNONE,gross_shadow,0.2148857,0.2148857,-0.0748538654486,-0.0232668044672,-0.00451757318271,0.4,0.243825545765,0.0144232523893,0.6875,0.245766347861,0.0986915025971,0.679907545758,0.5418970621,0.0117258784213,134,20B_P4_top_region_hysteresis_partial_rebalance_turnover_control_v0,20B_P4_TURNCTL_v0
F_MIX333_XD8_R050_CNONE,reference_net,0.209576148165,0.209576148165,-0.0759441396564,-0.0242850353224,-0.00472418950075,0.4,0.239681866071,0.0142144691578,0.6875,0.245766347861,0.0986915025971,0.681540344019,0.544287031151,0.0117430905502,134,20B_P4_top_region_hysteresis_partial_rebalance_turnover_control_v0,20B_P4_TURNCTL_v0
F_MIX333_XD8_R100_C020,gross_shadow,0.1907138,0.1907138,-0.0745311419831,-0.0296616338663,-0.00584648417831,0.4,0.227111945232,0.0135239212863,0.6875,0.2,0.0836441040549,0.673298361855,0.488969907677,0.0117115682748,134,20B_P4_top_region_hysteresis_partial_rebalance_turnover_control_v0,20B_P4_TURNCTL_v0
F_MIX333_XD8_R100_C020,reference_net,0.186082593117,0.186082593117,-0.0755953623147,-0.0305504453514,-0.00602754230377,0.4,0.223459835976,0.0133371785385,0.6875,0.2,0.0836441040549,0.674851291733,0.490881377219,0.0117293333737,134,20B_P4_top_region_hysteresis_partial_rebalance_turnover_control_v0,20B_P4_TURNCTL_v0
F_MIX333_XD8_R100_C030,gross_shadow,0.2059651,0.2059651,-0.084205368739,-0.0105844950515,-0.00188134002255,0.4,0.218866183083,0.0130764375264,0.6875,0.3,0.152139262801,0.741582998882,0.571906173761,0.0116674315694,134,20B_P4_top_region_hysteresis_partial_rebalance_turnover_control_v0,20B_P4_TURNCTL_v0
F_MIX333_XD8_R100_C030,reference_net,0.198664027222,0.198664027222,-0.0861372022597,-0.0119698710789,-0.00215871833228,0.4,0.21318570369,0.0127828012093,0.6875,0.3,0.152139262801,0.744172809069,0.57540477128,0.0117143535591,134,20B_P4_top_region_hysteresis_partial_rebalance_turnover_control_v0,20B_P4_TURNCTL_v0
F_MIX333_XD8_R100_C040,gross_shadow,0.3864209,0.3864209,-0.0908276806523,0.0520631568413,0.0104691096124,0.6,0.317811474515,0.0186404941753,0.6875,0.336080718736,0.277434739285,0.889410300836,0.645603594694,0.0150010091352,134,20B_P4_top_region_hysteresis_partial_rebalance_turnover_control_v0,20B_P4_TURNCTL_v0
F_MIX333_XD8_R100_C040,reference_net,0.372392420536,0.372392420536,-0.0936761435749,0.0496488722647,0.0100094162999,0.4,0.307477630662,0.0181439574587,0.6875,0.336080718736,0.277434739285,0.894349497681,0.652247068392,0.0150290838072,134,20B_P4_top_region_hysteresis_partial_rebalance_turnover_control_v0,20B_P4_TURNCTL_v0
F_MIX333_XD8_R100_CNONE,gross_shadow,0.4097046,0.4097046,-0.100681214669,0.0490851061605,0.0100852212389,0.4,0.34374665289,0.0200395233578,0.6875,0.339995668772,0.329010461391,0.970896000585,0.833774343828,0.0176307917607,134,20B_P4_top_region_hysteresis_partial_rebalance_turnover_control_v0,20B_P4_TURNCTL_v0
F_MIX333_XD8_R100_CNONE,reference_net,0.392437373736,0.392437373736,-0.104003389834,0.0461564334137,0.00952690079719,0.4,0.331003021405,0.0194419625596,0.6875,0.339995668772,0.329010461391,0.977028646772,0.835484178342,0.0178026804062,134,20B_P4_top_region_hysteresis_partial_rebalance_turnover_control_v0,20B_P4_TURNCTL_v0
F_MIX403030_XD6_R025_C020,gross_shadow,0.2037781,0.2037781,-0.105203489743,-0.0348262757684,-0.00674192986075,0.4,0.247213915773,0.0147577823642,0.6875,0.0891798824607,0.0469511436904,0.797806414606,0.669226579676,0.0148969513526,134,20B_P4_top_region_hysteresis_partial_rebalance_turnover_control_v0,20B_P4_TURNCTL_v0
F_MIX403030_XD6_R025_C020,reference_net,0.200392307434,0.200392307434,-0.105919801151,-0.0353776516497,-0.00685467381313,0.4,0.24441685338,0.0146188653044,0.6875,0.0891798824607,0.0469511436904,0.799149116142,0.67112273548,0.0149329635461,134,20B_P4_top_region_hysteresis_partial_rebalance_turnover_control_v0,20B_P4_TURNCTL_v0
F_MIX403030_XD6_R025_C030,gross_shadow,0.2037781,0.2037781,-0.105203489743,-0.0348262757684,-0.00674192986075,0.4,0.247213915773,0.0147577823642,0.6875,0.0891798824607,0.0469511436904,0.797806414606,0.669226579676,0.0148969513526,134,20B_P4_top_region_hysteresis_partial_rebalance_turnover_control_v0,20B_P4_TURNCTL_v0
F_MIX403030_XD6_R025_C030,reference_net,0.200392307434,0.200392307434,-0.105919801151,-0.0353776516497,-0.00685467381313,0.4,0.24441685338,0.0146188653044,0.6875,0.0891798824607,0.0469511436904,0.799149116142,0.67112273548,0.0149329635461,134,20B_P4_top_region_hysteresis_partial_rebalance_turnover_control_v0,20B_P4_TURNCTL_v0
F_MIX403030_XD6_R025_C040,gross_shadow,0.2037781,0.2037781,-0.105203489743,-0.0348262757684,-0.00674192986075,0.4,0.247213915773,0.0147577823642,0.6875,0.0891798824607,0.0469511436904,0.797806414606,0.669226579676,0.0148969513526,134,20B_P4_top_region_hysteresis_partial_rebalance_turnover_control_v0,20B_P4_TURNCTL_v0
F_MIX403030_XD6_R025_C040,reference_net,0.200392307434,0.200392307434,-0.105919801151,-0.0353776516497,-0.00685467381313,0.4,0.24441685338,0.0146188653044,0.6875,0.0891798824607,0.0469511436904,0.799149116142,0.67112273548,0.0149329635461,134,20B_P4_top_region_hysteresis_partial_rebalance_turnover_control_v0,20B_P4_TURNCTL_v0
F_MIX403030_XD6_R025_CNONE,gross_shadow,0.2037781,0.2037781,-0.105203489743,-0.0348262757684,-0.00674192986075,0.4,0.247213915773,0.0147577823642,0.6875,0.0891798824607,0.0469511436904,0.797806414606,0.669226579676,0.0148969513526,134,20B_P4_top_region_hysteresis_partial_rebalance_turnover_control_v0,20B_P4_TURNCTL_v0
F_MIX403030_XD6_R025_CNONE,reference_net,0.200392307434,0.200392307434,-0.105919801151,-0.0353776516497,-0.00685467381313,0.4,0.24441685338,0.0146188653044,0.6875,0.0891798824607,0.0469511436904,0.799149116142,0.67112273548,0.0149329635461,134,20B_P4_top_region_hysteresis_partial_rebalance_turnover_control_v0,20B_P4_TURNCTL_v0
F_MIX403030_XD6_R050_C020,gross_shadow,0.2094429,0.2094429,-0.102662697604,-0.0316470817729,-0.0060747394278,0.4,0.24896912813,0.0148213925877,0.6875,0.157967833568,0.0815023043579,0.812587688175,0.685029944893,0.0144383079021,134,20B_P4_top_region_hysteresis_partial_rebalance_turnover_control_v0,20B_P4_TURNCTL_v0
F_MIX403030_XD6_R050_C020,reference_net,0.204694728382,0.204694728382,-0.103687666652,-0.0324754556443,-0.0062435372798,0.4,0.245130922424,0.0146295837433,0.6875,0.157967833568,0.0815023043579,0.814396335806,0.687750568413,0.0144870160064,134,20B_P4_top_region_hysteresis_partial_rebalance_turnover_control_v0,20B_P4_TURNCTL_v0
F_MIX403030_XD6_R050_C030,gross_shadow,0.2113913,0.2113913,-0.102662697604,-0.0296614896025,-0.00565839845657,0.4,0.248421336492,0.0147940608737,0.6875,0.16624799974,0.0848841759602,0.812755369166,0.693912401193,0.0143021612293,134,20B_P4_top_region_hysteresis_partial_rebalance_turnover_control_v0,20B_P4_TURNCTL_v0
F_MIX403030_XD6_R050_C030,reference_net,0.206491151929,0.206491151929,-0.103687666652,-0.0305346120075,-0.00583628617154,0.4,0.244491208116,0.0145975314645,0.6875,0.16624799974,0.0848841759602,0.814575480593,0.696754250263,0.0143507675442,134,20B_P4_top_region_hysteresis_partial_rebalance_turnover_control_v0,20B_P4_TURNCTL_v0
F_MIX403030_XD6_R050_C040,gross_shadow,0.2113913,0.2113913,-0.102662697604,-0.0296614896025,-0.00565839845657,0.4,0.248421336492,0.0147940608737,0.6875,0.16624799974,0.0848841759602,0.812755369166,0.693912401193,0.0143021612293,134,20B_P4_top_region_hysteresis_partial_rebalance_turnover_control_v0,20B_P4_TURNCTL_v0
F_MIX403030_XD6_R050_C040,reference_net,0.206491151929,0.206491151929,-0.103687666652,-0.0305346120075,-0.00583628617154,0.4,0.244491208116,0.0145975314645,0.6875,0.16624799974,0.0848841759602,0.814575480593,0.696754250263,0.0143507675442,134,20B_P4_top_region_hysteresis_partial_rebalance_turnover_control_v0,20B_P4_TURNCTL_v0
F_MIX403030_XD6_R050_CNONE,gross_shadow,0.2113913,0.2113913,-0.102662697604,-0.0296614896025,-0.00565839845657,0.4,0.248421336492,0.0147940608737,0.6875,0.16624799974,0.0848841759602,0.812755369166,0.693912401193,0.0143021612293,134,20B_P4_top_region_hysteresis_partial_rebalance_turnover_control_v0,20B_P4_TURNCTL_v0
F_MIX403030_XD6_R050_CNONE,reference_net,0.206491151929,0.206491151929,-0.103687666652,-0.0305346120075,-0.00583628617154,0.4,0.244491208116,0.0145975314645,0.6875,0.16624799974,0.0848841759602,0.814575480593,0.696754250263,0.0143507675442,134,20B_P4_top_region_hysteresis_partial_rebalance_turnover_control_v0,20B_P4_TURNCTL_v0
F_MIX403030_XD6_R100_C020,gross_shadow,0.2453965,0.2453965,-0.130670099628,-0.0165136679526,-0.00291628248397,0.4,0.266307887988,0.0158760322837,0.6875,0.179418101822,0.148772356835,0.920034786763,0.733914628955,0.0143643749175,134,20B_P4_top_region_hysteresis_partial_rebalance_turnover_control_v0,20B_P4_TURNCTL_v0
F_MIX403030_XD6_R100_C020,reference_net,0.237750065962,0.237750065962,-0.132567349286,-0.0180234791951,-0.00322004172836,0.4,0.260468086291,0.015585616916,0.6875,0.179418101822,0.148772356835,0.923308724637,0.73845072811,0.0144433146262,134,20B_P4_top_region_hysteresis_partial_rebalance_turnover_control_v0,20B_P4_TURNCTL_v0
F_MIX403030_XD6_R100_C030,gross_shadow,0.3386925,0.3386925,-0.119444504419,-0.00804295360638,-0.0010830850784,0.4,0.349546842645,0.0200635968896,0.6875,0.193982850606,0.184405452588,0.967865243386,0.787828606114,0.016459147205,134,20B_P4_top_region_hysteresis_partial_rebalance_turnover_control_v0,20B_P4_TURNCTL_v0
F_MIX403030_XD6_R100_C030,reference_net,0.329003406244,0.329003406244,-0.121376599274,-0.00967543123252,-0.00140892599061,0.4,0.341987716106,0.0197116434821,0.6875,0.193982850606,0.184405452588,0.971603754034,0.793621081636,0.0165544701285,134,20B_P4_top_region_hysteresis_partial_rebalance_turnover_control_v0,20B_P4_TURNCTL_v0
F_MIX403030_XD6_R100_C040,gross_shadow,0.3589826,0.3589826,-0.119444504419,0.00699179684381,0.00201272449165,0.4,0.349546842645,0.0200635968896,0.6875,0.19555425972,0.186474843578,0.977459610644,0.908935755558,0.016459147205,134,20B_P4_top_region_hysteresis_partial_rebalance_turnover_control_v0,20B_P4_TURNCTL_v0
F_MIX403030_XD6_R100_C040,reference_net,0.349034939643,0.349034939643,-0.121376599274,0.00525133237239,0.00166881177014,0.4,0.341987716106,0.0197116434821,0.6875,0.19555425972,0.186474843578,0.981275015743,0.910252256827,0.0165544701285,134,20B_P4_top_region_hysteresis_partial_rebalance_turnover_control_v0,20B_P4_TURNCTL_v0
F_MIX403030_XD6_R100_CNONE,gross_shadow,0.3589826,0.3589826,-0.119444504419,0.00699179684381,0.00201272449165,0.4,0.349546842645,0.0200635968896,0.6875,0.19555425972,0.186474843578,0.977459610644,0.908935755558,0.016459147205,134,20B_P4_top_region_hysteresis_partial_rebalance_turnover_control_v0,20B_P4_TURNCTL_v0
F_MIX403030_XD6_R100_CNONE,reference_net,0.349034939643,0.349034939643,-0.121376599274,0.00525133237239,0.00166881177014,0.4,0.341987716106,0.0197116434821,0.6875,0.19555425972,0.186474843578,0.981275015743,0.910252256827,0.0165544701285,134,20B_P4_top_region_hysteresis_partial_rebalance_turnover_control_v0,20B_P4_TURNCTL_v0
F_MIX403030_XD7_R025_C020,gross_shadow,0.1921554,0.1921554,-0.0982611240824,-0.0352246003786,-0.00688220321875,0.4,0.235681797512,0.0141330349563,0.6875,0.110653920707,0.0530182057857,0.735665806324,0.593478486507,0.0131413481782,134,20B_P4_top_region_hysteresis_partial_rebalance_turnover_control_v0,20B_P4_TURNCTL_v0
F_MIX403030_XD7_R025_C020,reference_net,0.188601005029,0.188601005029,-0.0990242884344,-0.0358220344334,-0.00700453816316,0.4,0.232761012466,0.0139863573509,0.6875,0.110653920707,0.0530182057857,0.736950447703,0.595261104731,0.0131753561683,134,20B_P4_top_region_hysteresis_partial_rebalance_turnover_control_v0,20B_P4_TURNCTL_v0
F_MIX403030_XD7_R025_C030,gross_shadow,0.1921554,0.1921554,-0.0982611240824,-0.0352246003786,-0.00688220321875,0.4,0.235681797512,0.0141330349563,0.6875,0.110653920707,0.0530182057857,0.735665806324,0.593478486507,0.0131413481782,134,20B_P4_top_region_hysteresis_partial_rebalance_turnover_control_v0,20B_P4_TURNCTL_v0
F_MIX403030_XD7_R025_C030,reference_net,0.188601005029,0.188601005029,-0.0990242884344,-0.0358220344334,-0.00700453816316,0.4,0.232761012466,0.0139863573509,0.6875,0.110653920707,0.0530182057857,0.736950447703,0.595261104731,0.0131753561683,134,20B_P4_top_region_hysteresis_partial_rebalance_turnover_control_v0,20B_P4_TURNCTL_v0
F_MIX403030_XD7_R025_C040,gross_shadow,0.1921554,0.1921554,-0.0982611240824,-0.0352246003786,-0.00688220321875,0.4,0.235681797512,0.0141330349563,0.6875,0.110653920707,0.0530182057857,0.735665806324,0.593478486507,0.0131413481782,134,20B_P4_top_region_hysteresis_partial_rebalance_turnover_control_v0,20B_P4_TURNCTL_v0
F_MIX403030_XD7_R025_C040,reference_net,0.188601005029,0.188601005029,-0.0990242884344,-0.0358220344334,-0.00700453816316,0.4,0.232761012466,0.0139863573509,0.6875,0.110653920707,0.0530182057857,0.736950447703,0.595261104731,0.0131753561683,134,20B_P4_top_region_hysteresis_partial_rebalance_turnover_control_v0,20B_P4_TURNCTL_v0
F_MIX403030_XD7_R025_CNONE,gross_shadow,0.1921554,0.1921554,-0.0982611240824,-0.0352246003786,-0.00688220321875,0.4,0.235681797512,0.0141330349563,0.6875,0.110653920707,0.0530182057857,0.735665806324,0.593478486507,0.0131413481782,134,20B_P4_top_region_hysteresis_partial_rebalance_turnover_control_v0,20B_P4_TURNCTL_v0
F_MIX403030_XD7_R025_CNONE,reference_net,0.188601005029,0.188601005029,-0.0990242884344,-0.0358220344334,-0.00700453816316,0.4,0.232761012466,0.0139863573509,0.6875,0.110653920707,0.0530182057857,0.736950447703,0.595261104731,0.0131753561683,134,20B_P4_top_region_hysteresis_partial_rebalance_turnover_control_v0,20B_P4_TURNCTL_v0
F_MIX403030_XD7_R050_C020,gross_shadow,0.1926681,0.1926681,-0.093324583102,-0.0358515559746,-0.00704317917887,0.4,0.237017087349,0.0141579100636,0.6875,0.183779078429,0.0848360806152,0.750118008063,0.624273391833,0.0130209645719,134,20B_P4_top_region_hysteresis_partial_rebalance_turnover_control_v0,20B_P4_TURNCTL_v0
F_MIX403030_XD7_R050_C020,reference_net,0.187838594888,0.187838594888,-0.094448163207,-0.0367475419498,-0.00722668951176,0.4,0.233153972212,0.0139626955722,0.6875,0.183779078429,0.0848360806152,0.751865159883,0.626821624267,0.0130670650331,134,20B_P4_top_region_hysteresis_partial_rebalance_turnover_control_v0,20B_P4_TURNCTL_v0
F_MIX403030_XD7_R050_C030,gross_shadow,0.2065414,0.2065414,-0.093324583102,-0.0307020760006,-0.00596716054436,0.4,0.244758056452,0.0145501806563,0.6875,0.204445491908,0.093828874428,0.756490967466,0.65997091497,0.0132659602612,134,20B_P4_top_region_hysteresis_partial_rebalance_turnover_control_v0,20B_P4_TURNCTL_v0
F_MIX403030_XD7_R050_C030,reference_net,0.201321424214,0.201321424214,-0.094448163207,-0.0316748702333,-0.00616585071382,0.4,0.240617833086,0.014342099623,0.6875,0.204445491908,0.093828874428,0.758298404634,0.662854660841,0.0133149329808,134,20B_P4_top_region_hysteresis_partial_rebalance_turnover_control_v0,20B_P4_TURNCTL_v0
F_MIX403030_XD7_R050_C040,gross_shadow,0.2065414,0.2065414,-0.093324583102,-0.0307020760006,-0.00596716054436,0.4,0.244758056452,0.0145501806563,0.6875,0.204445491908,0.093828874428,0.756490967466,0.65997091497,0.0132659602612,134,20B_P4_top_region_hysteresis_partial_rebalance_turnover_control_v0,20B_P4_TURNCTL_v0
F_MIX403030_XD7_R050_C040,reference_net,0.201321424214,0.201321424214,-0.094448163207,-0.0316748702333,-0.00616585071382,0.4,0.240617833086,0.014342099623,0.6875,0.204445491908,0.093828874428,0.758298404634,0.662854660841,0.0133149329808,134,20B_P4_top_region_hysteresis_partial_rebalance_turnover_control_v0,20B_P4_TURNCTL_v0
F_MIX403030_XD7_R050_CNONE,gross_shadow,0.2065414,0.2065414,-0.093324583102,-0.0307020760006,-0.00596716054436,0.4,0.244758056452,0.0145501806563,0.6875,0.204445491908,0.093828874428,0.756490967466,0.65997091497,0.0132659602612,134,20B_P4_top_region_hysteresis_partial_rebalance_turnover_control_v0,20B_P4_TURNCTL_v0
F_MIX403030_XD7_R050_CNONE,reference_net,0.201321424214,0.201321424214,-0.094448163207,-0.0316748702333,-0.00616585071382,0.4,0.240617833086,0.014342099623,0.6875,0.204445491908,0.093828874428,0.758298404634,0.662854660841,0.0133149329808,134,20B_P4_top_region_hysteresis_partial_rebalance_turnover_control_v0,20B_P4_TURNCTL_v0
F_MIX403030_XD7_R100_C020,gross_shadow,0.2130925,0.2130925,-0.090672285891,-0.02300430831,-0.00439262192295,0.4,0.241655935966,0.0143490583795,0.6875,0.2,0.0979500747093,0.756766232064,0.621618704067,0.0129297629751,134,20B_P4_top_region_hysteresis_partial_rebalance_turnover_control_v0,20B_P4_TURNCTL_v0
F_MIX403030_XD7_R100_C020,reference_net,0.207807896375,0.207807896375,-0.0920110034624,-0.0239796979918,-0.00458971697562,0.4,0.237482349383,0.0141379953382,0.6875,0.2,0.0979500747093,0.758754815614,0.62435304893,0.012979811048,134,20B_P4_top_region_hysteresis_partial_rebalance_turnover_control_v0,20B_P4_TURNCTL_v0
F_MIX403030_XD7_R100_C030,gross_shadow,0.2946819,0.2946819,-0.112705645649,-0.000987304853423,0.000292928285241,0.4,0.295961408989,0.017369133927,0.6875,0.244487496308,0.197650582986,0.901846385319,0.676941552711,0.0147034599314,134,20B_P4_top_region_hysteresis_partial_rebalance_turnover_control_v0,20B_P4_TURNCTL_v0
F_MIX403030_XD7_R100_C030,reference_net,0.284648005508,0.284648005508,-0.115176814836,-0.00284970403164,-7.46100236088e-05,0.4,0.288319334309,0.0169964824335,0.6875,0.244487496308,0.197650582986,0.905794965005,0.682251608417,0.014804819791,134,20B_P4_top_region_hysteresis_partial_rebalance_turnover_control_v0,20B_P4_TURNCTL_v0
F_MIX403030_XD7_R100_C040,gross_shadow,0.3996479,0.3996479,-0.112705645649,0.0315985274312,0.00688876778474,0.4,0.356775783197,0.0204761179916,0.6875,0.252367152662,0.242345183075,0.974304286188,0.881622360803,0.0184181831908,134,20B_P4_top_region_hysteresis_partial_rebalance_turnover_control_v0,20B_P4_TURNCTL_v0
F_MIX403030_XD7_R100_C040,reference_net,0.38698852581,0.38698852581,-0.115176814836,0.0295877098637,0.00650204740963,0.4,0.347130033238,0.0200283376514,0.6875,0.252367152662,0.242345183075,0.978997592137,0.883065017973,0.0185519276029,134,20B_P4_top_region_hysteresis_partial_rebalance_turnover_control_v0,20B_P4_TURNCTL_v0
F_MIX403030_XD7_R100_CNONE,gross_shadow,0.3996479,0.3996479,-0.112705645649,0.0315985274312,0.00688876778474,0.4,0.356775783197,0.0204761179916,0.6875,0.252367152662,0.242345183075,0.974304286188,0.881622360803,0.0184181831908,134,20B_P4_top_region_hysteresis_partial_rebalance_turnover_control_v0,20B_P4_TURNCTL_v0
F_MIX403030_XD7_R100_CNONE,reference_net,0.38698852581,0.38698852581,-0.115176814836,0.0295877098637,0.00650204740963,0.4,0.347130033238,0.0200283376514,0.6875,0.252367152662,0.242345183075,0.978997592137,0.883065017973,0.0185519276029,134,20B_P4_top_region_hysteresis_partial_rebalance_turnover_control_v0,20B_P4_TURNCTL_v0
F_MIX403030_XD8_R025_C020,gross_shadow,0.1739224,0.1739224,-0.0838349890028,-0.034948908526,-0.0069075877113,0.4,0.216435492764,0.013071950005,0.6875,0.138969571852,0.0589117487231,0.643402238029,0.469814462983,0.0122955184503,134,20B_P4_top_region_hysteresis_partial_rebalance_turnover_control_v0,20B_P4_TURNCTL_v0
F_MIX403030_XD8_R025_C020,reference_net,0.170225043673,0.170225043673,-0.0846301479916,-0.0356099297125,-0.00704295675841,0.4,0.213435392718,0.0129184716388,0.6875,0.138969571852,0.0589117487231,0.644564124458,0.47130297782,0.0123106225002,134,20B_P4_top_region_hysteresis_partial_rebalance_turnover_control_v0,20B_P4_TURNCTL_v0
F_MIX403030_XD8_R025_C030,gross_shadow,0.1739224,0.1739224,-0.0838349890028,-0.034948908526,-0.0069075877113,0.4,0.216435492764,0.013071950005,0.6875,0.138969571852,0.0589117487231,0.643402238029,0.469814462983,0.0122955184503,134,20B_P4_top_region_hysteresis_partial_rebalance_turnover_control_v0,20B_P4_TURNCTL_v0
F_MIX403030_XD8_R025_C030,reference_net,0.170225043673,0.170225043673,-0.0846301479916,-0.0356099297125,-0.00704295675841,0.4,0.213435392718,0.0129184716388,0.6875,0.138969571852,0.0589117487231,0.644564124458,0.47130297782,0.0123106225002,134,20B_P4_top_region_hysteresis_partial_rebalance_turnover_control_v0,20B_P4_TURNCTL_v0
F_MIX403030_XD8_R025_C040,gross_shadow,0.1739224,0.1739224,-0.0838349890028,-0.034948908526,-0.0069075877113,0.4,0.216435492764,0.013071950005,0.6875,0.138969571852,0.0589117487231,0.643402238029,0.469814462983,0.0122955184503,134,20B_P4_top_region_hysteresis_partial_rebalance_turnover_control_v0,20B_P4_TURNCTL_v0
F_MIX403030_XD8_R025_C040,reference_net,0.170225043673,0.170225043673,-0.0846301479916,-0.0356099297125,-0.00704295675841,0.4,0.213435392718,0.0129184716388,0.6875,0.138969571852,0.0589117487231,0.644564124458,0.47130297782,0.0123106225002,134,20B_P4_top_region_hysteresis_partial_rebalance_turnover_control_v0,20B_P4_TURNCTL_v0
F_MIX403030_XD8_R025_CNONE,gross_shadow,0.1739224,0.1739224,-0.0838349890028,-0.034948908526,-0.0069075877113,0.4,0.216435492764,0.013071950005,0.6875,0.138969571852,0.0589117487231,0.643402238029,0.469814462983,0.0122955184503,134,20B_P4_top_region_hysteresis_partial_rebalance_turnover_control_v0,20B_P4_TURNCTL_v0
F_MIX403030_XD8_R025_CNONE,reference_net,0.170225043673,0.170225043673,-0.0846301479916,-0.0356099297125,-0.00704295675841,0.4,0.213435392718,0.0129184716388,0.6875,0.138969571852,0.0589117487231,0.644564124458,0.47130297782,0.0123106225002,134,20B_P4_top_region_hysteresis_partial_rebalance_turnover_control_v0,20B_P4_TURNCTL_v0
F_MIX403030_XD8_R050_C020,gross_shadow,0.1899633,0.1899633,-0.0746258701336,-0.0299789576339,-0.00593389537778,0.4,0.226739676799,0.0135299094193,0.6875,0.199562141353,0.0827175105068,0.650009353159,0.498069851411,0.0114550736638,134,20B_P4_top_region_hysteresis_partial_rebalance_turnover_control_v0,20B_P4_TURNCTL_v0
F_MIX403030_XD8_R050_C020,reference_net,0.185354913174,0.185354913174,-0.0756972952306,-0.0308692301322,-0.0061154245706,0.4,0.22311142111,0.0133444615708,0.6875,0.199562141353,0.0827175105068,0.65150241002,0.500009013994,0.0114657483914,134,20B_P4_top_region_hysteresis_partial_rebalance_turnover_control_v0,20B_P4_TURNCTL_v0
F_MIX403030_XD8_R050_C030,gross_shadow,0.2020596,0.2020596,-0.0742030253836,-0.023559834022,-0.00460901731224,0.4,0.23106324574,0.0137549098757,0.6875,0.255736487801,0.102568681724,0.658958961674,0.520101988916,0.0114550736638,134,20B_P4_top_region_hysteresis_partial_rebalance_turnover_control_v0,20B_P4_TURNCTL_v0
F_MIX403030_XD8_R050_C030,reference_net,0.196618202132,0.196618202132,-0.0753628147337,-0.0245956043908,-0.00481928482106,0.4,0.226791890132,0.0135371564932,0.6875,0.255736487801,0.102568681724,0.660611164577,0.522473542452,0.0114657483914,134,20B_P4_top_region_hysteresis_partial_rebalance_turnover_control_v0,20B_P4_TURNCTL_v0
F_MIX403030_XD8_R050_C040,gross_shadow,0.2054963,0.2054963,-0.0742030253836,-0.0209667364614,-0.00407396567168,0.4,0.231312913356,0.0137713136513,0.6875,0.261714832615,0.104288332399,0.659833596699,0.528723725701,0.0114550736638,134,20B_P4_top_region_hysteresis_partial_rebalance_turnover_control_v0,20B_P4_TURNCTL_v0
F_MIX403030_XD8_R050_C040,reference_net,0.199968319854,0.199968319854,-0.0753628147337,-0.0220177707125,-0.00428691897717,0.4,0.226983767106,0.0135506712588,0.6875,0.261714832615,0.104288332399,0.661494143486,0.531170168031,0.0114657483914,134,20B_P4_top_region_hysteresis_partial_rebalance_turnover_control_v0,20B_P4_TURNCTL_v0
F_MIX403030_XD8_R050_CNONE,gross_shadow,0.2054963,0.2054963,-0.0742030253836,-0.0209667364614,-0.00407396567168,0.4,0.231312913356,0.0137713136513,0.6875,0.261714832615,0.104288332399,0.659833596699,0.528723725701,0.0114550736638,134,20B_P4_top_region_hysteresis_partial_rebalance_turnover_control_v0,20B_P4_TURNCTL_v0
F_MIX403030_XD8_R050_CNONE,reference_net,0.199968319854,0.199968319854,-0.0753628147337,-0.0220177707125,-0.00428691897717,0.4,0.226983767106,0.0135506712588,0.6875,0.261714832615,0.104288332399,0.661494143486,0.531170168031,0.0114657483914,134,20B_P4_top_region_hysteresis_partial_rebalance_turnover_control_v0,20B_P4_TURNCTL_v0
F_MIX403030_XD8_R100_C020,gross_shadow,0.1855496,0.1855496,-0.0740058174663,-0.0298615678754,-0.00591100240925,0.4,0.222041680592,0.0132752332621,0.6875,0.2,0.0832324252581,0.648065921399,0.491936011086,0.0114694325846,134,20B_P4_top_region_hysteresis_partial_rebalance_turnover_control_v0,20B_P4_TURNCTL_v0
F_MIX403030_XD8_R100_C020,reference_net,0.180942203397,0.180942203397,-0.0750764679598,-0.0307491055348,-0.00609198268297,0.4,0.218407132911,0.0130886452836,0.6875,0.2,0.0832324252581,0.649558889042,0.493857983499,0.0114802764974,134,20B_P4_top_region_hysteresis_partial_rebalance_turnover_control_v0,20B_P4_TURNCTL_v0
F_MIX403030_XD8_R100_C030,gross_shadow,0.1956956,0.1956956,-0.0755507115242,-0.0153824230103,-0.00291463766089,0.4,0.214375639785,0.0128284526487,0.6875,0.3,0.134397335755,0.692294133624,0.534710055911,0.0113422427316,134,20B_P4_top_region_hysteresis_partial_rebalance_turnover_control_v0,20B_P4_TURNCTL_v0
F_MIX403030_XD8_R100_C030,reference_net,0.189094723012,0.189094723012,-0.0771774692515,-0.0166446025642,-0.00316888897712,0.4,0.209221738257,0.0125611162444,0.6875,0.3,0.134397335755,0.69448769256,0.537686695626,0.0113543450775,134,20B_P4_top_region_hysteresis_partial_rebalance_turnover_control_v0,20B_P4_TURNCTL_v0
F_MIX403030_XD8_R100_C040,gross_shadow,0.3781319,0.3781319,-0.0882699500825,0.0626264503473,0.0124746023699,0.6,0.29691096956,0.0175806886177,0.6875,0.368898643818,0.286915783528,0.84142898956,0.59623520128,0.0178545989188,134,20B_P4_top_region_hysteresis_partial_rebalance_turnover_control_v0,20B_P4_TURNCTL_v0
F_MIX403030_XD8_R100_C040,reference_net,0.364008734963,0.364008734963,-0.0915191954779,0.0600356025463,0.0119843641163,0.6,0.286757474642,0.0170832262279,0.6875,0.368898643818,0.286915783528,0.846175318356,0.602022628069,0.017888130645,134,20B_P4_top_region_hysteresis_partial_rebalance_turnover_control_v0,20B_P4_TURNCTL_v0
F_MIX403030_XD8_R100_CNONE,gross_shadow,0.4232242,0.4232242,-0.0994030088196,0.0585653159764,0.0118762655597,0.4,0.344484065858,0.0200997027163,0.6875,0.381549549259,0.371129714825,0.9694438373,0.813977804057,0.0184661508133,134,20B_P4_top_region_hysteresis_partial_rebalance_turnover_control_v0,20B_P4_TURNCTL_v0
F_MIX403030_XD8_R100_CNONE,reference_net,0.404015180147,0.404015180147,-0.103198522471,0.0553663200595,0.0112707176664,0.4,0.330358145282,0.0194370310276,0.6875,0.381549549259,0.371129714825,0.976238085585,0.815748482842,0.018661414083,134,20B_P4_top_region_hysteresis_partial_rebalance_turnover_control_v0,20B_P4_TURNCTL_v0
