feature_index,feature_name,expression,direct_fields,max_trailing_window,uses_vwap,uses_volume,uses_money,uses_future_offset,qlib_distribution_version,qlib_source_file,qlib_source_file_sha256,canonical_order,route_inclusion_full,route_inclusion_no_vwap,status
0,KMID,($close-$open)/$open,$close|$open,1,false,false,false,false,0.9.7,topics/02_AFML_BIG_WINNER/.venv/lib/python3.11/site-packages/qlib/contrib/data/handler.py,b621481c6009c39066c67c71390fd2bea635f56daf9f2c4e38817eff268e3232,0,true,true,pass
1,KLEN,($high-$low)/$open,$high|$low|$open,1,false,false,false,false,0.9.7,topics/02_AFML_BIG_WINNER/.venv/lib/python3.11/site-packages/qlib/contrib/data/handler.py,b621481c6009c39066c67c71390fd2bea635f56daf9f2c4e38817eff268e3232,1,true,true,pass
2,KMID2,($close-$open)/($high-$low+1e-12),$close|$high|$low|$open,1,false,false,false,false,0.9.7,topics/02_AFML_BIG_WINNER/.venv/lib/python3.11/site-packages/qlib/contrib/data/handler.py,b621481c6009c39066c67c71390fd2bea635f56daf9f2c4e38817eff268e3232,2,true,true,pass
3,KUP,"($high-Greater($open, $close))/$open",$close|$high|$open,1,false,false,false,false,0.9.7,topics/02_AFML_BIG_WINNER/.venv/lib/python3.11/site-packages/qlib/contrib/data/handler.py,b621481c6009c39066c67c71390fd2bea635f56daf9f2c4e38817eff268e3232,3,true,true,pass
4,KUP2,"($high-Greater($open, $close))/($high-$low+1e-12)",$close|$high|$low|$open,1,false,false,false,false,0.9.7,topics/02_AFML_BIG_WINNER/.venv/lib/python3.11/site-packages/qlib/contrib/data/handler.py,b621481c6009c39066c67c71390fd2bea635f56daf9f2c4e38817eff268e3232,4,true,true,pass
5,KLOW,"(Less($open, $close)-$low)/$open",$close|$low|$open,1,false,false,false,false,0.9.7,topics/02_AFML_BIG_WINNER/.venv/lib/python3.11/site-packages/qlib/contrib/data/handler.py,b621481c6009c39066c67c71390fd2bea635f56daf9f2c4e38817eff268e3232,5,true,true,pass
6,KLOW2,"(Less($open, $close)-$low)/($high-$low+1e-12)",$close|$high|$low|$open,1,false,false,false,false,0.9.7,topics/02_AFML_BIG_WINNER/.venv/lib/python3.11/site-packages/qlib/contrib/data/handler.py,b621481c6009c39066c67c71390fd2bea635f56daf9f2c4e38817eff268e3232,6,true,true,pass
7,KSFT,(2*$close-$high-$low)/$open,$close|$high|$low|$open,1,false,false,false,false,0.9.7,topics/02_AFML_BIG_WINNER/.venv/lib/python3.11/site-packages/qlib/contrib/data/handler.py,b621481c6009c39066c67c71390fd2bea635f56daf9f2c4e38817eff268e3232,7,true,true,pass
8,KSFT2,(2*$close-$high-$low)/($high-$low+1e-12),$close|$high|$low,1,false,false,false,false,0.9.7,topics/02_AFML_BIG_WINNER/.venv/lib/python3.11/site-packages/qlib/contrib/data/handler.py,b621481c6009c39066c67c71390fd2bea635f56daf9f2c4e38817eff268e3232,8,true,true,pass
9,OPEN0,$open/$close,$close|$open,1,false,false,false,false,0.9.7,topics/02_AFML_BIG_WINNER/.venv/lib/python3.11/site-packages/qlib/contrib/data/handler.py,b621481c6009c39066c67c71390fd2bea635f56daf9f2c4e38817eff268e3232,9,true,true,pass
10,HIGH0,$high/$close,$close|$high,1,false,false,false,false,0.9.7,topics/02_AFML_BIG_WINNER/.venv/lib/python3.11/site-packages/qlib/contrib/data/handler.py,b621481c6009c39066c67c71390fd2bea635f56daf9f2c4e38817eff268e3232,10,true,true,pass
11,LOW0,$low/$close,$close|$low,1,false,false,false,false,0.9.7,topics/02_AFML_BIG_WINNER/.venv/lib/python3.11/site-packages/qlib/contrib/data/handler.py,b621481c6009c39066c67c71390fd2bea635f56daf9f2c4e38817eff268e3232,11,true,true,pass
12,VWAP0,$vwap/$close,$close|$vwap,1,true,false,false,false,0.9.7,topics/02_AFML_BIG_WINNER/.venv/lib/python3.11/site-packages/qlib/contrib/data/handler.py,b621481c6009c39066c67c71390fd2bea635f56daf9f2c4e38817eff268e3232,12,true,false,pass
13,ROC5,"Ref($close, 5)/$close",$close,5,false,false,false,false,0.9.7,topics/02_AFML_BIG_WINNER/.venv/lib/python3.11/site-packages/qlib/contrib/data/handler.py,b621481c6009c39066c67c71390fd2bea635f56daf9f2c4e38817eff268e3232,13,true,true,pass
14,ROC10,"Ref($close, 10)/$close",$close,10,false,false,false,false,0.9.7,topics/02_AFML_BIG_WINNER/.venv/lib/python3.11/site-packages/qlib/contrib/data/handler.py,b621481c6009c39066c67c71390fd2bea635f56daf9f2c4e38817eff268e3232,14,true,true,pass
15,ROC20,"Ref($close, 20)/$close",$close,20,false,false,false,false,0.9.7,topics/02_AFML_BIG_WINNER/.venv/lib/python3.11/site-packages/qlib/contrib/data/handler.py,b621481c6009c39066c67c71390fd2bea635f56daf9f2c4e38817eff268e3232,15,true,true,pass
16,ROC30,"Ref($close, 30)/$close",$close,30,false,false,false,false,0.9.7,topics/02_AFML_BIG_WINNER/.venv/lib/python3.11/site-packages/qlib/contrib/data/handler.py,b621481c6009c39066c67c71390fd2bea635f56daf9f2c4e38817eff268e3232,16,true,true,pass
17,ROC60,"Ref($close, 60)/$close",$close,60,false,false,false,false,0.9.7,topics/02_AFML_BIG_WINNER/.venv/lib/python3.11/site-packages/qlib/contrib/data/handler.py,b621481c6009c39066c67c71390fd2bea635f56daf9f2c4e38817eff268e3232,17,true,true,pass
18,MA5,"Mean($close, 5)/$close",$close,5,false,false,false,false,0.9.7,topics/02_AFML_BIG_WINNER/.venv/lib/python3.11/site-packages/qlib/contrib/data/handler.py,b621481c6009c39066c67c71390fd2bea635f56daf9f2c4e38817eff268e3232,18,true,true,pass
19,MA10,"Mean($close, 10)/$close",$close,10,false,false,false,false,0.9.7,topics/02_AFML_BIG_WINNER/.venv/lib/python3.11/site-packages/qlib/contrib/data/handler.py,b621481c6009c39066c67c71390fd2bea635f56daf9f2c4e38817eff268e3232,19,true,true,pass
20,MA20,"Mean($close, 20)/$close",$close,20,false,false,false,false,0.9.7,topics/02_AFML_BIG_WINNER/.venv/lib/python3.11/site-packages/qlib/contrib/data/handler.py,b621481c6009c39066c67c71390fd2bea635f56daf9f2c4e38817eff268e3232,20,true,true,pass
21,MA30,"Mean($close, 30)/$close",$close,30,false,false,false,false,0.9.7,topics/02_AFML_BIG_WINNER/.venv/lib/python3.11/site-packages/qlib/contrib/data/handler.py,b621481c6009c39066c67c71390fd2bea635f56daf9f2c4e38817eff268e3232,21,true,true,pass
22,MA60,"Mean($close, 60)/$close",$close,60,false,false,false,false,0.9.7,topics/02_AFML_BIG_WINNER/.venv/lib/python3.11/site-packages/qlib/contrib/data/handler.py,b621481c6009c39066c67c71390fd2bea635f56daf9f2c4e38817eff268e3232,22,true,true,pass
23,STD5,"Std($close, 5)/$close",$close,5,false,false,false,false,0.9.7,topics/02_AFML_BIG_WINNER/.venv/lib/python3.11/site-packages/qlib/contrib/data/handler.py,b621481c6009c39066c67c71390fd2bea635f56daf9f2c4e38817eff268e3232,23,true,true,pass
24,STD10,"Std($close, 10)/$close",$close,10,false,false,false,false,0.9.7,topics/02_AFML_BIG_WINNER/.venv/lib/python3.11/site-packages/qlib/contrib/data/handler.py,b621481c6009c39066c67c71390fd2bea635f56daf9f2c4e38817eff268e3232,24,true,true,pass
25,STD20,"Std($close, 20)/$close",$close,20,false,false,false,false,0.9.7,topics/02_AFML_BIG_WINNER/.venv/lib/python3.11/site-packages/qlib/contrib/data/handler.py,b621481c6009c39066c67c71390fd2bea635f56daf9f2c4e38817eff268e3232,25,true,true,pass
26,STD30,"Std($close, 30)/$close",$close,30,false,false,false,false,0.9.7,topics/02_AFML_BIG_WINNER/.venv/lib/python3.11/site-packages/qlib/contrib/data/handler.py,b621481c6009c39066c67c71390fd2bea635f56daf9f2c4e38817eff268e3232,26,true,true,pass
27,STD60,"Std($close, 60)/$close",$close,60,false,false,false,false,0.9.7,topics/02_AFML_BIG_WINNER/.venv/lib/python3.11/site-packages/qlib/contrib/data/handler.py,b621481c6009c39066c67c71390fd2bea635f56daf9f2c4e38817eff268e3232,27,true,true,pass
28,BETA5,"Slope($close, 5)/$close",$close,5,false,false,false,false,0.9.7,topics/02_AFML_BIG_WINNER/.venv/lib/python3.11/site-packages/qlib/contrib/data/handler.py,b621481c6009c39066c67c71390fd2bea635f56daf9f2c4e38817eff268e3232,28,true,true,pass
29,BETA10,"Slope($close, 10)/$close",$close,10,false,false,false,false,0.9.7,topics/02_AFML_BIG_WINNER/.venv/lib/python3.11/site-packages/qlib/contrib/data/handler.py,b621481c6009c39066c67c71390fd2bea635f56daf9f2c4e38817eff268e3232,29,true,true,pass
30,BETA20,"Slope($close, 20)/$close",$close,20,false,false,false,false,0.9.7,topics/02_AFML_BIG_WINNER/.venv/lib/python3.11/site-packages/qlib/contrib/data/handler.py,b621481c6009c39066c67c71390fd2bea635f56daf9f2c4e38817eff268e3232,30,true,true,pass
31,BETA30,"Slope($close, 30)/$close",$close,30,false,false,false,false,0.9.7,topics/02_AFML_BIG_WINNER/.venv/lib/python3.11/site-packages/qlib/contrib/data/handler.py,b621481c6009c39066c67c71390fd2bea635f56daf9f2c4e38817eff268e3232,31,true,true,pass
32,BETA60,"Slope($close, 60)/$close",$close,60,false,false,false,false,0.9.7,topics/02_AFML_BIG_WINNER/.venv/lib/python3.11/site-packages/qlib/contrib/data/handler.py,b621481c6009c39066c67c71390fd2bea635f56daf9f2c4e38817eff268e3232,32,true,true,pass
33,RSQR5,"Rsquare($close, 5)",$close,5,false,false,false,false,0.9.7,topics/02_AFML_BIG_WINNER/.venv/lib/python3.11/site-packages/qlib/contrib/data/handler.py,b621481c6009c39066c67c71390fd2bea635f56daf9f2c4e38817eff268e3232,33,true,true,pass
34,RSQR10,"Rsquare($close, 10)",$close,10,false,false,false,false,0.9.7,topics/02_AFML_BIG_WINNER/.venv/lib/python3.11/site-packages/qlib/contrib/data/handler.py,b621481c6009c39066c67c71390fd2bea635f56daf9f2c4e38817eff268e3232,34,true,true,pass
35,RSQR20,"Rsquare($close, 20)",$close,20,false,false,false,false,0.9.7,topics/02_AFML_BIG_WINNER/.venv/lib/python3.11/site-packages/qlib/contrib/data/handler.py,b621481c6009c39066c67c71390fd2bea635f56daf9f2c4e38817eff268e3232,35,true,true,pass
36,RSQR30,"Rsquare($close, 30)",$close,30,false,false,false,false,0.9.7,topics/02_AFML_BIG_WINNER/.venv/lib/python3.11/site-packages/qlib/contrib/data/handler.py,b621481c6009c39066c67c71390fd2bea635f56daf9f2c4e38817eff268e3232,36,true,true,pass
37,RSQR60,"Rsquare($close, 60)",$close,60,false,false,false,false,0.9.7,topics/02_AFML_BIG_WINNER/.venv/lib/python3.11/site-packages/qlib/contrib/data/handler.py,b621481c6009c39066c67c71390fd2bea635f56daf9f2c4e38817eff268e3232,37,true,true,pass
38,RESI5,"Resi($close, 5)/$close",$close,5,false,false,false,false,0.9.7,topics/02_AFML_BIG_WINNER/.venv/lib/python3.11/site-packages/qlib/contrib/data/handler.py,b621481c6009c39066c67c71390fd2bea635f56daf9f2c4e38817eff268e3232,38,true,true,pass
39,RESI10,"Resi($close, 10)/$close",$close,10,false,false,false,false,0.9.7,topics/02_AFML_BIG_WINNER/.venv/lib/python3.11/site-packages/qlib/contrib/data/handler.py,b621481c6009c39066c67c71390fd2bea635f56daf9f2c4e38817eff268e3232,39,true,true,pass
40,RESI20,"Resi($close, 20)/$close",$close,20,false,false,false,false,0.9.7,topics/02_AFML_BIG_WINNER/.venv/lib/python3.11/site-packages/qlib/contrib/data/handler.py,b621481c6009c39066c67c71390fd2bea635f56daf9f2c4e38817eff268e3232,40,true,true,pass
41,RESI30,"Resi($close, 30)/$close",$close,30,false,false,false,false,0.9.7,topics/02_AFML_BIG_WINNER/.venv/lib/python3.11/site-packages/qlib/contrib/data/handler.py,b621481c6009c39066c67c71390fd2bea635f56daf9f2c4e38817eff268e3232,41,true,true,pass
42,RESI60,"Resi($close, 60)/$close",$close,60,false,false,false,false,0.9.7,topics/02_AFML_BIG_WINNER/.venv/lib/python3.11/site-packages/qlib/contrib/data/handler.py,b621481c6009c39066c67c71390fd2bea635f56daf9f2c4e38817eff268e3232,42,true,true,pass
43,MAX5,"Max($high, 5)/$close",$close|$high,5,false,false,false,false,0.9.7,topics/02_AFML_BIG_WINNER/.venv/lib/python3.11/site-packages/qlib/contrib/data/handler.py,b621481c6009c39066c67c71390fd2bea635f56daf9f2c4e38817eff268e3232,43,true,true,pass
44,MAX10,"Max($high, 10)/$close",$close|$high,10,false,false,false,false,0.9.7,topics/02_AFML_BIG_WINNER/.venv/lib/python3.11/site-packages/qlib/contrib/data/handler.py,b621481c6009c39066c67c71390fd2bea635f56daf9f2c4e38817eff268e3232,44,true,true,pass
45,MAX20,"Max($high, 20)/$close",$close|$high,20,false,false,false,false,0.9.7,topics/02_AFML_BIG_WINNER/.venv/lib/python3.11/site-packages/qlib/contrib/data/handler.py,b621481c6009c39066c67c71390fd2bea635f56daf9f2c4e38817eff268e3232,45,true,true,pass
46,MAX30,"Max($high, 30)/$close",$close|$high,30,false,false,false,false,0.9.7,topics/02_AFML_BIG_WINNER/.venv/lib/python3.11/site-packages/qlib/contrib/data/handler.py,b621481c6009c39066c67c71390fd2bea635f56daf9f2c4e38817eff268e3232,46,true,true,pass
47,MAX60,"Max($high, 60)/$close",$close|$high,60,false,false,false,false,0.9.7,topics/02_AFML_BIG_WINNER/.venv/lib/python3.11/site-packages/qlib/contrib/data/handler.py,b621481c6009c39066c67c71390fd2bea635f56daf9f2c4e38817eff268e3232,47,true,true,pass
48,MIN5,"Min($low, 5)/$close",$close|$low,5,false,false,false,false,0.9.7,topics/02_AFML_BIG_WINNER/.venv/lib/python3.11/site-packages/qlib/contrib/data/handler.py,b621481c6009c39066c67c71390fd2bea635f56daf9f2c4e38817eff268e3232,48,true,true,pass
49,MIN10,"Min($low, 10)/$close",$close|$low,10,false,false,false,false,0.9.7,topics/02_AFML_BIG_WINNER/.venv/lib/python3.11/site-packages/qlib/contrib/data/handler.py,b621481c6009c39066c67c71390fd2bea635f56daf9f2c4e38817eff268e3232,49,true,true,pass
50,MIN20,"Min($low, 20)/$close",$close|$low,20,false,false,false,false,0.9.7,topics/02_AFML_BIG_WINNER/.venv/lib/python3.11/site-packages/qlib/contrib/data/handler.py,b621481c6009c39066c67c71390fd2bea635f56daf9f2c4e38817eff268e3232,50,true,true,pass
51,MIN30,"Min($low, 30)/$close",$close|$low,30,false,false,false,false,0.9.7,topics/02_AFML_BIG_WINNER/.venv/lib/python3.11/site-packages/qlib/contrib/data/handler.py,b621481c6009c39066c67c71390fd2bea635f56daf9f2c4e38817eff268e3232,51,true,true,pass
52,MIN60,"Min($low, 60)/$close",$close|$low,60,false,false,false,false,0.9.7,topics/02_AFML_BIG_WINNER/.venv/lib/python3.11/site-packages/qlib/contrib/data/handler.py,b621481c6009c39066c67c71390fd2bea635f56daf9f2c4e38817eff268e3232,52,true,true,pass
53,QTLU5,"Quantile($close, 5, 0.8)/$close",$close,1,false,false,false,false,0.9.7,topics/02_AFML_BIG_WINNER/.venv/lib/python3.11/site-packages/qlib/contrib/data/handler.py,b621481c6009c39066c67c71390fd2bea635f56daf9f2c4e38817eff268e3232,53,true,true,pass
54,QTLU10,"Quantile($close, 10, 0.8)/$close",$close,1,false,false,false,false,0.9.7,topics/02_AFML_BIG_WINNER/.venv/lib/python3.11/site-packages/qlib/contrib/data/handler.py,b621481c6009c39066c67c71390fd2bea635f56daf9f2c4e38817eff268e3232,54,true,true,pass
55,QTLU20,"Quantile($close, 20, 0.8)/$close",$close,1,false,false,false,false,0.9.7,topics/02_AFML_BIG_WINNER/.venv/lib/python3.11/site-packages/qlib/contrib/data/handler.py,b621481c6009c39066c67c71390fd2bea635f56daf9f2c4e38817eff268e3232,55,true,true,pass
56,QTLU30,"Quantile($close, 30, 0.8)/$close",$close,1,false,false,false,false,0.9.7,topics/02_AFML_BIG_WINNER/.venv/lib/python3.11/site-packages/qlib/contrib/data/handler.py,b621481c6009c39066c67c71390fd2bea635f56daf9f2c4e38817eff268e3232,56,true,true,pass
57,QTLU60,"Quantile($close, 60, 0.8)/$close",$close,1,false,false,false,false,0.9.7,topics/02_AFML_BIG_WINNER/.venv/lib/python3.11/site-packages/qlib/contrib/data/handler.py,b621481c6009c39066c67c71390fd2bea635f56daf9f2c4e38817eff268e3232,57,true,true,pass
58,QTLD5,"Quantile($close, 5, 0.2)/$close",$close,1,false,false,false,false,0.9.7,topics/02_AFML_BIG_WINNER/.venv/lib/python3.11/site-packages/qlib/contrib/data/handler.py,b621481c6009c39066c67c71390fd2bea635f56daf9f2c4e38817eff268e3232,58,true,true,pass
59,QTLD10,"Quantile($close, 10, 0.2)/$close",$close,1,false,false,false,false,0.9.7,topics/02_AFML_BIG_WINNER/.venv/lib/python3.11/site-packages/qlib/contrib/data/handler.py,b621481c6009c39066c67c71390fd2bea635f56daf9f2c4e38817eff268e3232,59,true,true,pass
60,QTLD20,"Quantile($close, 20, 0.2)/$close",$close,1,false,false,false,false,0.9.7,topics/02_AFML_BIG_WINNER/.venv/lib/python3.11/site-packages/qlib/contrib/data/handler.py,b621481c6009c39066c67c71390fd2bea635f56daf9f2c4e38817eff268e3232,60,true,true,pass
61,QTLD30,"Quantile($close, 30, 0.2)/$close",$close,1,false,false,false,false,0.9.7,topics/02_AFML_BIG_WINNER/.venv/lib/python3.11/site-packages/qlib/contrib/data/handler.py,b621481c6009c39066c67c71390fd2bea635f56daf9f2c4e38817eff268e3232,61,true,true,pass
62,QTLD60,"Quantile($close, 60, 0.2)/$close",$close,1,false,false,false,false,0.9.7,topics/02_AFML_BIG_WINNER/.venv/lib/python3.11/site-packages/qlib/contrib/data/handler.py,b621481c6009c39066c67c71390fd2bea635f56daf9f2c4e38817eff268e3232,62,true,true,pass
63,RANK5,"Rank($close, 5)",$close,1,false,false,false,false,0.9.7,topics/02_AFML_BIG_WINNER/.venv/lib/python3.11/site-packages/qlib/contrib/data/handler.py,b621481c6009c39066c67c71390fd2bea635f56daf9f2c4e38817eff268e3232,63,true,true,pass
64,RANK10,"Rank($close, 10)",$close,1,false,false,false,false,0.9.7,topics/02_AFML_BIG_WINNER/.venv/lib/python3.11/site-packages/qlib/contrib/data/handler.py,b621481c6009c39066c67c71390fd2bea635f56daf9f2c4e38817eff268e3232,64,true,true,pass
65,RANK20,"Rank($close, 20)",$close,1,false,false,false,false,0.9.7,topics/02_AFML_BIG_WINNER/.venv/lib/python3.11/site-packages/qlib/contrib/data/handler.py,b621481c6009c39066c67c71390fd2bea635f56daf9f2c4e38817eff268e3232,65,true,true,pass
66,RANK30,"Rank($close, 30)",$close,1,false,false,false,false,0.9.7,topics/02_AFML_BIG_WINNER/.venv/lib/python3.11/site-packages/qlib/contrib/data/handler.py,b621481c6009c39066c67c71390fd2bea635f56daf9f2c4e38817eff268e3232,66,true,true,pass
67,RANK60,"Rank($close, 60)",$close,1,false,false,false,false,0.9.7,topics/02_AFML_BIG_WINNER/.venv/lib/python3.11/site-packages/qlib/contrib/data/handler.py,b621481c6009c39066c67c71390fd2bea635f56daf9f2c4e38817eff268e3232,67,true,true,pass
68,RSV5,"($close-Min($low, 5))/(Max($high, 5)-Min($low, 5)+1e-12)",$close|$high|$low,5,false,false,false,false,0.9.7,topics/02_AFML_BIG_WINNER/.venv/lib/python3.11/site-packages/qlib/contrib/data/handler.py,b621481c6009c39066c67c71390fd2bea635f56daf9f2c4e38817eff268e3232,68,true,true,pass
69,RSV10,"($close-Min($low, 10))/(Max($high, 10)-Min($low, 10)+1e-12)",$close|$high|$low,10,false,false,false,false,0.9.7,topics/02_AFML_BIG_WINNER/.venv/lib/python3.11/site-packages/qlib/contrib/data/handler.py,b621481c6009c39066c67c71390fd2bea635f56daf9f2c4e38817eff268e3232,69,true,true,pass
70,RSV20,"($close-Min($low, 20))/(Max($high, 20)-Min($low, 20)+1e-12)",$close|$high|$low,20,false,false,false,false,0.9.7,topics/02_AFML_BIG_WINNER/.venv/lib/python3.11/site-packages/qlib/contrib/data/handler.py,b621481c6009c39066c67c71390fd2bea635f56daf9f2c4e38817eff268e3232,70,true,true,pass
71,RSV30,"($close-Min($low, 30))/(Max($high, 30)-Min($low, 30)+1e-12)",$close|$high|$low,30,false,false,false,false,0.9.7,topics/02_AFML_BIG_WINNER/.venv/lib/python3.11/site-packages/qlib/contrib/data/handler.py,b621481c6009c39066c67c71390fd2bea635f56daf9f2c4e38817eff268e3232,71,true,true,pass
72,RSV60,"($close-Min($low, 60))/(Max($high, 60)-Min($low, 60)+1e-12)",$close|$high|$low,60,false,false,false,false,0.9.7,topics/02_AFML_BIG_WINNER/.venv/lib/python3.11/site-packages/qlib/contrib/data/handler.py,b621481c6009c39066c67c71390fd2bea635f56daf9f2c4e38817eff268e3232,72,true,true,pass
73,IMAX5,"IdxMax($high, 5)/5",$high,5,false,false,false,false,0.9.7,topics/02_AFML_BIG_WINNER/.venv/lib/python3.11/site-packages/qlib/contrib/data/handler.py,b621481c6009c39066c67c71390fd2bea635f56daf9f2c4e38817eff268e3232,73,true,true,pass
74,IMAX10,"IdxMax($high, 10)/10",$high,10,false,false,false,false,0.9.7,topics/02_AFML_BIG_WINNER/.venv/lib/python3.11/site-packages/qlib/contrib/data/handler.py,b621481c6009c39066c67c71390fd2bea635f56daf9f2c4e38817eff268e3232,74,true,true,pass
75,IMAX20,"IdxMax($high, 20)/20",$high,20,false,false,false,false,0.9.7,topics/02_AFML_BIG_WINNER/.venv/lib/python3.11/site-packages/qlib/contrib/data/handler.py,b621481c6009c39066c67c71390fd2bea635f56daf9f2c4e38817eff268e3232,75,true,true,pass
76,IMAX30,"IdxMax($high, 30)/30",$high,30,false,false,false,false,0.9.7,topics/02_AFML_BIG_WINNER/.venv/lib/python3.11/site-packages/qlib/contrib/data/handler.py,b621481c6009c39066c67c71390fd2bea635f56daf9f2c4e38817eff268e3232,76,true,true,pass
77,IMAX60,"IdxMax($high, 60)/60",$high,60,false,false,false,false,0.9.7,topics/02_AFML_BIG_WINNER/.venv/lib/python3.11/site-packages/qlib/contrib/data/handler.py,b621481c6009c39066c67c71390fd2bea635f56daf9f2c4e38817eff268e3232,77,true,true,pass
78,IMIN5,"IdxMin($low, 5)/5",$low,5,false,false,false,false,0.9.7,topics/02_AFML_BIG_WINNER/.venv/lib/python3.11/site-packages/qlib/contrib/data/handler.py,b621481c6009c39066c67c71390fd2bea635f56daf9f2c4e38817eff268e3232,78,true,true,pass
79,IMIN10,"IdxMin($low, 10)/10",$low,10,false,false,false,false,0.9.7,topics/02_AFML_BIG_WINNER/.venv/lib/python3.11/site-packages/qlib/contrib/data/handler.py,b621481c6009c39066c67c71390fd2bea635f56daf9f2c4e38817eff268e3232,79,true,true,pass
80,IMIN20,"IdxMin($low, 20)/20",$low,20,false,false,false,false,0.9.7,topics/02_AFML_BIG_WINNER/.venv/lib/python3.11/site-packages/qlib/contrib/data/handler.py,b621481c6009c39066c67c71390fd2bea635f56daf9f2c4e38817eff268e3232,80,true,true,pass
81,IMIN30,"IdxMin($low, 30)/30",$low,30,false,false,false,false,0.9.7,topics/02_AFML_BIG_WINNER/.venv/lib/python3.11/site-packages/qlib/contrib/data/handler.py,b621481c6009c39066c67c71390fd2bea635f56daf9f2c4e38817eff268e3232,81,true,true,pass
82,IMIN60,"IdxMin($low, 60)/60",$low,60,false,false,false,false,0.9.7,topics/02_AFML_BIG_WINNER/.venv/lib/python3.11/site-packages/qlib/contrib/data/handler.py,b621481c6009c39066c67c71390fd2bea635f56daf9f2c4e38817eff268e3232,82,true,true,pass
83,IMXD5,"(IdxMax($high, 5)-IdxMin($low, 5))/5",$high|$low,5,false,false,false,false,0.9.7,topics/02_AFML_BIG_WINNER/.venv/lib/python3.11/site-packages/qlib/contrib/data/handler.py,b621481c6009c39066c67c71390fd2bea635f56daf9f2c4e38817eff268e3232,83,true,true,pass
84,IMXD10,"(IdxMax($high, 10)-IdxMin($low, 10))/10",$high|$low,10,false,false,false,false,0.9.7,topics/02_AFML_BIG_WINNER/.venv/lib/python3.11/site-packages/qlib/contrib/data/handler.py,b621481c6009c39066c67c71390fd2bea635f56daf9f2c4e38817eff268e3232,84,true,true,pass
85,IMXD20,"(IdxMax($high, 20)-IdxMin($low, 20))/20",$high|$low,20,false,false,false,false,0.9.7,topics/02_AFML_BIG_WINNER/.venv/lib/python3.11/site-packages/qlib/contrib/data/handler.py,b621481c6009c39066c67c71390fd2bea635f56daf9f2c4e38817eff268e3232,85,true,true,pass
86,IMXD30,"(IdxMax($high, 30)-IdxMin($low, 30))/30",$high|$low,30,false,false,false,false,0.9.7,topics/02_AFML_BIG_WINNER/.venv/lib/python3.11/site-packages/qlib/contrib/data/handler.py,b621481c6009c39066c67c71390fd2bea635f56daf9f2c4e38817eff268e3232,86,true,true,pass
87,IMXD60,"(IdxMax($high, 60)-IdxMin($low, 60))/60",$high|$low,60,false,false,false,false,0.9.7,topics/02_AFML_BIG_WINNER/.venv/lib/python3.11/site-packages/qlib/contrib/data/handler.py,b621481c6009c39066c67c71390fd2bea635f56daf9f2c4e38817eff268e3232,87,true,true,pass
88,CORR5,"Corr($close, Log($volume+1), 5)",$close|$volume,1,false,true,false,false,0.9.7,topics/02_AFML_BIG_WINNER/.venv/lib/python3.11/site-packages/qlib/contrib/data/handler.py,b621481c6009c39066c67c71390fd2bea635f56daf9f2c4e38817eff268e3232,88,true,true,pass
89,CORR10,"Corr($close, Log($volume+1), 10)",$close|$volume,1,false,true,false,false,0.9.7,topics/02_AFML_BIG_WINNER/.venv/lib/python3.11/site-packages/qlib/contrib/data/handler.py,b621481c6009c39066c67c71390fd2bea635f56daf9f2c4e38817eff268e3232,89,true,true,pass
90,CORR20,"Corr($close, Log($volume+1), 20)",$close|$volume,1,false,true,false,false,0.9.7,topics/02_AFML_BIG_WINNER/.venv/lib/python3.11/site-packages/qlib/contrib/data/handler.py,b621481c6009c39066c67c71390fd2bea635f56daf9f2c4e38817eff268e3232,90,true,true,pass
91,CORR30,"Corr($close, Log($volume+1), 30)",$close|$volume,1,false,true,false,false,0.9.7,topics/02_AFML_BIG_WINNER/.venv/lib/python3.11/site-packages/qlib/contrib/data/handler.py,b621481c6009c39066c67c71390fd2bea635f56daf9f2c4e38817eff268e3232,91,true,true,pass
92,CORR60,"Corr($close, Log($volume+1), 60)",$close|$volume,1,false,true,false,false,0.9.7,topics/02_AFML_BIG_WINNER/.venv/lib/python3.11/site-packages/qlib/contrib/data/handler.py,b621481c6009c39066c67c71390fd2bea635f56daf9f2c4e38817eff268e3232,92,true,true,pass
93,CORD5,"Corr($close/Ref($close,1), Log($volume/Ref($volume, 1)+1), 5)",$close|$volume,1,false,true,false,false,0.9.7,topics/02_AFML_BIG_WINNER/.venv/lib/python3.11/site-packages/qlib/contrib/data/handler.py,b621481c6009c39066c67c71390fd2bea635f56daf9f2c4e38817eff268e3232,93,true,true,pass
94,CORD10,"Corr($close/Ref($close,1), Log($volume/Ref($volume, 1)+1), 10)",$close|$volume,1,false,true,false,false,0.9.7,topics/02_AFML_BIG_WINNER/.venv/lib/python3.11/site-packages/qlib/contrib/data/handler.py,b621481c6009c39066c67c71390fd2bea635f56daf9f2c4e38817eff268e3232,94,true,true,pass
95,CORD20,"Corr($close/Ref($close,1), Log($volume/Ref($volume, 1)+1), 20)",$close|$volume,1,false,true,false,false,0.9.7,topics/02_AFML_BIG_WINNER/.venv/lib/python3.11/site-packages/qlib/contrib/data/handler.py,b621481c6009c39066c67c71390fd2bea635f56daf9f2c4e38817eff268e3232,95,true,true,pass
96,CORD30,"Corr($close/Ref($close,1), Log($volume/Ref($volume, 1)+1), 30)",$close|$volume,1,false,true,false,false,0.9.7,topics/02_AFML_BIG_WINNER/.venv/lib/python3.11/site-packages/qlib/contrib/data/handler.py,b621481c6009c39066c67c71390fd2bea635f56daf9f2c4e38817eff268e3232,96,true,true,pass
97,CORD60,"Corr($close/Ref($close,1), Log($volume/Ref($volume, 1)+1), 60)",$close|$volume,1,false,true,false,false,0.9.7,topics/02_AFML_BIG_WINNER/.venv/lib/python3.11/site-packages/qlib/contrib/data/handler.py,b621481c6009c39066c67c71390fd2bea635f56daf9f2c4e38817eff268e3232,97,true,true,pass
98,CNTP5,"Mean($close>Ref($close, 1), 5)",$close,1,false,false,false,false,0.9.7,topics/02_AFML_BIG_WINNER/.venv/lib/python3.11/site-packages/qlib/contrib/data/handler.py,b621481c6009c39066c67c71390fd2bea635f56daf9f2c4e38817eff268e3232,98,true,true,pass
99,CNTP10,"Mean($close>Ref($close, 1), 10)",$close,1,false,false,false,false,0.9.7,topics/02_AFML_BIG_WINNER/.venv/lib/python3.11/site-packages/qlib/contrib/data/handler.py,b621481c6009c39066c67c71390fd2bea635f56daf9f2c4e38817eff268e3232,99,true,true,pass
100,CNTP20,"Mean($close>Ref($close, 1), 20)",$close,1,false,false,false,false,0.9.7,topics/02_AFML_BIG_WINNER/.venv/lib/python3.11/site-packages/qlib/contrib/data/handler.py,b621481c6009c39066c67c71390fd2bea635f56daf9f2c4e38817eff268e3232,100,true,true,pass
101,CNTP30,"Mean($close>Ref($close, 1), 30)",$close,1,false,false,false,false,0.9.7,topics/02_AFML_BIG_WINNER/.venv/lib/python3.11/site-packages/qlib/contrib/data/handler.py,b621481c6009c39066c67c71390fd2bea635f56daf9f2c4e38817eff268e3232,101,true,true,pass
102,CNTP60,"Mean($close>Ref($close, 1), 60)",$close,1,false,false,false,false,0.9.7,topics/02_AFML_BIG_WINNER/.venv/lib/python3.11/site-packages/qlib/contrib/data/handler.py,b621481c6009c39066c67c71390fd2bea635f56daf9f2c4e38817eff268e3232,102,true,true,pass
103,CNTN5,"Mean($close<Ref($close, 1), 5)",$close,1,false,false,false,false,0.9.7,topics/02_AFML_BIG_WINNER/.venv/lib/python3.11/site-packages/qlib/contrib/data/handler.py,b621481c6009c39066c67c71390fd2bea635f56daf9f2c4e38817eff268e3232,103,true,true,pass
104,CNTN10,"Mean($close<Ref($close, 1), 10)",$close,1,false,false,false,false,0.9.7,topics/02_AFML_BIG_WINNER/.venv/lib/python3.11/site-packages/qlib/contrib/data/handler.py,b621481c6009c39066c67c71390fd2bea635f56daf9f2c4e38817eff268e3232,104,true,true,pass
105,CNTN20,"Mean($close<Ref($close, 1), 20)",$close,1,false,false,false,false,0.9.7,topics/02_AFML_BIG_WINNER/.venv/lib/python3.11/site-packages/qlib/contrib/data/handler.py,b621481c6009c39066c67c71390fd2bea635f56daf9f2c4e38817eff268e3232,105,true,true,pass
106,CNTN30,"Mean($close<Ref($close, 1), 30)",$close,1,false,false,false,false,0.9.7,topics/02_AFML_BIG_WINNER/.venv/lib/python3.11/site-packages/qlib/contrib/data/handler.py,b621481c6009c39066c67c71390fd2bea635f56daf9f2c4e38817eff268e3232,106,true,true,pass
107,CNTN60,"Mean($close<Ref($close, 1), 60)",$close,1,false,false,false,false,0.9.7,topics/02_AFML_BIG_WINNER/.venv/lib/python3.11/site-packages/qlib/contrib/data/handler.py,b621481c6009c39066c67c71390fd2bea635f56daf9f2c4e38817eff268e3232,107,true,true,pass
108,CNTD5,"Mean($close>Ref($close, 1), 5)-Mean($close<Ref($close, 1), 5)",$close,1,false,false,false,false,0.9.7,topics/02_AFML_BIG_WINNER/.venv/lib/python3.11/site-packages/qlib/contrib/data/handler.py,b621481c6009c39066c67c71390fd2bea635f56daf9f2c4e38817eff268e3232,108,true,true,pass
109,CNTD10,"Mean($close>Ref($close, 1), 10)-Mean($close<Ref($close, 1), 10)",$close,1,false,false,false,false,0.9.7,topics/02_AFML_BIG_WINNER/.venv/lib/python3.11/site-packages/qlib/contrib/data/handler.py,b621481c6009c39066c67c71390fd2bea635f56daf9f2c4e38817eff268e3232,109,true,true,pass
110,CNTD20,"Mean($close>Ref($close, 1), 20)-Mean($close<Ref($close, 1), 20)",$close,1,false,false,false,false,0.9.7,topics/02_AFML_BIG_WINNER/.venv/lib/python3.11/site-packages/qlib/contrib/data/handler.py,b621481c6009c39066c67c71390fd2bea635f56daf9f2c4e38817eff268e3232,110,true,true,pass
111,CNTD30,"Mean($close>Ref($close, 1), 30)-Mean($close<Ref($close, 1), 30)",$close,1,false,false,false,false,0.9.7,topics/02_AFML_BIG_WINNER/.venv/lib/python3.11/site-packages/qlib/contrib/data/handler.py,b621481c6009c39066c67c71390fd2bea635f56daf9f2c4e38817eff268e3232,111,true,true,pass
112,CNTD60,"Mean($close>Ref($close, 1), 60)-Mean($close<Ref($close, 1), 60)",$close,1,false,false,false,false,0.9.7,topics/02_AFML_BIG_WINNER/.venv/lib/python3.11/site-packages/qlib/contrib/data/handler.py,b621481c6009c39066c67c71390fd2bea635f56daf9f2c4e38817eff268e3232,112,true,true,pass
113,SUMP5,"Sum(Greater($close-Ref($close, 1), 0), 5)/(Sum(Abs($close-Ref($close, 1)), 5)+1e-12)",$close,1,false,false,false,false,0.9.7,topics/02_AFML_BIG_WINNER/.venv/lib/python3.11/site-packages/qlib/contrib/data/handler.py,b621481c6009c39066c67c71390fd2bea635f56daf9f2c4e38817eff268e3232,113,true,true,pass
114,SUMP10,"Sum(Greater($close-Ref($close, 1), 0), 10)/(Sum(Abs($close-Ref($close, 1)), 10)+1e-12)",$close,1,false,false,false,false,0.9.7,topics/02_AFML_BIG_WINNER/.venv/lib/python3.11/site-packages/qlib/contrib/data/handler.py,b621481c6009c39066c67c71390fd2bea635f56daf9f2c4e38817eff268e3232,114,true,true,pass
115,SUMP20,"Sum(Greater($close-Ref($close, 1), 0), 20)/(Sum(Abs($close-Ref($close, 1)), 20)+1e-12)",$close,1,false,false,false,false,0.9.7,topics/02_AFML_BIG_WINNER/.venv/lib/python3.11/site-packages/qlib/contrib/data/handler.py,b621481c6009c39066c67c71390fd2bea635f56daf9f2c4e38817eff268e3232,115,true,true,pass
116,SUMP30,"Sum(Greater($close-Ref($close, 1), 0), 30)/(Sum(Abs($close-Ref($close, 1)), 30)+1e-12)",$close,1,false,false,false,false,0.9.7,topics/02_AFML_BIG_WINNER/.venv/lib/python3.11/site-packages/qlib/contrib/data/handler.py,b621481c6009c39066c67c71390fd2bea635f56daf9f2c4e38817eff268e3232,116,true,true,pass
117,SUMP60,"Sum(Greater($close-Ref($close, 1), 0), 60)/(Sum(Abs($close-Ref($close, 1)), 60)+1e-12)",$close,1,false,false,false,false,0.9.7,topics/02_AFML_BIG_WINNER/.venv/lib/python3.11/site-packages/qlib/contrib/data/handler.py,b621481c6009c39066c67c71390fd2bea635f56daf9f2c4e38817eff268e3232,117,true,true,pass
118,SUMN5,"Sum(Greater(Ref($close, 1)-$close, 0), 5)/(Sum(Abs($close-Ref($close, 1)), 5)+1e-12)",$close,1,false,false,false,false,0.9.7,topics/02_AFML_BIG_WINNER/.venv/lib/python3.11/site-packages/qlib/contrib/data/handler.py,b621481c6009c39066c67c71390fd2bea635f56daf9f2c4e38817eff268e3232,118,true,true,pass
119,SUMN10,"Sum(Greater(Ref($close, 1)-$close, 0), 10)/(Sum(Abs($close-Ref($close, 1)), 10)+1e-12)",$close,1,false,false,false,false,0.9.7,topics/02_AFML_BIG_WINNER/.venv/lib/python3.11/site-packages/qlib/contrib/data/handler.py,b621481c6009c39066c67c71390fd2bea635f56daf9f2c4e38817eff268e3232,119,true,true,pass
120,SUMN20,"Sum(Greater(Ref($close, 1)-$close, 0), 20)/(Sum(Abs($close-Ref($close, 1)), 20)+1e-12)",$close,1,false,false,false,false,0.9.7,topics/02_AFML_BIG_WINNER/.venv/lib/python3.11/site-packages/qlib/contrib/data/handler.py,b621481c6009c39066c67c71390fd2bea635f56daf9f2c4e38817eff268e3232,120,true,true,pass
121,SUMN30,"Sum(Greater(Ref($close, 1)-$close, 0), 30)/(Sum(Abs($close-Ref($close, 1)), 30)+1e-12)",$close,1,false,false,false,false,0.9.7,topics/02_AFML_BIG_WINNER/.venv/lib/python3.11/site-packages/qlib/contrib/data/handler.py,b621481c6009c39066c67c71390fd2bea635f56daf9f2c4e38817eff268e3232,121,true,true,pass
122,SUMN60,"Sum(Greater(Ref($close, 1)-$close, 0), 60)/(Sum(Abs($close-Ref($close, 1)), 60)+1e-12)",$close,1,false,false,false,false,0.9.7,topics/02_AFML_BIG_WINNER/.venv/lib/python3.11/site-packages/qlib/contrib/data/handler.py,b621481c6009c39066c67c71390fd2bea635f56daf9f2c4e38817eff268e3232,122,true,true,pass
123,SUMD5,"(Sum(Greater($close-Ref($close, 1), 0), 5)-Sum(Greater(Ref($close, 1)-$close, 0), 5))/(Sum(Abs($close-Ref($close, 1)), 5)+1e-12)",$close,1,false,false,false,false,0.9.7,topics/02_AFML_BIG_WINNER/.venv/lib/python3.11/site-packages/qlib/contrib/data/handler.py,b621481c6009c39066c67c71390fd2bea635f56daf9f2c4e38817eff268e3232,123,true,true,pass
124,SUMD10,"(Sum(Greater($close-Ref($close, 1), 0), 10)-Sum(Greater(Ref($close, 1)-$close, 0), 10))/(Sum(Abs($close-Ref($close, 1)), 10)+1e-12)",$close,1,false,false,false,false,0.9.7,topics/02_AFML_BIG_WINNER/.venv/lib/python3.11/site-packages/qlib/contrib/data/handler.py,b621481c6009c39066c67c71390fd2bea635f56daf9f2c4e38817eff268e3232,124,true,true,pass
125,SUMD20,"(Sum(Greater($close-Ref($close, 1), 0), 20)-Sum(Greater(Ref($close, 1)-$close, 0), 20))/(Sum(Abs($close-Ref($close, 1)), 20)+1e-12)",$close,1,false,false,false,false,0.9.7,topics/02_AFML_BIG_WINNER/.venv/lib/python3.11/site-packages/qlib/contrib/data/handler.py,b621481c6009c39066c67c71390fd2bea635f56daf9f2c4e38817eff268e3232,125,true,true,pass
126,SUMD30,"(Sum(Greater($close-Ref($close, 1), 0), 30)-Sum(Greater(Ref($close, 1)-$close, 0), 30))/(Sum(Abs($close-Ref($close, 1)), 30)+1e-12)",$close,1,false,false,false,false,0.9.7,topics/02_AFML_BIG_WINNER/.venv/lib/python3.11/site-packages/qlib/contrib/data/handler.py,b621481c6009c39066c67c71390fd2bea635f56daf9f2c4e38817eff268e3232,126,true,true,pass
127,SUMD60,"(Sum(Greater($close-Ref($close, 1), 0), 60)-Sum(Greater(Ref($close, 1)-$close, 0), 60))/(Sum(Abs($close-Ref($close, 1)), 60)+1e-12)",$close,1,false,false,false,false,0.9.7,topics/02_AFML_BIG_WINNER/.venv/lib/python3.11/site-packages/qlib/contrib/data/handler.py,b621481c6009c39066c67c71390fd2bea635f56daf9f2c4e38817eff268e3232,127,true,true,pass
128,VMA5,"Mean($volume, 5)/($volume+1e-12)",$volume,5,false,true,false,false,0.9.7,topics/02_AFML_BIG_WINNER/.venv/lib/python3.11/site-packages/qlib/contrib/data/handler.py,b621481c6009c39066c67c71390fd2bea635f56daf9f2c4e38817eff268e3232,128,true,true,pass
129,VMA10,"Mean($volume, 10)/($volume+1e-12)",$volume,10,false,true,false,false,0.9.7,topics/02_AFML_BIG_WINNER/.venv/lib/python3.11/site-packages/qlib/contrib/data/handler.py,b621481c6009c39066c67c71390fd2bea635f56daf9f2c4e38817eff268e3232,129,true,true,pass
130,VMA20,"Mean($volume, 20)/($volume+1e-12)",$volume,20,false,true,false,false,0.9.7,topics/02_AFML_BIG_WINNER/.venv/lib/python3.11/site-packages/qlib/contrib/data/handler.py,b621481c6009c39066c67c71390fd2bea635f56daf9f2c4e38817eff268e3232,130,true,true,pass
131,VMA30,"Mean($volume, 30)/($volume+1e-12)",$volume,30,false,true,false,false,0.9.7,topics/02_AFML_BIG_WINNER/.venv/lib/python3.11/site-packages/qlib/contrib/data/handler.py,b621481c6009c39066c67c71390fd2bea635f56daf9f2c4e38817eff268e3232,131,true,true,pass
132,VMA60,"Mean($volume, 60)/($volume+1e-12)",$volume,60,false,true,false,false,0.9.7,topics/02_AFML_BIG_WINNER/.venv/lib/python3.11/site-packages/qlib/contrib/data/handler.py,b621481c6009c39066c67c71390fd2bea635f56daf9f2c4e38817eff268e3232,132,true,true,pass
133,VSTD5,"Std($volume, 5)/($volume+1e-12)",$volume,5,false,true,false,false,0.9.7,topics/02_AFML_BIG_WINNER/.venv/lib/python3.11/site-packages/qlib/contrib/data/handler.py,b621481c6009c39066c67c71390fd2bea635f56daf9f2c4e38817eff268e3232,133,true,true,pass
134,VSTD10,"Std($volume, 10)/($volume+1e-12)",$volume,10,false,true,false,false,0.9.7,topics/02_AFML_BIG_WINNER/.venv/lib/python3.11/site-packages/qlib/contrib/data/handler.py,b621481c6009c39066c67c71390fd2bea635f56daf9f2c4e38817eff268e3232,134,true,true,pass
135,VSTD20,"Std($volume, 20)/($volume+1e-12)",$volume,20,false,true,false,false,0.9.7,topics/02_AFML_BIG_WINNER/.venv/lib/python3.11/site-packages/qlib/contrib/data/handler.py,b621481c6009c39066c67c71390fd2bea635f56daf9f2c4e38817eff268e3232,135,true,true,pass
136,VSTD30,"Std($volume, 30)/($volume+1e-12)",$volume,30,false,true,false,false,0.9.7,topics/02_AFML_BIG_WINNER/.venv/lib/python3.11/site-packages/qlib/contrib/data/handler.py,b621481c6009c39066c67c71390fd2bea635f56daf9f2c4e38817eff268e3232,136,true,true,pass
137,VSTD60,"Std($volume, 60)/($volume+1e-12)",$volume,60,false,true,false,false,0.9.7,topics/02_AFML_BIG_WINNER/.venv/lib/python3.11/site-packages/qlib/contrib/data/handler.py,b621481c6009c39066c67c71390fd2bea635f56daf9f2c4e38817eff268e3232,137,true,true,pass
138,WVMA5,"Std(Abs($close/Ref($close, 1)-1)*$volume, 5)/(Mean(Abs($close/Ref($close, 1)-1)*$volume, 5)+1e-12)",$close|$volume,1,false,true,false,false,0.9.7,topics/02_AFML_BIG_WINNER/.venv/lib/python3.11/site-packages/qlib/contrib/data/handler.py,b621481c6009c39066c67c71390fd2bea635f56daf9f2c4e38817eff268e3232,138,true,true,pass
139,WVMA10,"Std(Abs($close/Ref($close, 1)-1)*$volume, 10)/(Mean(Abs($close/Ref($close, 1)-1)*$volume, 10)+1e-12)",$close|$volume,1,false,true,false,false,0.9.7,topics/02_AFML_BIG_WINNER/.venv/lib/python3.11/site-packages/qlib/contrib/data/handler.py,b621481c6009c39066c67c71390fd2bea635f56daf9f2c4e38817eff268e3232,139,true,true,pass
140,WVMA20,"Std(Abs($close/Ref($close, 1)-1)*$volume, 20)/(Mean(Abs($close/Ref($close, 1)-1)*$volume, 20)+1e-12)",$close|$volume,1,false,true,false,false,0.9.7,topics/02_AFML_BIG_WINNER/.venv/lib/python3.11/site-packages/qlib/contrib/data/handler.py,b621481c6009c39066c67c71390fd2bea635f56daf9f2c4e38817eff268e3232,140,true,true,pass
141,WVMA30,"Std(Abs($close/Ref($close, 1)-1)*$volume, 30)/(Mean(Abs($close/Ref($close, 1)-1)*$volume, 30)+1e-12)",$close|$volume,1,false,true,false,false,0.9.7,topics/02_AFML_BIG_WINNER/.venv/lib/python3.11/site-packages/qlib/contrib/data/handler.py,b621481c6009c39066c67c71390fd2bea635f56daf9f2c4e38817eff268e3232,141,true,true,pass
142,WVMA60,"Std(Abs($close/Ref($close, 1)-1)*$volume, 60)/(Mean(Abs($close/Ref($close, 1)-1)*$volume, 60)+1e-12)",$close|$volume,1,false,true,false,false,0.9.7,topics/02_AFML_BIG_WINNER/.venv/lib/python3.11/site-packages/qlib/contrib/data/handler.py,b621481c6009c39066c67c71390fd2bea635f56daf9f2c4e38817eff268e3232,142,true,true,pass
143,VSUMP5,"Sum(Greater($volume-Ref($volume, 1), 0), 5)/(Sum(Abs($volume-Ref($volume, 1)), 5)+1e-12)",$volume,1,false,true,false,false,0.9.7,topics/02_AFML_BIG_WINNER/.venv/lib/python3.11/site-packages/qlib/contrib/data/handler.py,b621481c6009c39066c67c71390fd2bea635f56daf9f2c4e38817eff268e3232,143,true,true,pass
144,VSUMP10,"Sum(Greater($volume-Ref($volume, 1), 0), 10)/(Sum(Abs($volume-Ref($volume, 1)), 10)+1e-12)",$volume,1,false,true,false,false,0.9.7,topics/02_AFML_BIG_WINNER/.venv/lib/python3.11/site-packages/qlib/contrib/data/handler.py,b621481c6009c39066c67c71390fd2bea635f56daf9f2c4e38817eff268e3232,144,true,true,pass
145,VSUMP20,"Sum(Greater($volume-Ref($volume, 1), 0), 20)/(Sum(Abs($volume-Ref($volume, 1)), 20)+1e-12)",$volume,1,false,true,false,false,0.9.7,topics/02_AFML_BIG_WINNER/.venv/lib/python3.11/site-packages/qlib/contrib/data/handler.py,b621481c6009c39066c67c71390fd2bea635f56daf9f2c4e38817eff268e3232,145,true,true,pass
146,VSUMP30,"Sum(Greater($volume-Ref($volume, 1), 0), 30)/(Sum(Abs($volume-Ref($volume, 1)), 30)+1e-12)",$volume,1,false,true,false,false,0.9.7,topics/02_AFML_BIG_WINNER/.venv/lib/python3.11/site-packages/qlib/contrib/data/handler.py,b621481c6009c39066c67c71390fd2bea635f56daf9f2c4e38817eff268e3232,146,true,true,pass
147,VSUMP60,"Sum(Greater($volume-Ref($volume, 1), 0), 60)/(Sum(Abs($volume-Ref($volume, 1)), 60)+1e-12)",$volume,1,false,true,false,false,0.9.7,topics/02_AFML_BIG_WINNER/.venv/lib/python3.11/site-packages/qlib/contrib/data/handler.py,b621481c6009c39066c67c71390fd2bea635f56daf9f2c4e38817eff268e3232,147,true,true,pass
148,VSUMN5,"Sum(Greater(Ref($volume, 1)-$volume, 0), 5)/(Sum(Abs($volume-Ref($volume, 1)), 5)+1e-12)",$volume,1,false,true,false,false,0.9.7,topics/02_AFML_BIG_WINNER/.venv/lib/python3.11/site-packages/qlib/contrib/data/handler.py,b621481c6009c39066c67c71390fd2bea635f56daf9f2c4e38817eff268e3232,148,true,true,pass
149,VSUMN10,"Sum(Greater(Ref($volume, 1)-$volume, 0), 10)/(Sum(Abs($volume-Ref($volume, 1)), 10)+1e-12)",$volume,1,false,true,false,false,0.9.7,topics/02_AFML_BIG_WINNER/.venv/lib/python3.11/site-packages/qlib/contrib/data/handler.py,b621481c6009c39066c67c71390fd2bea635f56daf9f2c4e38817eff268e3232,149,true,true,pass
150,VSUMN20,"Sum(Greater(Ref($volume, 1)-$volume, 0), 20)/(Sum(Abs($volume-Ref($volume, 1)), 20)+1e-12)",$volume,1,false,true,false,false,0.9.7,topics/02_AFML_BIG_WINNER/.venv/lib/python3.11/site-packages/qlib/contrib/data/handler.py,b621481c6009c39066c67c71390fd2bea635f56daf9f2c4e38817eff268e3232,150,true,true,pass
151,VSUMN30,"Sum(Greater(Ref($volume, 1)-$volume, 0), 30)/(Sum(Abs($volume-Ref($volume, 1)), 30)+1e-12)",$volume,1,false,true,false,false,0.9.7,topics/02_AFML_BIG_WINNER/.venv/lib/python3.11/site-packages/qlib/contrib/data/handler.py,b621481c6009c39066c67c71390fd2bea635f56daf9f2c4e38817eff268e3232,151,true,true,pass
152,VSUMN60,"Sum(Greater(Ref($volume, 1)-$volume, 0), 60)/(Sum(Abs($volume-Ref($volume, 1)), 60)+1e-12)",$volume,1,false,true,false,false,0.9.7,topics/02_AFML_BIG_WINNER/.venv/lib/python3.11/site-packages/qlib/contrib/data/handler.py,b621481c6009c39066c67c71390fd2bea635f56daf9f2c4e38817eff268e3232,152,true,true,pass
153,VSUMD5,"(Sum(Greater($volume-Ref($volume, 1), 0), 5)-Sum(Greater(Ref($volume, 1)-$volume, 0), 5))/(Sum(Abs($volume-Ref($volume, 1)), 5)+1e-12)",$volume,1,false,true,false,false,0.9.7,topics/02_AFML_BIG_WINNER/.venv/lib/python3.11/site-packages/qlib/contrib/data/handler.py,b621481c6009c39066c67c71390fd2bea635f56daf9f2c4e38817eff268e3232,153,true,true,pass
154,VSUMD10,"(Sum(Greater($volume-Ref($volume, 1), 0), 10)-Sum(Greater(Ref($volume, 1)-$volume, 0), 10))/(Sum(Abs($volume-Ref($volume, 1)), 10)+1e-12)",$volume,1,false,true,false,false,0.9.7,topics/02_AFML_BIG_WINNER/.venv/lib/python3.11/site-packages/qlib/contrib/data/handler.py,b621481c6009c39066c67c71390fd2bea635f56daf9f2c4e38817eff268e3232,154,true,true,pass
155,VSUMD20,"(Sum(Greater($volume-Ref($volume, 1), 0), 20)-Sum(Greater(Ref($volume, 1)-$volume, 0), 20))/(Sum(Abs($volume-Ref($volume, 1)), 20)+1e-12)",$volume,1,false,true,false,false,0.9.7,topics/02_AFML_BIG_WINNER/.venv/lib/python3.11/site-packages/qlib/contrib/data/handler.py,b621481c6009c39066c67c71390fd2bea635f56daf9f2c4e38817eff268e3232,155,true,true,pass
156,VSUMD30,"(Sum(Greater($volume-Ref($volume, 1), 0), 30)-Sum(Greater(Ref($volume, 1)-$volume, 0), 30))/(Sum(Abs($volume-Ref($volume, 1)), 30)+1e-12)",$volume,1,false,true,false,false,0.9.7,topics/02_AFML_BIG_WINNER/.venv/lib/python3.11/site-packages/qlib/contrib/data/handler.py,b621481c6009c39066c67c71390fd2bea635f56daf9f2c4e38817eff268e3232,156,true,true,pass
157,VSUMD60,"(Sum(Greater($volume-Ref($volume, 1), 0), 60)-Sum(Greater(Ref($volume, 1)-$volume, 0), 60))/(Sum(Abs($volume-Ref($volume, 1)), 60)+1e-12)",$volume,1,false,true,false,false,0.9.7,topics/02_AFML_BIG_WINNER/.venv/lib/python3.11/site-packages/qlib/contrib/data/handler.py,b621481c6009c39066c67c71390fd2bea635f56daf9f2c4e38817eff268e3232,157,true,true,pass
